submission_day,feed_type,submission_count,normalized_submission_count
2022-08-15,PRODUCT_FLAT_FILE_INVLOADER,27,27
2022-08-15,PRODUCT_LIST,28,28
2022-08-15,PRODUCT_LIST_IMAGE,27,27
2022-08-15,PRODUCT_LIST_INVENTORY,27,27
2022-08-15,PRODUCT_LIST_PRICE,27,27
2022-08-15,PRODUCT_LIST_REMOVE,5,5
2022-08-16,PRODUCT_FLAT_FILE_INVLOADER,8,8
2022-08-16,PRODUCT_LIST,7,7
2022-08-16,PRODUCT_LIST_IMAGE,8,8
2022-08-16,PRODUCT_LIST_INVENTORY,8,8
2022-08-16,PRODUCT_LIST_PRICE,8,8
2022-08-16,PRODUCT_LIST_REMOVE,4,4
2022-08-17,PRODUCT_FLAT_FILE_INVLOADER,10,10
2022-08-17,PRODUCT_LIST,10,10
2022-08-17,PRODUCT_LIST_IMAGE,10,10
2022-08-17,PRODUCT_LIST_INVENTORY,10,10
2022-08-17,PRODUCT_LIST_PRICE,10,10
2022-08-17,PRODUCT_LIST_REMOVE,3,3
2022-08-18,PRODUCT_FLAT_FILE_INVLOADER,4,4
2022-08-18,PRODUCT_LIST,4,4
2022-08-18,PRODUCT_LIST_IMAGE,4,4
2022-08-18,PRODUCT_LIST_INVENTORY,4,4
2022-08-18,PRODUCT_LIST_PRICE,4,4
2022-08-18,PRODUCT_LIST_REMOVE,4,4
2022-08-19,PRODUCT_FLAT_FILE_INVLOADER,5,5
2022-08-19,PRODUCT_LIST,5,5
2022-08-19,PRODUCT_LIST_IMAGE,5,5
2022-08-19,PRODUCT_LIST_INVENTORY,5,5
2022-08-19,PRODUCT_LIST_PRICE,5,5
2022-08-19,PRODUCT_LIST_REMOVE,2,2
2022-08-20,PRODUCT_FLAT_FILE_INVLOADER,7,7
2022-08-20,PRODUCT_LIST,7,7
2022-08-20,PRODUCT_LIST_IMAGE,7,7
2022-08-20,PRODUCT_LIST_INVENTORY,7,7
2022-08-20,PRODUCT_LIST_PRICE,7,7
2022-08-21,PRODUCT_FLAT_FILE_INVLOADER,7,7
2022-08-21,PRODUCT_LIST,7,7
2022-08-21,PRODUCT_LIST_IMAGE,7,7
2022-08-21,PRODUCT_LIST_INVENTORY,7,7
2022-08-21,PRODUCT_LIST_PRICE,7,7
2022-08-22,PRODUCT_FLAT_FILE_INVLOADER,6,6
2022-08-22,PRODUCT_LIST,6,6
2022-08-22,PRODUCT_LIST_IMAGE,6,6
2022-08-22,PRODUCT_LIST_INVENTORY,6,6
2022-08-22,PRODUCT_LIST_PRICE,6,6
2022-08-22,PRODUCT_LIST_REMOVE,8,8
2022-08-23,PRODUCT_FLAT_FILE_INVLOADER,8,8
2022-08-23,PRODUCT_LIST,8,8
2022-08-23,PRODUCT_LIST_IMAGE,8,8
2022-08-23,PRODUCT_LIST_INVENTORY,8,8
2022-08-23,PRODUCT_LIST_PRICE,8,8
2022-08-23,PRODUCT_LIST_REMOVE,3,3
2022-08-24,PRODUCT_FLAT_FILE_INVLOADER,8,8
2022-08-24,PRODUCT_LIST,8,8
2022-08-24,PRODUCT_LIST_IMAGE,8,8
2022-08-24,PRODUCT_LIST_INVENTORY,8,8
2022-08-24,PRODUCT_LIST_PRICE,8,8
2022-08-24,PRODUCT_LIST_REMOVE,3,3
2022-08-25,PRODUCT_FLAT_FILE_INVLOADER,9,9
2022-08-25,PRODUCT_LIST,9,9
2022-08-25,PRODUCT_LIST_IMAGE,9,9
2022-08-25,PRODUCT_LIST_INVENTORY,9,9
2022-08-25,PRODUCT_LIST_PRICE,9,9
2022-08-25,PRODUCT_LIST_REMOVE,3,3
2022-08-26,PRODUCT_FLAT_FILE_INVLOADER,9,9
2022-08-26,PRODUCT_LIST,10,10
2022-08-26,PRODUCT_LIST_IMAGE,9,9
2022-08-26,PRODUCT_LIST_INVENTORY,9,9
2022-08-26,PRODUCT_LIST_PRICE,9,9
2022-08-26,PRODUCT_LIST_REMOVE,1,1
2022-08-27,PRODUCT_FLAT_FILE_INVLOADER,18,18
2022-08-27,PRODUCT_LIST,18,18
2022-08-27,PRODUCT_LIST_IMAGE,18,18
2022-08-27,PRODUCT_LIST_INVENTORY,18,18
2022-08-27,PRODUCT_LIST_PRICE,18,18
2022-08-28,PRODUCT_FLAT_FILE_INVLOADER,2,2
2022-08-28,PRODUCT_LIST,2,2
2022-08-28,PRODUCT_LIST_IMAGE,2,2
2022-08-28,PRODUCT_LIST_INVENTORY,2,2
2022-08-28,PRODUCT_LIST_PRICE,2,2
2022-08-29,PRODUCT_FLAT_FILE_INVLOADER,9,9
2022-08-29,PRODUCT_LIST,9,9
2022-08-29,PRODUCT_LIST_IMAGE,9,9
2022-08-29,PRODUCT_LIST_INVENTORY,9,9
2022-08-29,PRODUCT_LIST_PRICE,9,9
2022-08-29,PRODUCT_LIST_REMOVE,1,1
2022-08-30,PRODUCT_FLAT_FILE_INVLOADER,6,6
2022-08-30,PRODUCT_LIST,6,6
2022-08-30,PRODUCT_LIST_IMAGE,6,6
2022-08-30,PRODUCT_LIST_INVENTORY,6,6
2022-08-30,PRODUCT_LIST_PRICE,6,6
2022-08-30,PRODUCT_LIST_REMOVE,1,1
2022-08-31,PRODUCT_FLAT_FILE_INVLOADER,9,9
2022-08-31,PRODUCT_LIST,9,9
2022-08-31,PRODUCT_LIST_IMAGE,9,9
2022-08-31,PRODUCT_LIST_INVENTORY,9,9
2022-08-31,PRODUCT_LIST_PRICE,9,9
2022-08-31,PRODUCT_LIST_REMOVE,1,1
2022-09-01,PRODUCT_FLAT_FILE_INVLOADER,4,4
2022-09-01,PRODUCT_LIST,12,12
2022-09-01,PRODUCT_LIST_IMAGE,4,4
2022-09-01,PRODUCT_LIST_INVENTORY,4,4
2022-09-01,PRODUCT_LIST_PRICE,4,4
2022-09-01,PRODUCT_LIST_REMOVE,2,2
2022-09-02,PRODUCT_LIST,30,30
2022-09-02,PRODUCT_LIST_REMOVE,4,4
2022-09-03,PRODUCT_LIST,5,5
2022-09-04,PRODUCT_LIST,5,5
2022-09-04,PRODUCT_LIST_REMOVE,2,2
2022-09-05,PRODUCT_LIST,8,8
2022-09-06,PRODUCT_LIST,8,8
2022-09-06,PRODUCT_LIST_REMOVE,4,4
2022-09-07,PRODUCT_LIST,8,8
2022-09-08,PRODUCT_LIST,4,4
2022-09-08,PRODUCT_LIST_REMOVE,1,1
2022-09-09,PRODUCT_LIST,33,33
2022-09-09,PRODUCT_LIST_REMOVE,2,2
2022-09-10,PRODUCT_LIST,15,15
2022-09-11,PRODUCT_LIST,13,13
2022-09-12,PRODUCT_LIST,1,1
2022-09-12,PRODUCT_LIST_REMOVE,3,3
2022-09-13,PRODUCT_LIST,12,12
2022-09-13,PRODUCT_LIST_REMOVE,6,6
2022-09-14,PRODUCT_LIST,10,10
2022-09-15,PRODUCT_LIST,11,11
2022-09-16,PRODUCT_LIST,5,5
2022-09-16,PRODUCT_LIST_REMOVE,2,2
2022-09-17,PRODUCT_LIST,11,11
2022-09-18,PRODUCT_LIST,9,9
2022-09-19,PRODUCT_LIST,4,4
2022-09-20,PRODUCT_LIST,9,9
2022-09-20,PRODUCT_LIST_REMOVE,9,9
2022-09-21,PRODUCT_FLAT_FILE_INVLOADER,3,3
2022-09-21,PRODUCT_LIST,4,4
2022-09-21,PRODUCT_LIST_IMAGE,3,3
2022-09-21,PRODUCT_LIST_INVENTORY,3,3
2022-09-21,PRODUCT_LIST_PRICE,3,3
2022-09-22,PRODUCT_FLAT_FILE_INVLOADER,6,6
2022-09-22,PRODUCT_LIST,6,6
2022-09-22,PRODUCT_LIST_IMAGE,6,6
2022-09-22,PRODUCT_LIST_INVENTORY,6,6
2022-09-22,PRODUCT_LIST_PRICE,6,6
2022-09-23,PRODUCT_FLAT_FILE_INVLOADER,5,5
2022-09-23,PRODUCT_LIST,7,7
2022-09-23,PRODUCT_LIST_IMAGE,5,5
2022-09-23,PRODUCT_LIST_INVENTORY,5,5
2022-09-23,PRODUCT_LIST_PRICE,5,5
2022-09-24,PRODUCT_LIST,4,4
2022-09-25,PRODUCT_LIST,8,8
2022-09-26,PRODUCT_FLAT_FILE_INVLOADER,19,19
2022-09-26,PRODUCT_LIST,24,24
2022-09-26,PRODUCT_LIST_IMAGE,19,19
2022-09-26,PRODUCT_LIST_INVENTORY,19,19
2022-09-26,PRODUCT_LIST_PRICE,19,19
2022-09-27,PRODUCT_FLAT_FILE_INVLOADER,137,9
2022-09-27,PRODUCT_LIST,139,11
2022-09-27,PRODUCT_LIST_IMAGE,137,9
2022-09-27,PRODUCT_LIST_INVENTORY,137,9
2022-09-27,PRODUCT_LIST_PRICE,137,9
2022-09-27,PRODUCT_LIST_REMOVE,6,6
2022-09-28,PRODUCT_FLAT_FILE_INVLOADER,149,9
2022-09-28,PRODUCT_LIST,190,11
2022-09-28,PRODUCT_LIST_IMAGE,149,9
2022-09-28,PRODUCT_LIST_INVENTORY,149,9
2022-09-28,PRODUCT_LIST_PRICE,149,9
2022-09-28,PRODUCT_LIST_REMOVE,13,13
2022-09-29,PRODUCT_FLAT_FILE_INVLOADER,23,23
2022-09-29,PRODUCT_LIST,50,50
2022-09-29,PRODUCT_LIST_IMAGE,23,23
2022-09-29,PRODUCT_LIST_INVENTORY,23,23
2022-09-29,PRODUCT_LIST_PRICE,23,23
2022-09-29,PRODUCT_LIST_REMOVE,2,2
2022-09-30,PRODUCT_FLAT_FILE_INVLOADER,5,5
2022-09-30,PRODUCT_LIST,19,19
2022-09-30,PRODUCT_LIST_IMAGE,5,5
2022-09-30,PRODUCT_LIST_INVENTORY,5,5
2022-09-30,PRODUCT_LIST_PRICE,5,5
2022-09-30,PRODUCT_LIST_REMOVE,1,1
2022-10-01,PRODUCT_FLAT_FILE_INVLOADER,6,6
2022-10-01,PRODUCT_LIST,6,6
2022-10-01,PRODUCT_LIST_IMAGE,6,6
2022-10-01,PRODUCT_LIST_INVENTORY,6,6
2022-10-01,PRODUCT_LIST_PRICE,6,6
2022-10-02,PRODUCT_FLAT_FILE_INVLOADER,1,1
2022-10-02,PRODUCT_LIST,1,1
2022-10-02,PRODUCT_LIST_IMAGE,1,1
2022-10-02,PRODUCT_LIST_INVENTORY,1,1
2022-10-02,PRODUCT_LIST_PRICE,1,1
2022-10-03,PRODUCT_FLAT_FILE_INVLOADER,10,10
2022-10-03,PRODUCT_LIST,10,10
2022-10-03,PRODUCT_LIST_IMAGE,10,10
2022-10-03,PRODUCT_LIST_INVENTORY,10,10
2022-10-03,PRODUCT_LIST_PRICE,10,10
2022-10-03,PRODUCT_LIST_REMOVE,7,7
2022-10-04,PRODUCT_FLAT_FILE_INVLOADER,9,9
2022-10-04,PRODUCT_LIST,10,10
2022-10-04,PRODUCT_LIST_IMAGE,9,9
2022-10-04,PRODUCT_LIST_INVENTORY,9,9
2022-10-04,PRODUCT_LIST_PRICE,9,9
2022-10-05,PRODUCT_FLAT_FILE_INVLOADER,18,18
2022-10-05,PRODUCT_LIST,18,18
2022-10-05,PRODUCT_LIST_IMAGE,18,18
2022-10-05,PRODUCT_LIST_INVENTORY,18,18
2022-10-05,PRODUCT_LIST_PRICE,18,18
2022-10-05,PRODUCT_LIST_REMOVE,1,1
2022-10-06,PRODUCT_FLAT_FILE_INVLOADER,6,6
2022-10-06,PRODUCT_LIST,6,6
2022-10-06,PRODUCT_LIST_IMAGE,6,6
2022-10-06,PRODUCT_LIST_INVENTORY,6,6
2022-10-06,PRODUCT_LIST_PRICE,6,6
2022-10-06,PRODUCT_LIST_REMOVE,1,1
2022-10-07,PRODUCT_FLAT_FILE_INVLOADER,9,9
2022-10-07,PRODUCT_LIST,9,9
2022-10-07,PRODUCT_LIST_IMAGE,9,9
2022-10-07,PRODUCT_LIST_INVENTORY,9,9
2022-10-07,PRODUCT_LIST_PRICE,9,9
2022-10-08,PRODUCT_FLAT_FILE_INVLOADER,3,3
2022-10-08,PRODUCT_LIST,3,3
2022-10-08,PRODUCT_LIST_IMAGE,3,3
2022-10-08,PRODUCT_LIST_INVENTORY,3,3
2022-10-08,PRODUCT_LIST_PRICE,3,3
2022-10-09,PRODUCT_FLAT_FILE_INVLOADER,9,9
2022-10-09,PRODUCT_LIST,9,9
2022-10-09,PRODUCT_LIST_IMAGE,9,9
2022-10-09,PRODUCT_LIST_INVENTORY,9,9
2022-10-09,PRODUCT_LIST_PRICE,9,9
2022-10-10,PRODUCT_FLAT_FILE_INVLOADER,20,20
2022-10-10,PRODUCT_LIST,20,20
2022-10-10,PRODUCT_LIST_IMAGE,20,20
2022-10-10,PRODUCT_LIST_INVENTORY,20,20
2022-10-10,PRODUCT_LIST_PRICE,20,20
2022-10-10,PRODUCT_LIST_REMOVE,2,2
2022-10-11,PRODUCT_FLAT_FILE_INVLOADER,16,16
2022-10-11,PRODUCT_LIST,16,16
2022-10-11,PRODUCT_LIST_IMAGE,16,16
2022-10-11,PRODUCT_LIST_INVENTORY,16,16
2022-10-11,PRODUCT_LIST_PRICE,16,16
2022-10-11,PRODUCT_LIST_REMOVE,2,2
2022-10-12,PRODUCT_FLAT_FILE_INVLOADER,9,9
2022-10-12,PRODUCT_LIST,9,9
2022-10-12,PRODUCT_LIST_IMAGE,9,9
2022-10-12,PRODUCT_LIST_INVENTORY,9,9
2022-10-12,PRODUCT_LIST_PRICE,9,9
2022-10-12,PRODUCT_LIST_REMOVE,20,20
2022-10-13,PRODUCT_FLAT_FILE_INVLOADER,9,9
2022-10-13,PRODUCT_LIST,9,9
2022-10-13,PRODUCT_LIST_IMAGE,9,9
2022-10-13,PRODUCT_LIST_INVENTORY,9,9
2022-10-13,PRODUCT_LIST_PRICE,9,9
2022-10-13,PRODUCT_LIST_REMOVE,1,1
2022-10-14,PRODUCT_FLAT_FILE_INVLOADER,11,11
2022-10-14,PRODUCT_LIST,11,11
2022-10-14,PRODUCT_LIST_IMAGE,11,11
2022-10-14,PRODUCT_LIST_INVENTORY,11,11
2022-10-14,PRODUCT_LIST_PRICE,11,11
2022-10-14,PRODUCT_LIST_REMOVE,9,9
2022-10-15,PRODUCT_FLAT_FILE_INVLOADER,11,11
2022-10-15,PRODUCT_LIST,11,11
2022-10-15,PRODUCT_LIST_IMAGE,11,11
2022-10-15,PRODUCT_LIST_INVENTORY,11,11
2022-10-15,PRODUCT_LIST_PRICE,11,11
2022-10-16,PRODUCT_FLAT_FILE_INVLOADER,18,18
2022-10-16,PRODUCT_LIST,19,19
2022-10-16,PRODUCT_LIST_IMAGE,18,18
2022-10-16,PRODUCT_LIST_INVENTORY,18,18
2022-10-16,PRODUCT_LIST_PRICE,18,18
2022-10-17,PRODUCT_FLAT_FILE_INVLOADER,17,17
2022-10-17,PRODUCT_LIST,17,17
2022-10-17,PRODUCT_LIST_IMAGE,17,17
2022-10-17,PRODUCT_LIST_INVENTORY,17,17
2022-10-17,PRODUCT_LIST_PRICE,17,17
2022-10-17,PRODUCT_LIST_REMOVE,1,1
2022-10-18,PRODUCT_FLAT_FILE_INVLOADER,16,16
2022-10-18,PRODUCT_LIST,16,16
2022-10-18,PRODUCT_LIST_IMAGE,16,16
2022-10-18,PRODUCT_LIST_INVENTORY,16,16
2022-10-18,PRODUCT_LIST_PRICE,16,16
2022-10-18,PRODUCT_LIST_REMOVE,3,3
2022-10-19,PRODUCT_FLAT_FILE_INVLOADER,20,20
2022-10-19,PRODUCT_LIST,21,21
2022-10-19,PRODUCT_LIST_IMAGE,20,20
2022-10-19,PRODUCT_LIST_INVENTORY,20,20
2022-10-19,PRODUCT_LIST_PRICE,20,20
2022-10-19,PRODUCT_LIST_REMOVE,7,7
2022-10-20,PRODUCT_FLAT_FILE_INVLOADER,19,19
2022-10-20,PRODUCT_LIST,19,19
2022-10-20,PRODUCT_LIST_IMAGE,19,19
2022-10-20,PRODUCT_LIST_INVENTORY,19,19
2022-10-20,PRODUCT_LIST_PRICE,19,19
2022-10-20,PRODUCT_LIST_REMOVE,31,31
2022-10-21,PRODUCT_FLAT_FILE_INVLOADER,20,20
2022-10-21,PRODUCT_LIST,20,20
2022-10-21,PRODUCT_LIST_IMAGE,20,20
2022-10-21,PRODUCT_LIST_INVENTORY,20,20
2022-10-21,PRODUCT_LIST_PRICE,20,20
2022-10-21,PRODUCT_LIST_REMOVE,1,1
2022-10-22,PRODUCT_FLAT_FILE_INVLOADER,49,49
2022-10-22,PRODUCT_LIST,49,49
2022-10-22,PRODUCT_LIST_IMAGE,49,49
2022-10-22,PRODUCT_LIST_INVENTORY,49,49
2022-10-22,PRODUCT_LIST_PRICE,49,49
2022-10-23,PRODUCT_FLAT_FILE_INVLOADER,27,27
2022-10-23,PRODUCT_LIST,27,27
2022-10-23,PRODUCT_LIST_IMAGE,27,27
2022-10-23,PRODUCT_LIST_INVENTORY,27,27
2022-10-23,PRODUCT_LIST_PRICE,27,27
2022-10-24,PRODUCT_FLAT_FILE_INVLOADER,15,15
2022-10-24,PRODUCT_LIST,15,15
2022-10-24,PRODUCT_LIST_IMAGE,15,15
2022-10-24,PRODUCT_LIST_INVENTORY,15,15
2022-10-24,PRODUCT_LIST_PRICE,15,15
2022-10-24,PRODUCT_LIST_REMOVE,4,4
2022-10-25,PRODUCT_FLAT_FILE_INVLOADER,25,25
2022-10-25,PRODUCT_LIST,28,28
2022-10-25,PRODUCT_LIST_IMAGE,25,25
2022-10-25,PRODUCT_LIST_INVENTORY,25,25
2022-10-25,PRODUCT_LIST_PRICE,25,25
2022-10-25,PRODUCT_LIST_REMOVE,1,1
2022-10-26,PRODUCT_FLAT_FILE_INVLOADER,49,49
2022-10-26,PRODUCT_LIST,49,49
2022-10-26,PRODUCT_LIST_IMAGE,49,49
2022-10-26,PRODUCT_LIST_INVENTORY,49,49
2022-10-26,PRODUCT_LIST_PRICE,49,49
2022-10-27,PRODUCT_FLAT_FILE_INVLOADER,23,23
2022-10-27,PRODUCT_LIST,20,20
2022-10-27,PRODUCT_LIST_IMAGE,23,23
2022-10-27,PRODUCT_LIST_INVENTORY,23,23
2022-10-27,PRODUCT_LIST_PRICE,23,23
2022-10-27,PRODUCT_LIST_REMOVE,2,2
2022-10-28,PRODUCT_FLAT_FILE_INVLOADER,13,13
2022-10-28,PRODUCT_LIST,13,13
2022-10-28,PRODUCT_LIST_IMAGE,13,13
2022-10-28,PRODUCT_LIST_INVENTORY,13,13
2022-10-28,PRODUCT_LIST_PRICE,13,13
2022-10-28,PRODUCT_LIST_REMOVE,5,5
2022-10-29,PRODUCT_FLAT_FILE_INVLOADER,7,7
2022-10-29,PRODUCT_LIST,7,7
2022-10-29,PRODUCT_LIST_IMAGE,7,7
2022-10-29,PRODUCT_LIST_INVENTORY,7,7
2022-10-29,PRODUCT_LIST_PRICE,7,7
2022-10-30,PRODUCT_FLAT_FILE_INVLOADER,5,5
2022-10-30,PRODUCT_LIST,5,5
2022-10-30,PRODUCT_LIST_IMAGE,5,5
2022-10-30,PRODUCT_LIST_INVENTORY,5,5
2022-10-30,PRODUCT_LIST_PRICE,5,5
2022-10-31,PRODUCT_FLAT_FILE_INVLOADER,22,22
2022-10-31,PRODUCT_LIST,22,22
2022-10-31,PRODUCT_LIST_IMAGE,22,22
2022-10-31,PRODUCT_LIST_INVENTORY,22,22
2022-10-31,PRODUCT_LIST_PRICE,22,22
2022-10-31,PRODUCT_LIST_REMOVE,1,1
2022-11-01,PRODUCT_FLAT_FILE_INVLOADER,9,9
2022-11-01,PRODUCT_LIST,9,9
2022-11-01,PRODUCT_LIST_IMAGE,9,9
2022-11-01,PRODUCT_LIST_INVENTORY,9,9
2022-11-01,PRODUCT_LIST_PRICE,9,9
2022-11-01,PRODUCT_LIST_REMOVE,4,4
2022-11-02,PRODUCT_FLAT_FILE_INVLOADER,5,5
2022-11-02,PRODUCT_LIST,5,5
2022-11-02,PRODUCT_LIST_IMAGE,5,5
2022-11-02,PRODUCT_LIST_INVENTORY,5,5
2022-11-02,PRODUCT_LIST_PRICE,5,5
2022-11-03,PRODUCT_FLAT_FILE_INVLOADER,14,14
2022-11-03,PRODUCT_LIST,14,14
2022-11-03,PRODUCT_LIST_IMAGE,14,14
2022-11-03,PRODUCT_LIST_INVENTORY,14,14
2022-11-03,PRODUCT_LIST_PRICE,14,14
2022-11-03,PRODUCT_LIST_REMOVE,8,8
2022-11-04,PRODUCT_FLAT_FILE_INVLOADER,24,24
2022-11-04,PRODUCT_LIST,24,24
2022-11-04,PRODUCT_LIST_IMAGE,24,24
2022-11-04,PRODUCT_LIST_INVENTORY,24,24
2022-11-04,PRODUCT_LIST_PRICE,24,24
2022-11-05,PRODUCT_FLAT_FILE_INVLOADER,21,21
2022-11-05,PRODUCT_LIST,21,21
2022-11-05,PRODUCT_LIST_IMAGE,21,21
2022-11-05,PRODUCT_LIST_INVENTORY,21,21
2022-11-05,PRODUCT_LIST_PRICE,21,21
2022-11-06,PRODUCT_FLAT_FILE_INVLOADER,13,13
2022-11-06,PRODUCT_LIST,13,13
2022-11-06,PRODUCT_LIST_IMAGE,13,13
2022-11-06,PRODUCT_LIST_INVENTORY,13,13
2022-11-06,PRODUCT_LIST_PRICE,13,13
2022-11-07,PRODUCT_FLAT_FILE_INVLOADER,34,34
2022-11-07,PRODUCT_LIST,34,34
2022-11-07,PRODUCT_LIST_IMAGE,34,34
2022-11-07,PRODUCT_LIST_INVENTORY,34,34
2022-11-07,PRODUCT_LIST_PRICE,34,34
2022-11-07,PRODUCT_LIST_REMOVE,1,1
2022-11-08,PRODUCT_FLAT_FILE_INVLOADER,16,16
2022-11-08,PRODUCT_LIST,16,16
2022-11-08,PRODUCT_LIST_IMAGE,16,16
2022-11-08,PRODUCT_LIST_INVENTORY,16,16
2022-11-08,PRODUCT_LIST_PRICE,16,16
2022-11-09,PRODUCT_FLAT_FILE_INVLOADER,104,15
2022-11-09,PRODUCT_LIST,239,15
2022-11-09,PRODUCT_LIST_IMAGE,104,15
2022-11-09,PRODUCT_LIST_INVENTORY,104,15
2022-11-09,PRODUCT_LIST_PRICE,104,15
2022-11-09,PRODUCT_LIST_REMOVE,5,5
2022-11-10,PRODUCT_FLAT_FILE_INVLOADER,1226,15
2022-11-10,PRODUCT_LIST,1174,15
2022-11-10,PRODUCT_LIST_IMAGE,1226,15
2022-11-10,PRODUCT_LIST_INVENTORY,1226,15
2022-11-10,PRODUCT_LIST_PRICE,1226,15
2022-11-10,PRODUCT_LIST_REMOVE,1,1
2022-11-11,PRODUCT_FLAT_FILE_INVLOADER,1103,15
2022-11-11,PRODUCT_LIST,1076,15
2022-11-11,PRODUCT_LIST_IMAGE,1103,15
2022-11-11,PRODUCT_LIST_INVENTORY,1103,15
2022-11-11,PRODUCT_LIST_PRICE,1103,15
2022-11-11,PRODUCT_LIST_REMOVE,1,1
2022-11-12,PRODUCT_FLAT_FILE_INVLOADER,1152,15
2022-11-12,PRODUCT_LIST,1201,15
2022-11-12,PRODUCT_LIST_IMAGE,1152,15
2022-11-12,PRODUCT_LIST_INVENTORY,1152,15
2022-11-12,PRODUCT_LIST_PRICE,1152,15
2022-11-13,PRODUCT_FLAT_FILE_INVLOADER,1205,15
2022-11-13,PRODUCT_LIST,1202,15
2022-11-13,PRODUCT_LIST_IMAGE,1205,15
2022-11-13,PRODUCT_LIST_INVENTORY,1205,15
2022-11-13,PRODUCT_LIST_PRICE,1205,15
2022-11-14,PRODUCT_FLAT_FILE_INVLOADER,1217,15
2022-11-14,PRODUCT_LIST,1136,15
2022-11-14,PRODUCT_LIST_IMAGE,1217,15
2022-11-14,PRODUCT_LIST_INVENTORY,1217,15
2022-11-14,PRODUCT_LIST_PRICE,1217,15
2022-11-14,PRODUCT_LIST_REMOVE,4,4
2022-11-15,PRODUCT_FLAT_FILE_INVLOADER,1123,15
2022-11-15,PRODUCT_LIST,1154,15
2022-11-15,PRODUCT_LIST_IMAGE,1123,15
2022-11-15,PRODUCT_LIST_INVENTORY,1123,15
2022-11-15,PRODUCT_LIST_PRICE,1123,15
2022-11-15,PRODUCT_LIST_REMOVE,4,4
2022-11-16,PRODUCT_FLAT_FILE_INVLOADER,1104,15
2022-11-16,PRODUCT_LIST,1058,15
2022-11-16,PRODUCT_LIST_IMAGE,1104,15
2022-11-16,PRODUCT_LIST_INVENTORY,1104,15
2022-11-16,PRODUCT_LIST_PRICE,1104,15
2022-11-16,PRODUCT_LIST_REMOVE,3,3
2022-11-17,PRODUCT_FLAT_FILE_INVLOADER,410,15
2022-11-17,PRODUCT_LIST,409,15
2022-11-17,PRODUCT_LIST_IMAGE,410,15
2022-11-17,PRODUCT_LIST_INVENTORY,410,15
2022-11-17,PRODUCT_LIST_PRICE,410,15
2022-11-17,PRODUCT_LIST_REMOVE,3,3
2022-11-18,PRODUCT_FLAT_FILE_INVLOADER,11,11
2022-11-18,PRODUCT_LIST,11,11
2022-11-18,PRODUCT_LIST_IMAGE,11,11
2022-11-18,PRODUCT_LIST_INVENTORY,11,11
2022-11-18,PRODUCT_LIST_PRICE,11,11
2022-11-18,PRODUCT_LIST_REMOVE,3,3
2022-11-19,PRODUCT_FLAT_FILE_INVLOADER,24,24
2022-11-19,PRODUCT_LIST,27,27
2022-11-19,PRODUCT_LIST_IMAGE,24,24
2022-11-19,PRODUCT_LIST_INVENTORY,24,24
2022-11-19,PRODUCT_LIST_PRICE,24,24
2022-11-20,PRODUCT_FLAT_FILE_INVLOADER,19,19
2022-11-20,PRODUCT_LIST,16,16
2022-11-20,PRODUCT_LIST_IMAGE,19,19
2022-11-20,PRODUCT_LIST_INVENTORY,19,19
2022-11-20,PRODUCT_LIST_PRICE,19,19
2022-11-21,PRODUCT_FLAT_FILE_INVLOADER,14,14
2022-11-21,PRODUCT_LIST,14,14
2022-11-21,PRODUCT_LIST_IMAGE,14,14
2022-11-21,PRODUCT_LIST_INVENTORY,14,14
2022-11-21,PRODUCT_LIST_PRICE,14,14
2022-11-21,PRODUCT_LIST_REMOVE,1,1
2022-11-22,PRODUCT_FLAT_FILE_INVLOADER,11,11
2022-11-22,PRODUCT_LIST,12,12
2022-11-22,PRODUCT_LIST_IMAGE,11,11
2022-11-22,PRODUCT_LIST_INVENTORY,11,11
2022-11-22,PRODUCT_LIST_PRICE,11,11
2022-11-22,PRODUCT_LIST_REMOVE,1,1
2022-11-23,PRODUCT_FLAT_FILE_INVLOADER,15,15
2022-11-23,PRODUCT_LIST,14,14
2022-11-23,PRODUCT_LIST_IMAGE,15,15
2022-11-23,PRODUCT_LIST_INVENTORY,15,15
2022-11-23,PRODUCT_LIST_PRICE,15,15
2022-11-24,PRODUCT_FLAT_FILE_INVLOADER,11,11
2022-11-24,PRODUCT_LIST,11,11
2022-11-24,PRODUCT_LIST_IMAGE,11,11
2022-11-24,PRODUCT_LIST_INVENTORY,11,11
2022-11-24,PRODUCT_LIST_PRICE,11,11
2022-11-24,PRODUCT_LIST_REMOVE,3,3
2022-11-25,PRODUCT_FLAT_FILE_INVLOADER,10,10
2022-11-25,PRODUCT_LIST,10,10
2022-11-25,PRODUCT_LIST_IMAGE,10,10
2022-11-25,PRODUCT_LIST_INVENTORY,10,10
2022-11-25,PRODUCT_LIST_PRICE,10,10
2022-11-25,PRODUCT_LIST_REMOVE,1,1
2022-11-26,PRODUCT_FLAT_FILE_INVLOADER,14,14
2022-11-26,PRODUCT_LIST,14,14
2022-11-26,PRODUCT_LIST_IMAGE,14,14
2022-11-26,PRODUCT_LIST_INVENTORY,14,14
2022-11-26,PRODUCT_LIST_PRICE,14,14
2022-11-27,PRODUCT_FLAT_FILE_INVLOADER,13,13
2022-11-27,PRODUCT_LIST,13,13
2022-11-27,PRODUCT_LIST_IMAGE,13,13
2022-11-27,PRODUCT_LIST_INVENTORY,13,13
2022-11-27,PRODUCT_LIST_PRICE,13,13
2022-11-28,PRODUCT_FLAT_FILE_INVLOADER,24,24
2022-11-28,PRODUCT_LIST,24,24
2022-11-28,PRODUCT_LIST_IMAGE,24,24
2022-11-28,PRODUCT_LIST_INVENTORY,24,24
2022-11-28,PRODUCT_LIST_PRICE,24,24
2022-11-28,PRODUCT_LIST_REMOVE,1,1
2022-11-29,PRODUCT_FLAT_FILE_INVLOADER,19,19
2022-11-29,PRODUCT_LIST,19,19
2022-11-29,PRODUCT_LIST_IMAGE,19,19
2022-11-29,PRODUCT_LIST_INVENTORY,19,19
2022-11-29,PRODUCT_LIST_PRICE,19,19
2022-11-29,PRODUCT_LIST_REMOVE,1,1
2022-11-30,PRODUCT_FLAT_FILE_INVLOADER,12,12
2022-11-30,PRODUCT_LIST,12,12
2022-11-30,PRODUCT_LIST_IMAGE,12,12
2022-11-30,PRODUCT_LIST_INVENTORY,12,12
2022-11-30,PRODUCT_LIST_PRICE,12,12
2022-11-30,PRODUCT_LIST_REMOVE,11,11
2022-12-01,PRODUCT_FLAT_FILE_INVLOADER,7,7
2022-12-01,PRODUCT_LIST,7,7
2022-12-01,PRODUCT_LIST_IMAGE,7,7
2022-12-01,PRODUCT_LIST_INVENTORY,7,7
2022-12-01,PRODUCT_LIST_PRICE,7,7
2022-12-01,PRODUCT_LIST_REMOVE,2,2
2022-12-02,PRODUCT_FLAT_FILE_INVLOADER,8,8
2022-12-02,PRODUCT_LIST,8,8
2022-12-02,PRODUCT_LIST_IMAGE,8,8
2022-12-02,PRODUCT_LIST_INVENTORY,8,8
2022-12-02,PRODUCT_LIST_PRICE,8,8
2022-12-02,PRODUCT_LIST_REMOVE,5,5
2022-12-03,PRODUCT_FLAT_FILE_INVLOADER,11,11
2022-12-03,PRODUCT_LIST,11,11
2022-12-03,PRODUCT_LIST_IMAGE,11,11
2022-12-03,PRODUCT_LIST_INVENTORY,11,11
2022-12-03,PRODUCT_LIST_PRICE,11,11
2022-12-04,PRODUCT_FLAT_FILE_INVLOADER,4,4
2022-12-04,PRODUCT_LIST,4,4
2022-12-04,PRODUCT_LIST_IMAGE,4,4
2022-12-04,PRODUCT_LIST_INVENTORY,4,4
2022-12-04,PRODUCT_LIST_PRICE,4,4
2022-12-04,PRODUCT_LIST_REMOVE,1,1
2022-12-05,PRODUCT_FLAT_FILE_INVLOADER,11,11
2022-12-05,PRODUCT_LIST,11,11
2022-12-05,PRODUCT_LIST_IMAGE,11,11
2022-12-05,PRODUCT_LIST_INVENTORY,11,11
2022-12-05,PRODUCT_LIST_PRICE,11,11
2022-12-05,PRODUCT_LIST_REMOVE,3,3
2022-12-06,PRODUCT_FLAT_FILE_INVLOADER,20,20
2022-12-06,PRODUCT_LIST,20,20
2022-12-06,PRODUCT_LIST_IMAGE,20,20
2022-12-06,PRODUCT_LIST_INVENTORY,20,20
2022-12-06,PRODUCT_LIST_PRICE,20,20
2022-12-06,PRODUCT_LIST_REMOVE,1,1
2022-12-07,PRODUCT_FLAT_FILE_INVLOADER,15,15
2022-12-07,PRODUCT_LIST,15,15
2022-12-07,PRODUCT_LIST_IMAGE,15,15
2022-12-07,PRODUCT_LIST_INVENTORY,15,15
2022-12-07,PRODUCT_LIST_PRICE,15,15
2022-12-07,PRODUCT_LIST_REMOVE,2,2
2022-12-08,PRODUCT_FLAT_FILE_INVLOADER,13,13
2022-12-08,PRODUCT_LIST,13,13
2022-12-08,PRODUCT_LIST_IMAGE,13,13
2022-12-08,PRODUCT_LIST_INVENTORY,13,13
2022-12-08,PRODUCT_LIST_PRICE,13,13
2022-12-08,PRODUCT_LIST_REMOVE,25,25
2022-12-09,PRODUCT_FLAT_FILE_INVLOADER,10,10
2022-12-09,PRODUCT_LIST,10,10
2022-12-09,PRODUCT_LIST_IMAGE,10,10
2022-12-09,PRODUCT_LIST_INVENTORY,10,10
2022-12-09,PRODUCT_LIST_PRICE,10,10
2022-12-09,PRODUCT_LIST_REMOVE,2,2
2022-12-10,PRODUCT_FLAT_FILE_INVLOADER,19,19
2022-12-10,PRODUCT_LIST,19,19
2022-12-10,PRODUCT_LIST_IMAGE,19,19
2022-12-10,PRODUCT_LIST_INVENTORY,19,19
2022-12-10,PRODUCT_LIST_PRICE,19,19
2022-12-11,PRODUCT_FLAT_FILE_INVLOADER,8,8
2022-12-11,PRODUCT_LIST,8,8
2022-12-11,PRODUCT_LIST_IMAGE,8,8
2022-12-11,PRODUCT_LIST_INVENTORY,8,8
2022-12-11,PRODUCT_LIST_PRICE,8,8
2022-12-12,PRODUCT_FLAT_FILE_INVLOADER,13,13
2022-12-12,PRODUCT_LIST,14,14
2022-12-12,PRODUCT_LIST_IMAGE,13,13
2022-12-12,PRODUCT_LIST_INVENTORY,13,13
2022-12-12,PRODUCT_LIST_PRICE,13,13
2022-12-12,PRODUCT_LIST_REMOVE,4,4
2022-12-13,PRODUCT_FLAT_FILE_INVLOADER,15,15
2022-12-13,PRODUCT_LIST,14,14
2022-12-13,PRODUCT_LIST_IMAGE,15,15
2022-12-13,PRODUCT_LIST_INVENTORY,15,15
2022-12-13,PRODUCT_LIST_PRICE,15,15
2022-12-13,PRODUCT_LIST_REMOVE,1,1
2022-12-14,PRODUCT_FLAT_FILE_INVLOADER,15,15
2022-12-14,PRODUCT_LIST,15,15
2022-12-14,PRODUCT_LIST_IMAGE,15,15
2022-12-14,PRODUCT_LIST_INVENTORY,15,15
2022-12-14,PRODUCT_LIST_PRICE,15,15
2022-12-15,PRODUCT_FLAT_FILE_INVLOADER,10,10
2022-12-15,PRODUCT_LIST,10,10
2022-12-15,PRODUCT_LIST_IMAGE,10,10
2022-12-15,PRODUCT_LIST_INVENTORY,10,10
2022-12-15,PRODUCT_LIST_PRICE,10,10
2022-12-15,PRODUCT_LIST_REMOVE,3,3
2022-12-16,PRODUCT_FLAT_FILE_INVLOADER,12,12
2022-12-16,PRODUCT_LIST,12,12
2022-12-16,PRODUCT_LIST_IMAGE,12,12
2022-12-16,PRODUCT_LIST_INVENTORY,12,12
2022-12-16,PRODUCT_LIST_PRICE,12,12
2022-12-16,PRODUCT_LIST_REMOVE,5,5
2022-12-17,PRODUCT_FLAT_FILE_INVLOADER,14,14
2022-12-17,PRODUCT_LIST,14,14
2022-12-17,PRODUCT_LIST_IMAGE,14,14
2022-12-17,PRODUCT_LIST_INVENTORY,14,14
2022-12-17,PRODUCT_LIST_PRICE,14,14
2022-12-17,PRODUCT_LIST_REMOVE,2,2
2022-12-18,PRODUCT_FLAT_FILE_INVLOADER,10,10
2022-12-18,PRODUCT_LIST,10,10
2022-12-18,PRODUCT_LIST_IMAGE,10,10
2022-12-18,PRODUCT_LIST_INVENTORY,10,10
2022-12-18,PRODUCT_LIST_PRICE,10,10
2022-12-19,PRODUCT_FLAT_FILE_INVLOADER,7,7
2022-12-19,PRODUCT_LIST,7,7
2022-12-19,PRODUCT_LIST_IMAGE,7,7
2022-12-19,PRODUCT_LIST_INVENTORY,7,7
2022-12-19,PRODUCT_LIST_PRICE,7,7
2022-12-19,PRODUCT_LIST_REMOVE,5,5
2022-12-20,PRODUCT_FLAT_FILE_INVLOADER,11,11
2022-12-20,PRODUCT_LIST,13,13
2022-12-20,PRODUCT_LIST_IMAGE,11,11
2022-12-20,PRODUCT_LIST_INVENTORY,11,11
2022-12-20,PRODUCT_LIST_PRICE,11,11
2022-12-20,PRODUCT_LIST_REMOVE,5,5
2022-12-21,PRODUCT_FLAT_FILE_INVLOADER,21,21
2022-12-21,PRODUCT_LIST,20,20
2022-12-21,PRODUCT_LIST_IMAGE,21,21
2022-12-21,PRODUCT_LIST_INVENTORY,21,21
2022-12-21,PRODUCT_LIST_PRICE,21,21
2022-12-21,PRODUCT_LIST_REMOVE,18,18
2022-12-22,PRODUCT_FLAT_FILE_INVLOADER,8,8
2022-12-22,PRODUCT_LIST,8,8
2022-12-22,PRODUCT_LIST_IMAGE,8,8
2022-12-22,PRODUCT_LIST_INVENTORY,8,8
2022-12-22,PRODUCT_LIST_PRICE,8,8
2022-12-22,PRODUCT_LIST_REMOVE,2,2
2022-12-23,PRODUCT_FLAT_FILE_INVLOADER,14,14
2022-12-23,PRODUCT_LIST,14,14
2022-12-23,PRODUCT_LIST_IMAGE,14,14
2022-12-23,PRODUCT_LIST_INVENTORY,14,14
2022-12-23,PRODUCT_LIST_PRICE,14,14
2022-12-24,PRODUCT_FLAT_FILE_INVLOADER,6,6
2022-12-24,PRODUCT_LIST,6,6
2022-12-24,PRODUCT_LIST_IMAGE,6,6
2022-12-24,PRODUCT_LIST_INVENTORY,6,6
2022-12-24,PRODUCT_LIST_PRICE,6,6
2022-12-25,PRODUCT_FLAT_FILE_INVLOADER,24,24
2022-12-25,PRODUCT_LIST,24,24
2022-12-25,PRODUCT_LIST_IMAGE,24,24
2022-12-25,PRODUCT_LIST_INVENTORY,24,24
2022-12-25,PRODUCT_LIST_PRICE,24,24
2022-12-26,PRODUCT_FLAT_FILE_INVLOADER,12,12
2022-12-26,PRODUCT_LIST,12,12
2022-12-26,PRODUCT_LIST_IMAGE,12,12
2022-12-26,PRODUCT_LIST_INVENTORY,12,12
2022-12-26,PRODUCT_LIST_PRICE,12,12
2022-12-27,PRODUCT_FLAT_FILE_INVLOADER,2,2
2022-12-27,PRODUCT_LIST,2,2
2022-12-27,PRODUCT_LIST_IMAGE,2,2
2022-12-27,PRODUCT_LIST_INVENTORY,2,2
2022-12-27,PRODUCT_LIST_PRICE,2,2
2022-12-27,PRODUCT_LIST_REMOVE,1,1
2022-12-28,PRODUCT_FLAT_FILE_INVLOADER,3,3
2022-12-28,PRODUCT_LIST,3,3
2022-12-28,PRODUCT_LIST_IMAGE,3,3
2022-12-28,PRODUCT_LIST_INVENTORY,3,3
2022-12-28,PRODUCT_LIST_PRICE,3,3
2022-12-29,PRODUCT_FLAT_FILE_INVLOADER,13,13
2022-12-29,PRODUCT_LIST,13,13
2022-12-29,PRODUCT_LIST_IMAGE,13,13
2022-12-29,PRODUCT_LIST_INVENTORY,13,13
2022-12-29,PRODUCT_LIST_PRICE,13,13
2022-12-29,PRODUCT_LIST_REMOVE,3,3
2022-12-30,PRODUCT_FLAT_FILE_INVLOADER,10,10
2022-12-30,PRODUCT_LIST,10,10
2022-12-30,PRODUCT_LIST_IMAGE,10,10
2022-12-30,PRODUCT_LIST_INVENTORY,10,10
2022-12-30,PRODUCT_LIST_PRICE,10,10
2022-12-31,PRODUCT_FLAT_FILE_INVLOADER,21,21
2022-12-31,PRODUCT_LIST,30,30
2022-12-31,PRODUCT_LIST_IMAGE,21,21
2022-12-31,PRODUCT_LIST_INVENTORY,21,21
2022-12-31,PRODUCT_LIST_PRICE,21,21
2023-01-01,PRODUCT_FLAT_FILE_INVLOADER,19,19
2023-01-01,PRODUCT_LIST,19,19
2023-01-01,PRODUCT_LIST_IMAGE,19,19
2023-01-01,PRODUCT_LIST_INVENTORY,19,19
2023-01-01,PRODUCT_LIST_PRICE,19,19
2023-01-02,PRODUCT_FLAT_FILE_INVLOADER,25,25
2023-01-02,PRODUCT_LIST,28,28
2023-01-02,PRODUCT_LIST_IMAGE,25,25
2023-01-02,PRODUCT_LIST_INVENTORY,25,25
2023-01-02,PRODUCT_LIST_PRICE,25,25
2023-01-03,PRODUCT_FLAT_FILE_INVLOADER,28,28
2023-01-03,PRODUCT_LIST,37,37
2023-01-03,PRODUCT_LIST_IMAGE,28,28
2023-01-03,PRODUCT_LIST_INVENTORY,28,28
2023-01-03,PRODUCT_LIST_PRICE,28,28
2023-01-03,PRODUCT_LIST_REMOVE,19,19
2023-01-04,PRODUCT_FLAT_FILE_INVLOADER,21,21
2023-01-04,PRODUCT_LIST,25,25
2023-01-04,PRODUCT_LIST_IMAGE,21,21
2023-01-04,PRODUCT_LIST_INVENTORY,21,21
2023-01-04,PRODUCT_LIST_PRICE,21,21
2023-01-04,PRODUCT_LIST_REMOVE,11,11
2023-01-05,PRODUCT_FLAT_FILE_INVLOADER,13,13
2023-01-05,PRODUCT_LIST,12,12
2023-01-05,PRODUCT_LIST_IMAGE,13,13
2023-01-05,PRODUCT_LIST_INVENTORY,13,13
2023-01-05,PRODUCT_LIST_PRICE,13,13
2023-01-05,PRODUCT_LIST_REMOVE,5,5
2023-01-06,PRODUCT_FLAT_FILE_INVLOADER,11,11
2023-01-06,PRODUCT_LIST,11,11
2023-01-06,PRODUCT_LIST_IMAGE,11,11
2023-01-06,PRODUCT_LIST_INVENTORY,11,11
2023-01-06,PRODUCT_LIST_PRICE,11,11
2023-01-06,PRODUCT_LIST_REMOVE,2,2
2023-01-07,PRODUCT_FLAT_FILE_INVLOADER,19,19
2023-01-07,PRODUCT_LIST,19,19
2023-01-07,PRODUCT_LIST_IMAGE,19,19
2023-01-07,PRODUCT_LIST_INVENTORY,19,19
2023-01-07,PRODUCT_LIST_PRICE,19,19
2023-01-08,PRODUCT_FLAT_FILE_INVLOADER,7,7
2023-01-08,PRODUCT_LIST,7,7
2023-01-08,PRODUCT_LIST_IMAGE,7,7
2023-01-08,PRODUCT_LIST_INVENTORY,7,7
2023-01-08,PRODUCT_LIST_PRICE,7,7
2023-01-09,PRODUCT_FLAT_FILE_INVLOADER,10,10
2023-01-09,PRODUCT_LIST,10,10
2023-01-09,PRODUCT_LIST_IMAGE,10,10
2023-01-09,PRODUCT_LIST_INVENTORY,10,10
2023-01-09,PRODUCT_LIST_PRICE,10,10
2023-01-09,PRODUCT_LIST_REMOVE,4,4
2023-01-10,PRODUCT_FLAT_FILE_INVLOADER,165,17
2023-01-10,PRODUCT_LIST,266,18
2023-01-10,PRODUCT_LIST_IMAGE,165,17
2023-01-10,PRODUCT_LIST_INVENTORY,165,17
2023-01-10,PRODUCT_LIST_PRICE,165,17
2023-01-11,PRODUCT_FLAT_FILE_INVLOADER,1154,17
2023-01-11,PRODUCT_LIST,1148,18
2023-01-11,PRODUCT_LIST_IMAGE,1154,17
2023-01-11,PRODUCT_LIST_INVENTORY,1154,17
2023-01-11,PRODUCT_LIST_PRICE,1154,17
2023-01-11,PRODUCT_LIST_REMOVE,2,2
2023-01-12,PRODUCT_FLAT_FILE_INVLOADER,1196,17
2023-01-12,PRODUCT_LIST,1202,18
2023-01-12,PRODUCT_LIST_IMAGE,1196,17
2023-01-12,PRODUCT_LIST_INVENTORY,1196,17
2023-01-12,PRODUCT_LIST_PRICE,1196,17
2023-01-12,PRODUCT_LIST_REMOVE,1,1
2023-01-13,PRODUCT_FLAT_FILE_INVLOADER,1207,17
2023-01-13,PRODUCT_LIST,1145,18
2023-01-13,PRODUCT_LIST_IMAGE,1207,17
2023-01-13,PRODUCT_LIST_INVENTORY,1207,17
2023-01-13,PRODUCT_LIST_PRICE,1207,17
2023-01-13,PRODUCT_LIST_REMOVE,2,2
2023-01-14,PRODUCT_FLAT_FILE_INVLOADER,1237,17
2023-01-14,PRODUCT_LIST,1201,18
2023-01-14,PRODUCT_LIST_IMAGE,1237,17
2023-01-14,PRODUCT_LIST_INVENTORY,1237,17
2023-01-14,PRODUCT_LIST_PRICE,1237,17
2023-01-15,PRODUCT_FLAT_FILE_INVLOADER,1204,17
2023-01-15,PRODUCT_LIST,1251,18
2023-01-15,PRODUCT_LIST_IMAGE,1204,17
2023-01-15,PRODUCT_LIST_INVENTORY,1204,17
2023-01-15,PRODUCT_LIST_PRICE,1204,17
2023-01-16,PRODUCT_FLAT_FILE_INVLOADER,1198,17
2023-01-16,PRODUCT_LIST,1152,18
2023-01-16,PRODUCT_LIST_IMAGE,1198,17
2023-01-16,PRODUCT_LIST_INVENTORY,1198,17
2023-01-16,PRODUCT_LIST_PRICE,1198,17
2023-01-16,PRODUCT_LIST_REMOVE,3,3
2023-01-17,PRODUCT_FLAT_FILE_INVLOADER,1201,17
2023-01-17,PRODUCT_LIST,1201,18
2023-01-17,PRODUCT_LIST_IMAGE,1201,17
2023-01-17,PRODUCT_LIST_INVENTORY,1201,17
2023-01-17,PRODUCT_LIST_PRICE,1201,17
2023-01-17,PRODUCT_LIST_REMOVE,6,6
2023-01-18,PRODUCT_FLAT_FILE_INVLOADER,214,17
2023-01-18,PRODUCT_LIST,213,18
2023-01-18,PRODUCT_LIST_IMAGE,214,17
2023-01-18,PRODUCT_LIST_INVENTORY,214,17
2023-01-18,PRODUCT_LIST_PRICE,214,17
2023-01-18,PRODUCT_LIST_REMOVE,1,1
2023-01-19,PRODUCT_FLAT_FILE_INVLOADER,12,12
2023-01-19,PRODUCT_LIST,12,12
2023-01-19,PRODUCT_LIST_IMAGE,12,12
2023-01-19,PRODUCT_LIST_INVENTORY,12,12
2023-01-19,PRODUCT_LIST_PRICE,12,12
2023-01-20,PRODUCT_FLAT_FILE_INVLOADER,10,10
2023-01-20,PRODUCT_LIST,12,12
2023-01-20,PRODUCT_LIST_IMAGE,10,10
2023-01-20,PRODUCT_LIST_INVENTORY,10,10
2023-01-20,PRODUCT_LIST_PRICE,10,10
2023-01-21,PRODUCT_FLAT_FILE_INVLOADER,130,17
2023-01-21,PRODUCT_LIST,128,18
2023-01-21,PRODUCT_LIST_IMAGE,130,17
2023-01-21,PRODUCT_LIST_INVENTORY,130,17
2023-01-21,PRODUCT_LIST_PRICE,130,17
2023-01-22,PRODUCT_FLAT_FILE_INVLOADER,55,55
2023-01-22,PRODUCT_LIST,56,56
2023-01-22,PRODUCT_LIST_IMAGE,55,55
2023-01-22,PRODUCT_LIST_INVENTORY,55,55
2023-01-22,PRODUCT_LIST_PRICE,55,55
2023-01-23,PRODUCT_FLAT_FILE_INVLOADER,11,11
2023-01-23,PRODUCT_LIST,11,11
2023-01-23,PRODUCT_LIST_IMAGE,11,11
2023-01-23,PRODUCT_LIST_INVENTORY,11,11
2023-01-23,PRODUCT_LIST_PRICE,11,11
2023-01-23,PRODUCT_LIST_REMOVE,6,6
2023-01-24,PRODUCT_FLAT_FILE_INVLOADER,17,17
2023-01-24,PRODUCT_LIST,17,17
2023-01-24,PRODUCT_LIST_IMAGE,17,17
2023-01-24,PRODUCT_LIST_INVENTORY,17,17
2023-01-24,PRODUCT_LIST_PRICE,17,17
2023-01-24,PRODUCT_LIST_REMOVE,1,1
2023-01-25,PRODUCT_FLAT_FILE_INVLOADER,9,9
2023-01-25,PRODUCT_LIST,9,9
2023-01-25,PRODUCT_LIST_IMAGE,9,9
2023-01-25,PRODUCT_LIST_INVENTORY,9,9
2023-01-25,PRODUCT_LIST_PRICE,9,9
2023-01-26,PRODUCT_FLAT_FILE_INVLOADER,6,6
2023-01-26,PRODUCT_LIST,6,6
2023-01-26,PRODUCT_LIST_IMAGE,6,6
2023-01-26,PRODUCT_LIST_INVENTORY,6,6
2023-01-26,PRODUCT_LIST_PRICE,6,6
2023-01-26,PRODUCT_LIST_REMOVE,4,4
2023-01-27,PRODUCT_FLAT_FILE_INVLOADER,12,12
2023-01-27,PRODUCT_LIST,12,12
2023-01-27,PRODUCT_LIST_IMAGE,12,12
2023-01-27,PRODUCT_LIST_INVENTORY,12,12
2023-01-27,PRODUCT_LIST_PRICE,12,12
2023-01-27,PRODUCT_LIST_REMOVE,6,6
2023-01-28,PRODUCT_FLAT_FILE_INVLOADER,14,14
2023-01-28,PRODUCT_LIST,14,14
2023-01-28,PRODUCT_LIST_IMAGE,14,14
2023-01-28,PRODUCT_LIST_INVENTORY,14,14
2023-01-28,PRODUCT_LIST_PRICE,14,14
2023-01-29,PRODUCT_FLAT_FILE_INVLOADER,29,29
2023-01-29,PRODUCT_LIST,33,33
2023-01-29,PRODUCT_LIST_IMAGE,29,29
2023-01-29,PRODUCT_LIST_INVENTORY,29,29
2023-01-29,PRODUCT_LIST_PRICE,29,29
2023-01-30,PRODUCT_FLAT_FILE_INVLOADER,20,20
2023-01-30,PRODUCT_LIST,20,20
2023-01-30,PRODUCT_LIST_IMAGE,20,20
2023-01-30,PRODUCT_LIST_INVENTORY,20,20
2023-01-30,PRODUCT_LIST_PRICE,20,20
2023-01-31,PRODUCT_FLAT_FILE_INVLOADER,11,11
2023-01-31,PRODUCT_LIST,12,12
2023-01-31,PRODUCT_LIST_IMAGE,11,11
2023-01-31,PRODUCT_LIST_INVENTORY,11,11
2023-01-31,PRODUCT_LIST_PRICE,11,11
2023-01-31,PRODUCT_LIST_REMOVE,2,2
2023-02-01,PRODUCT_FLAT_FILE_INVLOADER,15,15
2023-02-01,PRODUCT_LIST,14,14
2023-02-01,PRODUCT_LIST_IMAGE,15,15
2023-02-01,PRODUCT_LIST_INVENTORY,15,15
2023-02-01,PRODUCT_LIST_PRICE,15,15
2023-02-02,PRODUCT_FLAT_FILE_INVLOADER,18,18
2023-02-02,PRODUCT_LIST,18,18
2023-02-02,PRODUCT_LIST_IMAGE,18,18
2023-02-02,PRODUCT_LIST_INVENTORY,18,18
2023-02-02,PRODUCT_LIST_PRICE,18,18
2023-02-02,PRODUCT_LIST_REMOVE,1,1
2023-02-03,PRODUCT_FLAT_FILE_INVLOADER,13,13
2023-02-03,PRODUCT_LIST,14,14
2023-02-03,PRODUCT_LIST_IMAGE,13,13
2023-02-03,PRODUCT_LIST_INVENTORY,13,13
2023-02-03,PRODUCT_LIST_PRICE,13,13
2023-02-03,PRODUCT_LIST_REMOVE,3,3
2023-02-04,PRODUCT_FLAT_FILE_INVLOADER,20,20
2023-02-04,PRODUCT_LIST,19,19
2023-02-04,PRODUCT_LIST_IMAGE,20,20
2023-02-04,PRODUCT_LIST_INVENTORY,20,20
2023-02-04,PRODUCT_LIST_PRICE,20,20
2023-02-05,PRODUCT_FLAT_FILE_INVLOADER,7,7
2023-02-05,PRODUCT_LIST,7,7
2023-02-05,PRODUCT_LIST_IMAGE,7,7
2023-02-05,PRODUCT_LIST_INVENTORY,7,7
2023-02-05,PRODUCT_LIST_PRICE,7,7
2023-02-06,PRODUCT_FLAT_FILE_INVLOADER,9,9
2023-02-06,PRODUCT_LIST,9,9
2023-02-06,PRODUCT_LIST_IMAGE,9,9
2023-02-06,PRODUCT_LIST_INVENTORY,9,9
2023-02-06,PRODUCT_LIST_PRICE,9,9
2023-02-07,PRODUCT_FLAT_FILE_INVLOADER,9,9
2023-02-07,PRODUCT_LIST,9,9
2023-02-07,PRODUCT_LIST_IMAGE,9,9
2023-02-07,PRODUCT_LIST_INVENTORY,9,9
2023-02-07,PRODUCT_LIST_PRICE,9,9
2023-02-07,PRODUCT_LIST_REMOVE,2,2
2023-02-08,PRODUCT_FLAT_FILE_INVLOADER,19,19
2023-02-08,PRODUCT_LIST,20,20
2023-02-08,PRODUCT_LIST_IMAGE,19,19
2023-02-08,PRODUCT_LIST_INVENTORY,19,19
2023-02-08,PRODUCT_LIST_PRICE,19,19
2023-02-08,PRODUCT_LIST_REMOVE,7,7
2023-02-09,PRODUCT_FLAT_FILE_INVLOADER,12,12
2023-02-09,PRODUCT_LIST,11,11
2023-02-09,PRODUCT_LIST_IMAGE,12,12
2023-02-09,PRODUCT_LIST_INVENTORY,12,12
2023-02-09,PRODUCT_LIST_PRICE,12,12
2023-02-10,PRODUCT_FLAT_FILE_INVLOADER,4,4
2023-02-10,PRODUCT_LIST,4,4
2023-02-10,PRODUCT_LIST_IMAGE,4,4
2023-02-10,PRODUCT_LIST_INVENTORY,4,4
2023-02-10,PRODUCT_LIST_PRICE,4,4
2023-02-11,PRODUCT_FLAT_FILE_INVLOADER,15,15
2023-02-11,PRODUCT_LIST,18,18
2023-02-11,PRODUCT_LIST_IMAGE,15,15
2023-02-11,PRODUCT_LIST_INVENTORY,15,15
2023-02-11,PRODUCT_LIST_PRICE,15,15
2023-02-12,PRODUCT_FLAT_FILE_INVLOADER,5,5
2023-02-12,PRODUCT_LIST,5,5
2023-02-12,PRODUCT_LIST_IMAGE,5,5
2023-02-12,PRODUCT_LIST_INVENTORY,5,5
2023-02-12,PRODUCT_LIST_PRICE,5,5
2023-02-13,PRODUCT_FLAT_FILE_INVLOADER,126,11
2023-02-13,PRODUCT_LIST,178,11
2023-02-13,PRODUCT_LIST_IMAGE,126,11
2023-02-13,PRODUCT_LIST_INVENTORY,126,11
2023-02-13,PRODUCT_LIST_PRICE,126,11
2023-02-13,PRODUCT_LIST_REMOVE,5,5
2023-02-14,PRODUCT_FLAT_FILE_INVLOADER,1201,11
2023-02-14,PRODUCT_LIST,1249,11
2023-02-14,PRODUCT_LIST_IMAGE,1201,11
2023-02-14,PRODUCT_LIST_INVENTORY,1201,11
2023-02-14,PRODUCT_LIST_PRICE,1201,11
2023-02-14,PRODUCT_LIST_REMOVE,3,3
2023-02-15,PRODUCT_FLAT_FILE_INVLOADER,1174,11
2023-02-15,PRODUCT_LIST,1133,11
2023-02-15,PRODUCT_LIST_IMAGE,1174,11
2023-02-15,PRODUCT_LIST_INVENTORY,1174,11
2023-02-15,PRODUCT_LIST_PRICE,1174,11
2023-02-16,PRODUCT_FLAT_FILE_INVLOADER,1204,11
2023-02-16,PRODUCT_LIST,1157,11
2023-02-16,PRODUCT_LIST_IMAGE,1204,11
2023-02-16,PRODUCT_LIST_INVENTORY,1204,11
2023-02-16,PRODUCT_LIST_PRICE,1204,11
2023-02-16,PRODUCT_LIST_REMOVE,1,1
2023-02-17,PRODUCT_FLAT_FILE_INVLOADER,1063,11
2023-02-17,PRODUCT_LIST,1103,11
2023-02-17,PRODUCT_LIST_IMAGE,1063,11
2023-02-17,PRODUCT_LIST_INVENTORY,1063,11
2023-02-17,PRODUCT_LIST_PRICE,1063,11
2023-02-17,PRODUCT_LIST_REMOVE,3,3
2023-02-18,PRODUCT_FLAT_FILE_INVLOADER,1203,11
2023-02-18,PRODUCT_LIST,1201,11
2023-02-18,PRODUCT_LIST_IMAGE,1203,11
2023-02-18,PRODUCT_LIST_INVENTORY,1203,11
2023-02-18,PRODUCT_LIST_PRICE,1203,11
2023-02-19,PRODUCT_FLAT_FILE_INVLOADER,1200,11
2023-02-19,PRODUCT_LIST,1204,11
2023-02-19,PRODUCT_LIST_IMAGE,1200,11
2023-02-19,PRODUCT_LIST_INVENTORY,1200,11
2023-02-19,PRODUCT_LIST_PRICE,1200,11
2023-02-20,PRODUCT_FLAT_FILE_INVLOADER,1205,11
2023-02-20,PRODUCT_LIST,1201,11
2023-02-20,PRODUCT_LIST_IMAGE,1205,11
2023-02-20,PRODUCT_LIST_INVENTORY,1205,11
2023-02-20,PRODUCT_LIST_PRICE,1205,11
2023-02-20,PRODUCT_LIST_REMOVE,2,2
2023-02-21,PRODUCT_FLAT_FILE_INVLOADER,570,11
2023-02-21,PRODUCT_LIST,525,11
2023-02-21,PRODUCT_LIST_IMAGE,570,11
2023-02-21,PRODUCT_LIST_INVENTORY,570,11
2023-02-21,PRODUCT_LIST_PRICE,570,11
2023-02-21,PRODUCT_LIST_REMOVE,1,1
2023-02-22,PRODUCT_FLAT_FILE_INVLOADER,12,12
2023-02-22,PRODUCT_LIST,12,12
2023-02-22,PRODUCT_LIST_IMAGE,12,12
2023-02-22,PRODUCT_LIST_INVENTORY,12,12
2023-02-22,PRODUCT_LIST_PRICE,12,12
2023-02-23,PRODUCT_FLAT_FILE_INVLOADER,20,20
2023-02-23,PRODUCT_LIST,20,20
2023-02-23,PRODUCT_LIST_IMAGE,20,20
2023-02-23,PRODUCT_LIST_INVENTORY,20,20
2023-02-23,PRODUCT_LIST_PRICE,20,20
2023-02-23,PRODUCT_LIST_REMOVE,3,3
2023-02-24,PRODUCT_FLAT_FILE_INVLOADER,8,8
2023-02-24,PRODUCT_LIST,8,8
2023-02-24,PRODUCT_LIST_IMAGE,8,8
2023-02-24,PRODUCT_LIST_INVENTORY,8,8
2023-02-24,PRODUCT_LIST_PRICE,8,8
2023-02-24,PRODUCT_LIST_REMOVE,1,1
2023-02-25,PRODUCT_FLAT_FILE_INVLOADER,7,7
2023-02-25,PRODUCT_LIST,10,10
2023-02-25,PRODUCT_LIST_IMAGE,7,7
2023-02-25,PRODUCT_LIST_INVENTORY,7,7
2023-02-25,PRODUCT_LIST_PRICE,7,7
2023-02-26,PRODUCT_FLAT_FILE_INVLOADER,1,1
2023-02-26,PRODUCT_LIST_IMAGE,1,1
2023-02-26,PRODUCT_LIST_INVENTORY,1,1
2023-02-26,PRODUCT_LIST_PRICE,1,1
2023-02-27,PRODUCT_FLAT_FILE_INVLOADER,9,9
2023-02-27,PRODUCT_LIST,9,9
2023-02-27,PRODUCT_LIST_IMAGE,9,9
2023-02-27,PRODUCT_LIST_INVENTORY,9,9
2023-02-27,PRODUCT_LIST_PRICE,9,9
2023-02-27,PRODUCT_LIST_REMOVE,1,1
2023-02-28,PRODUCT_FLAT_FILE_INVLOADER,7,7
2023-02-28,PRODUCT_LIST,7,7
2023-02-28,PRODUCT_LIST_IMAGE,7,7
2023-02-28,PRODUCT_LIST_INVENTORY,7,7
2023-02-28,PRODUCT_LIST_PRICE,7,7
2023-03-01,PRODUCT_FLAT_FILE_INVLOADER,12,12
2023-03-01,PRODUCT_LIST,12,12
2023-03-01,PRODUCT_LIST_IMAGE,12,12
2023-03-01,PRODUCT_LIST_INVENTORY,12,12
2023-03-01,PRODUCT_LIST_PRICE,12,12
2023-03-01,PRODUCT_LIST_REMOVE,1,1
2023-03-02,PRODUCT_FLAT_FILE_INVLOADER,13,13
2023-03-02,PRODUCT_LIST,13,13
2023-03-02,PRODUCT_LIST_IMAGE,13,13
2023-03-02,PRODUCT_LIST_INVENTORY,13,13
2023-03-02,PRODUCT_LIST_PRICE,13,13
2023-03-02,PRODUCT_LIST_REMOVE,1,1
2023-03-03,PRODUCT_FLAT_FILE_INVLOADER,13,13
2023-03-03,PRODUCT_LIST,13,13
2023-03-03,PRODUCT_LIST_IMAGE,13,13
2023-03-03,PRODUCT_LIST_INVENTORY,13,13
2023-03-03,PRODUCT_LIST_PRICE,13,13
2023-03-03,PRODUCT_LIST_REMOVE,1,1
2023-03-04,PRODUCT_FLAT_FILE_INVLOADER,13,13
2023-03-04,PRODUCT_LIST,13,13
2023-03-04,PRODUCT_LIST_IMAGE,13,13
2023-03-04,PRODUCT_LIST_INVENTORY,13,13
2023-03-04,PRODUCT_LIST_PRICE,13,13
2023-03-05,PRODUCT_FLAT_FILE_INVLOADER,19,19
2023-03-05,PRODUCT_LIST,20,20
2023-03-05,PRODUCT_LIST_IMAGE,19,19
2023-03-05,PRODUCT_LIST_INVENTORY,19,19
2023-03-05,PRODUCT_LIST_PRICE,19,19
2023-03-06,PRODUCT_FLAT_FILE_INVLOADER,16,16
2023-03-06,PRODUCT_LIST,17,17
2023-03-06,PRODUCT_LIST_IMAGE,16,16
2023-03-06,PRODUCT_LIST_INVENTORY,16,16
2023-03-06,PRODUCT_LIST_PRICE,16,16
2023-03-06,PRODUCT_LIST_REMOVE,4,4
2023-03-07,PRODUCT_FLAT_FILE_INVLOADER,22,22
2023-03-07,PRODUCT_LIST,21,21
2023-03-07,PRODUCT_LIST_IMAGE,22,22
2023-03-07,PRODUCT_LIST_INVENTORY,22,22
2023-03-07,PRODUCT_LIST_PRICE,22,22
2023-03-07,PRODUCT_LIST_REMOVE,3,3
2023-03-08,PRODUCT_FLAT_FILE_INVLOADER,39,39
2023-03-08,PRODUCT_LIST,39,39
2023-03-08,PRODUCT_LIST_IMAGE,39,39
2023-03-08,PRODUCT_LIST_INVENTORY,39,39
2023-03-08,PRODUCT_LIST_PRICE,39,39
2023-03-08,PRODUCT_LIST_REMOVE,15,15
2023-03-09,PRODUCT_FLAT_FILE_INVLOADER,14,14
2023-03-09,PRODUCT_LIST,14,14
2023-03-09,PRODUCT_LIST_IMAGE,14,14
2023-03-09,PRODUCT_LIST_INVENTORY,14,14
2023-03-09,PRODUCT_LIST_PRICE,14,14
2023-03-09,PRODUCT_LIST_REMOVE,6,6
2023-03-10,PRODUCT_FLAT_FILE_INVLOADER,6,6
2023-03-10,PRODUCT_LIST,7,7
2023-03-10,PRODUCT_LIST_IMAGE,7,7
2023-03-10,PRODUCT_LIST_INVENTORY,7,7
2023-03-10,PRODUCT_LIST_PRICE,6,6
2023-03-10,PRODUCT_LIST_REMOVE,10,10
2023-03-11,PRODUCT_FLAT_FILE_INVLOADER,27,27
2023-03-11,PRODUCT_LIST,28,28
2023-03-11,PRODUCT_LIST_IMAGE,27,27
2023-03-11,PRODUCT_LIST_INVENTORY,27,27
2023-03-11,PRODUCT_LIST_PRICE,27,27
2023-03-12,PRODUCT_FLAT_FILE_INVLOADER,18,18
2023-03-12,PRODUCT_LIST,17,17
2023-03-12,PRODUCT_LIST_IMAGE,18,18
2023-03-12,PRODUCT_LIST_INVENTORY,18,18
2023-03-12,PRODUCT_LIST_PRICE,18,18
2023-03-13,PRODUCT_FLAT_FILE_INVLOADER,10,10
2023-03-13,PRODUCT_LIST,10,10
2023-03-13,PRODUCT_LIST_IMAGE,10,10
2023-03-13,PRODUCT_LIST_INVENTORY,10,10
2023-03-13,PRODUCT_LIST_PRICE,10,10
2023-03-13,PRODUCT_LIST_REMOVE,10,10
2023-03-14,PRODUCT_FLAT_FILE_INVLOADER,8,8
2023-03-14,PRODUCT_LIST,8,8
2023-03-14,PRODUCT_LIST_IMAGE,8,8
2023-03-14,PRODUCT_LIST_INVENTORY,8,8
2023-03-14,PRODUCT_LIST_PRICE,8,8
2023-03-15,PRODUCT_FLAT_FILE_INVLOADER,10,10
2023-03-15,PRODUCT_LIST,10,10
2023-03-15,PRODUCT_LIST_IMAGE,10,10
2023-03-15,PRODUCT_LIST_INVENTORY,10,10
2023-03-15,PRODUCT_LIST_PRICE,10,10
2023-03-15,PRODUCT_LIST_REMOVE,3,3
2023-03-16,PRODUCT_FLAT_FILE_INVLOADER,8,8
2023-03-16,PRODUCT_LIST,8,8
2023-03-16,PRODUCT_LIST_IMAGE,8,8
2023-03-16,PRODUCT_LIST_INVENTORY,8,8
2023-03-16,PRODUCT_LIST_PRICE,8,8
2023-03-17,PRODUCT_FLAT_FILE_INVLOADER,11,11
2023-03-17,PRODUCT_LIST,12,12
2023-03-17,PRODUCT_LIST_IMAGE,11,11
2023-03-17,PRODUCT_LIST_INVENTORY,11,11
2023-03-17,PRODUCT_LIST_PRICE,11,11
2023-03-18,PRODUCT_FLAT_FILE_INVLOADER,62,62
2023-03-18,PRODUCT_LIST,61,61
2023-03-18,PRODUCT_LIST_IMAGE,62,62
2023-03-18,PRODUCT_LIST_INVENTORY,62,62
2023-03-18,PRODUCT_LIST_PRICE,62,62
2023-03-19,PRODUCT_FLAT_FILE_INVLOADER,17,17
2023-03-19,PRODUCT_LIST,17,17
2023-03-19,PRODUCT_LIST_IMAGE,17,17
2023-03-19,PRODUCT_LIST_INVENTORY,17,17
2023-03-19,PRODUCT_LIST_PRICE,17,17
2023-03-19,PRODUCT_LIST_REMOVE,1,1
2023-03-20,PRODUCT_FLAT_FILE_INVLOADER,25,25
2023-03-20,PRODUCT_LIST,25,25
2023-03-20,PRODUCT_LIST_IMAGE,25,25
2023-03-20,PRODUCT_LIST_INVENTORY,25,25
2023-03-20,PRODUCT_LIST_PRICE,25,25
2023-03-20,PRODUCT_LIST_REMOVE,14,14
2023-03-21,PRODUCT_FLAT_FILE_INVLOADER,19,19
2023-03-21,PRODUCT_LIST,19,19
2023-03-21,PRODUCT_LIST_IMAGE,19,19
2023-03-21,PRODUCT_LIST_INVENTORY,19,19
2023-03-21,PRODUCT_LIST_PRICE,19,19
2023-03-21,PRODUCT_LIST_REMOVE,16,16
2023-03-22,PRODUCT_FLAT_FILE_INVLOADER,28,28
2023-03-22,PRODUCT_LIST,28,28
2023-03-22,PRODUCT_LIST_IMAGE,28,28
2023-03-22,PRODUCT_LIST_INVENTORY,28,28
2023-03-22,PRODUCT_LIST_PRICE,28,28
2023-03-22,PRODUCT_LIST_REMOVE,3,3
2023-03-23,PRODUCT_FLAT_FILE_INVLOADER,22,22
2023-03-23,PRODUCT_LIST,22,22
2023-03-23,PRODUCT_LIST_IMAGE,22,22
2023-03-23,PRODUCT_LIST_INVENTORY,22,22
2023-03-23,PRODUCT_LIST_PRICE,22,22
2023-03-23,PRODUCT_LIST_REMOVE,1,1
2023-03-24,PRODUCT_FLAT_FILE_INVLOADER,12,12
2023-03-24,PRODUCT_LIST,12,12
2023-03-24,PRODUCT_LIST_IMAGE,12,12
2023-03-24,PRODUCT_LIST_INVENTORY,12,12
2023-03-24,PRODUCT_LIST_PRICE,12,12
2023-03-24,PRODUCT_LIST_REMOVE,3,3
2023-03-25,PRODUCT_FLAT_FILE_INVLOADER,11,11
2023-03-25,PRODUCT_LIST,11,11
2023-03-25,PRODUCT_LIST_IMAGE,11,11
2023-03-25,PRODUCT_LIST_INVENTORY,11,11
2023-03-25,PRODUCT_LIST_PRICE,11,11
2023-03-26,PRODUCT_FLAT_FILE_INVLOADER,16,16
2023-03-26,PRODUCT_LIST,16,16
2023-03-26,PRODUCT_LIST_IMAGE,16,16
2023-03-26,PRODUCT_LIST_INVENTORY,16,16
2023-03-26,PRODUCT_LIST_PRICE,16,16
2023-03-27,PRODUCT_FLAT_FILE_INVLOADER,30,30
2023-03-27,PRODUCT_LIST,31,31
2023-03-27,PRODUCT_LIST_IMAGE,30,30
2023-03-27,PRODUCT_LIST_INVENTORY,30,30
2023-03-27,PRODUCT_LIST_PRICE,30,30
2023-03-27,PRODUCT_LIST_REMOVE,7,7
2023-03-28,PRODUCT_FLAT_FILE_INVLOADER,8,8
2023-03-28,PRODUCT_LIST,7,7
2023-03-28,PRODUCT_LIST_IMAGE,8,8
2023-03-28,PRODUCT_LIST_INVENTORY,8,8
2023-03-28,PRODUCT_LIST_PRICE,8,8
2023-03-28,PRODUCT_LIST_REMOVE,2,2
2023-03-29,PRODUCT_FLAT_FILE_INVLOADER,25,25
2023-03-29,PRODUCT_LIST,28,28
2023-03-29,PRODUCT_LIST_IMAGE,25,25
2023-03-29,PRODUCT_LIST_INVENTORY,25,25
2023-03-29,PRODUCT_LIST_PRICE,25,25
2023-03-30,PRODUCT_FLAT_FILE_INVLOADER,56,56
2023-03-30,PRODUCT_LIST,53,53
2023-03-30,PRODUCT_LIST_IMAGE,56,56
2023-03-30,PRODUCT_LIST_INVENTORY,56,56
2023-03-30,PRODUCT_LIST_PRICE,56,56
2023-03-30,PRODUCT_LIST_REMOVE,3,3
2023-03-31,PRODUCT_FLAT_FILE_INVLOADER,22,22
2023-03-31,PRODUCT_LIST,22,22
2023-03-31,PRODUCT_LIST_IMAGE,22,22
2023-03-31,PRODUCT_LIST_INVENTORY,22,22
2023-03-31,PRODUCT_LIST_PRICE,22,22
2023-03-31,PRODUCT_LIST_REMOVE,1,1
2023-04-01,PRODUCT_FLAT_FILE_INVLOADER,20,20
2023-04-01,PRODUCT_LIST,20,20
2023-04-01,PRODUCT_LIST_IMAGE,20,20
2023-04-01,PRODUCT_LIST_INVENTORY,20,20
2023-04-01,PRODUCT_LIST_PRICE,20,20
2023-04-02,PRODUCT_FLAT_FILE_INVLOADER,7,7
2023-04-02,PRODUCT_LIST,8,8
2023-04-02,PRODUCT_LIST_IMAGE,7,7
2023-04-02,PRODUCT_LIST_INVENTORY,7,7
2023-04-02,PRODUCT_LIST_PRICE,7,7
2023-04-03,PRODUCT_FLAT_FILE_INVLOADER,56,56
2023-04-03,PRODUCT_LIST,57,57
2023-04-03,PRODUCT_LIST_IMAGE,56,56
2023-04-03,PRODUCT_LIST_INVENTORY,56,56
2023-04-03,PRODUCT_LIST_PRICE,56,56
2023-04-03,PRODUCT_LIST_REMOVE,5,5
2023-04-04,PRODUCT_FLAT_FILE_INVLOADER,13,13
2023-04-04,PRODUCT_LIST,11,11
2023-04-04,PRODUCT_LIST_IMAGE,13,13
2023-04-04,PRODUCT_LIST_INVENTORY,13,13
2023-04-04,PRODUCT_LIST_PRICE,13,13
2023-04-04,PRODUCT_LIST_REMOVE,5,5
2023-04-05,PRODUCT_FLAT_FILE_INVLOADER,14,14
2023-04-05,PRODUCT_LIST,14,14
2023-04-05,PRODUCT_LIST_IMAGE,14,14
2023-04-05,PRODUCT_LIST_INVENTORY,14,14
2023-04-05,PRODUCT_LIST_PRICE,14,14
2023-04-06,PRODUCT_FLAT_FILE_INVLOADER,15,15
2023-04-06,PRODUCT_LIST,15,15
2023-04-06,PRODUCT_LIST_IMAGE,15,15
2023-04-06,PRODUCT_LIST_INVENTORY,15,15
2023-04-06,PRODUCT_LIST_PRICE,15,15
2023-04-06,PRODUCT_LIST_REMOVE,5,5
2023-04-07,PRODUCT_FLAT_FILE_INVLOADER,16,16
2023-04-07,PRODUCT_LIST,16,16
2023-04-07,PRODUCT_LIST_IMAGE,16,16
2023-04-07,PRODUCT_LIST_INVENTORY,16,16
2023-04-07,PRODUCT_LIST_PRICE,16,16
2023-04-07,PRODUCT_LIST_REMOVE,1,1
2023-04-08,PRODUCT_FLAT_FILE_INVLOADER,21,21
2023-04-08,PRODUCT_LIST,21,21
2023-04-08,PRODUCT_LIST_IMAGE,21,21
2023-04-08,PRODUCT_LIST_INVENTORY,21,21
2023-04-08,PRODUCT_LIST_PRICE,21,21
2023-04-09,PRODUCT_FLAT_FILE_INVLOADER,6,6
2023-04-09,PRODUCT_LIST,6,6
2023-04-09,PRODUCT_LIST_IMAGE,6,6
2023-04-09,PRODUCT_LIST_INVENTORY,6,6
2023-04-09,PRODUCT_LIST_PRICE,6,6
2023-04-10,PRODUCT_FLAT_FILE_INVLOADER,8,8
2023-04-10,PRODUCT_LIST,9,9
2023-04-10,PRODUCT_LIST_IMAGE,8,8
2023-04-10,PRODUCT_LIST_INVENTORY,8,8
2023-04-10,PRODUCT_LIST_PRICE,8,8
2023-04-10,PRODUCT_LIST_REMOVE,2,2
2023-04-11,PRODUCT_FLAT_FILE_INVLOADER,4,4
2023-04-11,PRODUCT_LIST,3,3
2023-04-11,PRODUCT_LIST_IMAGE,4,4
2023-04-11,PRODUCT_LIST_INVENTORY,4,4
2023-04-11,PRODUCT_LIST_PRICE,4,4
2023-04-11,PRODUCT_LIST_REMOVE,3,3
2023-04-12,PRODUCT_FLAT_FILE_INVLOADER,12,12
2023-04-12,PRODUCT_LIST,12,12
2023-04-12,PRODUCT_LIST_IMAGE,12,12
2023-04-12,PRODUCT_LIST_INVENTORY,12,12
2023-04-12,PRODUCT_LIST_PRICE,12,12
2023-04-12,PRODUCT_LIST_REMOVE,2,2
2023-04-13,PRODUCT_FLAT_FILE_INVLOADER,15,15
2023-04-13,PRODUCT_LIST,15,15
2023-04-13,PRODUCT_LIST_IMAGE,15,15
2023-04-13,PRODUCT_LIST_INVENTORY,15,15
2023-04-13,PRODUCT_LIST_PRICE,15,15
2023-04-14,PRODUCT_FLAT_FILE_INVLOADER,7,7
2023-04-14,PRODUCT_LIST,7,7
2023-04-14,PRODUCT_LIST_IMAGE,7,7
2023-04-14,PRODUCT_LIST_INVENTORY,7,7
2023-04-14,PRODUCT_LIST_PRICE,7,7
2023-04-14,PRODUCT_LIST_REMOVE,2,2
2023-04-15,PRODUCT_FLAT_FILE_INVLOADER,18,18
2023-04-15,PRODUCT_LIST,19,19
2023-04-15,PRODUCT_LIST_IMAGE,18,18
2023-04-15,PRODUCT_LIST_INVENTORY,18,18
2023-04-15,PRODUCT_LIST_PRICE,18,18
2023-04-16,PRODUCT_FLAT_FILE_INVLOADER,8,8
2023-04-16,PRODUCT_LIST,9,9
2023-04-16,PRODUCT_LIST_IMAGE,8,8
2023-04-16,PRODUCT_LIST_INVENTORY,8,8
2023-04-16,PRODUCT_LIST_PRICE,8,8
2023-04-17,PRODUCT_FLAT_FILE_INVLOADER,11,11
2023-04-17,PRODUCT_LIST,10,10
2023-04-17,PRODUCT_LIST_IMAGE,11,11
2023-04-17,PRODUCT_LIST_INVENTORY,11,11
2023-04-17,PRODUCT_LIST_PRICE,11,11
2023-04-17,PRODUCT_LIST_REMOVE,4,4
2023-04-18,PRODUCT_FLAT_FILE_INVLOADER,3,3
2023-04-18,PRODUCT_LIST,4,4
2023-04-18,PRODUCT_LIST_IMAGE,3,3
2023-04-18,PRODUCT_LIST_INVENTORY,3,3
2023-04-18,PRODUCT_LIST_PRICE,3,3
2023-04-18,PRODUCT_LIST_REMOVE,2,2
2023-04-19,PRODUCT_FLAT_FILE_INVLOADER,14,14
2023-04-19,PRODUCT_LIST,13,13
2023-04-19,PRODUCT_LIST_IMAGE,14,14
2023-04-19,PRODUCT_LIST_INVENTORY,14,14
2023-04-19,PRODUCT_LIST_PRICE,14,14
2023-04-20,PRODUCT_FLAT_FILE_INVLOADER,16,16
2023-04-20,PRODUCT_LIST,16,16
2023-04-20,PRODUCT_LIST_IMAGE,16,16
2023-04-20,PRODUCT_LIST_INVENTORY,16,16
2023-04-20,PRODUCT_LIST_PRICE,16,16
2023-04-21,PRODUCT_FLAT_FILE_INVLOADER,13,13
2023-04-21,PRODUCT_LIST,13,13
2023-04-21,PRODUCT_LIST_IMAGE,13,13
2023-04-21,PRODUCT_LIST_INVENTORY,13,13
2023-04-21,PRODUCT_LIST_PRICE,13,13
2023-04-21,PRODUCT_LIST_REMOVE,2,2
2023-04-22,PRODUCT_FLAT_FILE_INVLOADER,7,7
2023-04-22,PRODUCT_LIST,8,8
2023-04-22,PRODUCT_LIST_IMAGE,7,7
2023-04-22,PRODUCT_LIST_INVENTORY,7,7
2023-04-22,PRODUCT_LIST_PRICE,7,7
2023-04-23,PRODUCT_FLAT_FILE_INVLOADER,3,3
2023-04-23,PRODUCT_LIST,3,3
2023-04-23,PRODUCT_LIST_IMAGE,3,3
2023-04-23,PRODUCT_LIST_INVENTORY,3,3
2023-04-23,PRODUCT_LIST_PRICE,3,3
2023-04-24,PRODUCT_FLAT_FILE_INVLOADER,4,4
2023-04-24,PRODUCT_LIST,4,4
2023-04-24,PRODUCT_LIST_IMAGE,4,4
2023-04-24,PRODUCT_LIST_INVENTORY,4,4
2023-04-24,PRODUCT_LIST_PRICE,4,4
2023-04-24,PRODUCT_LIST_REMOVE,2,2
2023-04-25,PRODUCT_FLAT_FILE_INVLOADER,13,13
2023-04-25,PRODUCT_LIST,13,13
2023-04-25,PRODUCT_LIST_IMAGE,13,13
2023-04-25,PRODUCT_LIST_INVENTORY,13,13
2023-04-25,PRODUCT_LIST_PRICE,13,13
2023-04-25,PRODUCT_LIST_REMOVE,5,5
2023-04-26,PRODUCT_FLAT_FILE_INVLOADER,3,3
2023-04-26,PRODUCT_LIST,3,3
2023-04-26,PRODUCT_LIST_IMAGE,3,3
2023-04-26,PRODUCT_LIST_INVENTORY,3,3
2023-04-26,PRODUCT_LIST_PRICE,3,3
2023-04-27,PRODUCT_FLAT_FILE_INVLOADER,8,8
2023-04-27,PRODUCT_LIST,8,8
2023-04-27,PRODUCT_LIST_IMAGE,8,8
2023-04-27,PRODUCT_LIST_INVENTORY,8,8
2023-04-27,PRODUCT_LIST_PRICE,8,8
2023-04-27,PRODUCT_LIST_REMOVE,2,2
2023-04-28,PRODUCT_FLAT_FILE_INVLOADER,7,7
2023-04-28,PRODUCT_LIST,7,7
2023-04-28,PRODUCT_LIST_IMAGE,7,7
2023-04-28,PRODUCT_LIST_INVENTORY,7,7
2023-04-28,PRODUCT_LIST_PRICE,7,7
2023-04-30,PRODUCT_FLAT_FILE_INVLOADER,17,17
2023-04-30,PRODUCT_LIST,17,17
2023-04-30,PRODUCT_LIST_IMAGE,17,17
2023-04-30,PRODUCT_LIST_INVENTORY,17,17
2023-04-30,PRODUCT_LIST_PRICE,17,17
2023-05-01,PRODUCT_FLAT_FILE_INVLOADER,39,39
2023-05-01,PRODUCT_LIST,39,39
2023-05-01,PRODUCT_LIST_IMAGE,39,39
2023-05-01,PRODUCT_LIST_INVENTORY,39,39
2023-05-01,PRODUCT_LIST_PRICE,39,39
2023-05-01,PRODUCT_LIST_REMOVE,3,3
2023-05-02,PRODUCT_FLAT_FILE_INVLOADER,21,21
2023-05-02,PRODUCT_LIST,21,21
2023-05-02,PRODUCT_LIST_IMAGE,21,21
2023-05-02,PRODUCT_LIST_INVENTORY,21,21
2023-05-02,PRODUCT_LIST_PRICE,21,21
2023-05-02,PRODUCT_LIST_REMOVE,10,10
2023-05-03,PRODUCT_FLAT_FILE_INVLOADER,11,11
2023-05-03,PRODUCT_LIST,12,12
2023-05-03,PRODUCT_LIST_IMAGE,11,11
2023-05-03,PRODUCT_LIST_INVENTORY,11,11
2023-05-03,PRODUCT_LIST_PRICE,11,11
2023-05-03,PRODUCT_LIST_REMOVE,3,3
2023-05-04,PRODUCT_FLAT_FILE_INVLOADER,17,17
2023-05-04,PRODUCT_LIST,19,19
2023-05-04,PRODUCT_LIST_IMAGE,17,17
2023-05-04,PRODUCT_LIST_INVENTORY,17,17
2023-05-04,PRODUCT_LIST_PRICE,17,17
2023-05-05,PRODUCT_FLAT_FILE_INVLOADER,6,6
2023-05-05,PRODUCT_LIST,9,9
2023-05-05,PRODUCT_LIST_IMAGE,6,6
2023-05-05,PRODUCT_LIST_INVENTORY,6,6
2023-05-05,PRODUCT_LIST_PRICE,6,6
2023-05-05,PRODUCT_LIST_REMOVE,39,39
2023-05-06,PRODUCT_FLAT_FILE_INVLOADER,8,8
2023-05-06,PRODUCT_LIST,6,6
2023-05-06,PRODUCT_LIST_IMAGE,8,8
2023-05-06,PRODUCT_LIST_INVENTORY,8,8
2023-05-06,PRODUCT_LIST_PRICE,8,8
2023-05-07,PRODUCT_FLAT_FILE_INVLOADER,5,5
2023-05-07,PRODUCT_LIST,6,6
2023-05-07,PRODUCT_LIST_IMAGE,5,5
2023-05-07,PRODUCT_LIST_INVENTORY,5,5
2023-05-07,PRODUCT_LIST_PRICE,5,5
2023-05-08,PRODUCT_FLAT_FILE_INVLOADER,9,9
2023-05-08,PRODUCT_LIST,8,8
2023-05-08,PRODUCT_LIST_IMAGE,9,9
2023-05-08,PRODUCT_LIST_INVENTORY,9,9
2023-05-08,PRODUCT_LIST_PRICE,9,9
2023-05-08,PRODUCT_LIST_REMOVE,2,2
2023-05-09,PRODUCT_FLAT_FILE_INVLOADER,20,20
2023-05-09,PRODUCT_LIST,20,20
2023-05-09,PRODUCT_LIST_IMAGE,20,20
2023-05-09,PRODUCT_LIST_INVENTORY,20,20
2023-05-09,PRODUCT_LIST_PRICE,20,20
2023-05-09,PRODUCT_LIST_REMOVE,7,7
2023-05-10,PRODUCT_FLAT_FILE_INVLOADER,9,9
2023-05-10,PRODUCT_LIST,9,9
2023-05-10,PRODUCT_LIST_IMAGE,9,9
2023-05-10,PRODUCT_LIST_INVENTORY,9,9
2023-05-10,PRODUCT_LIST_PRICE,9,9
2023-05-11,PRODUCT_FLAT_FILE_INVLOADER,18,18
2023-05-11,PRODUCT_LIST,18,18
2023-05-11,PRODUCT_LIST_IMAGE,18,18
2023-05-11,PRODUCT_LIST_INVENTORY,18,18
2023-05-11,PRODUCT_LIST_PRICE,18,18
2023-05-11,PRODUCT_LIST_REMOVE,8,8
2023-05-12,PRODUCT_FLAT_FILE_INVLOADER,6,6
2023-05-12,PRODUCT_LIST,8,8
2023-05-12,PRODUCT_LIST_IMAGE,6,6
2023-05-12,PRODUCT_LIST_INVENTORY,6,6
2023-05-12,PRODUCT_LIST_PRICE,6,6
2023-05-12,PRODUCT_LIST_REMOVE,1,1
2023-05-13,PRODUCT_FLAT_FILE_INVLOADER,6,6
2023-05-13,PRODUCT_LIST,6,6
2023-05-13,PRODUCT_LIST_IMAGE,6,6
2023-05-13,PRODUCT_LIST_INVENTORY,6,6
2023-05-13,PRODUCT_LIST_PRICE,6,6
2023-05-14,PRODUCT_FLAT_FILE_INVLOADER,3,3
2023-05-14,PRODUCT_LIST,3,3
2023-05-14,PRODUCT_LIST_IMAGE,3,3
2023-05-14,PRODUCT_LIST_INVENTORY,3,3
2023-05-14,PRODUCT_LIST_PRICE,3,3
2023-05-14,PRODUCT_LIST_REMOVE,3,3
2023-05-15,PRODUCT_FLAT_FILE_INVLOADER,2,2
2023-05-15,PRODUCT_LIST,2,2
2023-05-15,PRODUCT_LIST_IMAGE,2,2
2023-05-15,PRODUCT_LIST_INVENTORY,2,2
2023-05-15,PRODUCT_LIST_PRICE,2,2
2023-05-15,PRODUCT_LIST_REMOVE,1,1
2023-05-16,PRODUCT_FLAT_FILE_INVLOADER,13,13
2023-05-16,PRODUCT_LIST,13,13
2023-05-16,PRODUCT_LIST_IMAGE,13,13
2023-05-16,PRODUCT_LIST_INVENTORY,13,13
2023-05-16,PRODUCT_LIST_PRICE,13,13
2023-05-16,PRODUCT_LIST_REMOVE,1,1
2023-05-17,PRODUCT_FLAT_FILE_INVLOADER,16,16
2023-05-17,PRODUCT_LIST,16,16
2023-05-17,PRODUCT_LIST_IMAGE,16,16
2023-05-17,PRODUCT_LIST_INVENTORY,16,16
2023-05-17,PRODUCT_LIST_PRICE,16,16
2023-05-18,PRODUCT_FLAT_FILE_INVLOADER,122,11
2023-05-18,PRODUCT_LIST,234,12
2023-05-18,PRODUCT_LIST_IMAGE,122,11
2023-05-18,PRODUCT_LIST_INVENTORY,122,11
2023-05-18,PRODUCT_LIST_PRICE,122,11
2023-05-19,PRODUCT_FLAT_FILE_INVLOADER,1101,11
2023-05-19,PRODUCT_LIST,1039,12
2023-05-19,PRODUCT_LIST_IMAGE,1101,11
2023-05-19,PRODUCT_LIST_INVENTORY,1101,11
2023-05-19,PRODUCT_LIST_PRICE,1101,11
2023-05-20,PRODUCT_FLAT_FILE_INVLOADER,1050,11
2023-05-20,PRODUCT_LIST,1052,12
2023-05-20,PRODUCT_LIST_IMAGE,1050,11
2023-05-20,PRODUCT_LIST_INVENTORY,1050,11
2023-05-20,PRODUCT_LIST_PRICE,1050,11
2023-05-21,PRODUCT_FLAT_FILE_INVLOADER,950,11
2023-05-21,PRODUCT_LIST,953,12
2023-05-21,PRODUCT_LIST_IMAGE,950,11
2023-05-21,PRODUCT_LIST_INVENTORY,950,11
2023-05-21,PRODUCT_LIST_PRICE,950,11
2023-05-22,PRODUCT_FLAT_FILE_INVLOADER,1092,11
2023-05-22,PRODUCT_LIST,1088,12
2023-05-22,PRODUCT_LIST_IMAGE,1092,11
2023-05-22,PRODUCT_LIST_INVENTORY,1092,11
2023-05-22,PRODUCT_LIST_PRICE,1092,11
2023-05-22,PRODUCT_LIST_REMOVE,4,4
2023-05-23,PRODUCT_FLAT_FILE_INVLOADER,1159,11
2023-05-23,PRODUCT_LIST,1109,12
2023-05-23,PRODUCT_LIST_IMAGE,1159,11
2023-05-23,PRODUCT_LIST_INVENTORY,1159,11
2023-05-23,PRODUCT_LIST_PRICE,1159,11
2023-05-23,PRODUCT_LIST_REMOVE,1,1
2023-05-24,PRODUCT_FLAT_FILE_INVLOADER,1107,11
2023-05-24,PRODUCT_LIST,1157,12
2023-05-24,PRODUCT_LIST_IMAGE,1107,11
2023-05-24,PRODUCT_LIST_INVENTORY,1107,11
2023-05-24,PRODUCT_LIST_PRICE,1107,11
2023-05-24,PRODUCT_LIST_REMOVE,4,4
2023-05-25,PRODUCT_FLAT_FILE_INVLOADER,1053,11
2023-05-25,PRODUCT_LIST,1057,12
2023-05-25,PRODUCT_LIST_IMAGE,1053,11
2023-05-25,PRODUCT_LIST_INVENTORY,1053,11
2023-05-25,PRODUCT_LIST_PRICE,1053,11
2023-05-25,PRODUCT_LIST_REMOVE,5,5
2023-05-26,PRODUCT_FLAT_FILE_INVLOADER,754,11
2023-05-26,PRODUCT_LIST,705,12
2023-05-26,PRODUCT_LIST_IMAGE,754,11
2023-05-26,PRODUCT_LIST_INVENTORY,754,11
2023-05-26,PRODUCT_LIST_PRICE,754,11
2023-05-26,PRODUCT_LIST_REMOVE,1,1
2023-05-27,PRODUCT_FLAT_FILE_INVLOADER,7,7
2023-05-27,PRODUCT_LIST,7,7
2023-05-27,PRODUCT_LIST_IMAGE,7,7
2023-05-27,PRODUCT_LIST_INVENTORY,7,7
2023-05-27,PRODUCT_LIST_PRICE,7,7
2023-05-28,PRODUCT_FLAT_FILE_INVLOADER,17,17
2023-05-28,PRODUCT_LIST,17,17
2023-05-28,PRODUCT_LIST_IMAGE,17,17
2023-05-28,PRODUCT_LIST_INVENTORY,17,17
2023-05-28,PRODUCT_LIST_PRICE,17,17
2023-05-29,PRODUCT_FLAT_FILE_INVLOADER,18,18
2023-05-29,PRODUCT_LIST,18,18
2023-05-29,PRODUCT_LIST_IMAGE,18,18
2023-05-29,PRODUCT_LIST_INVENTORY,18,18
2023-05-29,PRODUCT_LIST_PRICE,18,18
2023-05-29,PRODUCT_LIST_REMOVE,3,3
2023-05-30,PRODUCT_FLAT_FILE_INVLOADER,3,3
2023-05-30,PRODUCT_LIST,3,3
2023-05-30,PRODUCT_LIST_IMAGE,3,3
2023-05-30,PRODUCT_LIST_INVENTORY,3,3
2023-05-30,PRODUCT_LIST_PRICE,3,3
2023-05-30,PRODUCT_LIST_REMOVE,4,4
2023-05-31,PRODUCT_FLAT_FILE_INVLOADER,9,9
2023-05-31,PRODUCT_LIST,9,9
2023-05-31,PRODUCT_LIST_IMAGE,9,9
2023-05-31,PRODUCT_LIST_INVENTORY,9,9
2023-05-31,PRODUCT_LIST_PRICE,9,9
2023-05-31,PRODUCT_LIST_REMOVE,9,9
2023-06-01,PRODUCT_FLAT_FILE_INVLOADER,4,4
2023-06-01,PRODUCT_LIST,5,5
2023-06-01,PRODUCT_LIST_IMAGE,4,4
2023-06-01,PRODUCT_LIST_INVENTORY,4,4
2023-06-01,PRODUCT_LIST_PRICE,4,4
2023-06-02,PRODUCT_FLAT_FILE_INVLOADER,11,11
2023-06-02,PRODUCT_LIST,10,10
2023-06-02,PRODUCT_LIST_IMAGE,11,11
2023-06-02,PRODUCT_LIST_INVENTORY,11,11
2023-06-02,PRODUCT_LIST_PRICE,11,11
2023-06-03,PRODUCT_FLAT_FILE_INVLOADER,20,20
2023-06-03,PRODUCT_LIST,20,20
2023-06-03,PRODUCT_LIST_IMAGE,20,20
2023-06-03,PRODUCT_LIST_INVENTORY,20,20
2023-06-03,PRODUCT_LIST_PRICE,20,20
2023-06-04,PRODUCT_FLAT_FILE_INVLOADER,3,3
2023-06-04,PRODUCT_LIST,3,3
2023-06-04,PRODUCT_LIST_IMAGE,3,3
2023-06-04,PRODUCT_LIST_INVENTORY,3,3
2023-06-04,PRODUCT_LIST_PRICE,3,3
2023-06-05,PRODUCT_FLAT_FILE_INVLOADER,13,13
2023-06-05,PRODUCT_LIST,13,13
2023-06-05,PRODUCT_LIST_IMAGE,13,13
2023-06-05,PRODUCT_LIST_INVENTORY,13,13
2023-06-05,PRODUCT_LIST_PRICE,13,13
2023-06-06,PRODUCT_FLAT_FILE_INVLOADER,17,17
2023-06-06,PRODUCT_LIST,17,17
2023-06-06,PRODUCT_LIST_IMAGE,17,17
2023-06-06,PRODUCT_LIST_INVENTORY,17,17
2023-06-06,PRODUCT_LIST_PRICE,17,17
2023-06-07,PRODUCT_FLAT_FILE_INVLOADER,13,13
2023-06-07,PRODUCT_LIST,13,13
2023-06-07,PRODUCT_LIST_IMAGE,13,13
2023-06-07,PRODUCT_LIST_INVENTORY,13,13
2023-06-07,PRODUCT_LIST_PRICE,13,13
2023-06-08,PRODUCT_FLAT_FILE_INVLOADER,7,7
2023-06-08,PRODUCT_LIST,7,7
2023-06-08,PRODUCT_LIST_IMAGE,7,7
2023-06-08,PRODUCT_LIST_INVENTORY,7,7
2023-06-08,PRODUCT_LIST_PRICE,7,7
2023-06-08,PRODUCT_LIST_REMOVE,1,1
2023-06-09,PRODUCT_FLAT_FILE_INVLOADER,9,9
2023-06-09,PRODUCT_LIST,9,9
2023-06-09,PRODUCT_LIST_IMAGE,9,9
2023-06-09,PRODUCT_LIST_INVENTORY,9,9
2023-06-09,PRODUCT_LIST_PRICE,9,9
2023-06-09,PRODUCT_LIST_REMOVE,1,1
2023-06-10,PRODUCT_FLAT_FILE_INVLOADER,8,8
2023-06-10,PRODUCT_LIST,8,8
2023-06-10,PRODUCT_LIST_IMAGE,8,8
2023-06-10,PRODUCT_LIST_INVENTORY,8,8
2023-06-10,PRODUCT_LIST_PRICE,8,8
2023-06-11,PRODUCT_FLAT_FILE_INVLOADER,21,21
2023-06-11,PRODUCT_LIST,21,21
2023-06-11,PRODUCT_LIST_IMAGE,21,21
2023-06-11,PRODUCT_LIST_INVENTORY,21,21
2023-06-11,PRODUCT_LIST_PRICE,21,21
2023-06-12,PRODUCT_FLAT_FILE_INVLOADER,6,6
2023-06-12,PRODUCT_LIST,6,6
2023-06-12,PRODUCT_LIST_IMAGE,6,6
2023-06-12,PRODUCT_LIST_INVENTORY,6,6
2023-06-12,PRODUCT_LIST_PRICE,6,6
2023-06-12,PRODUCT_LIST_REMOVE,5,5
2023-06-13,PRODUCT_FLAT_FILE_INVLOADER,3,3
2023-06-13,PRODUCT_LIST,3,3
2023-06-13,PRODUCT_LIST_IMAGE,3,3
2023-06-13,PRODUCT_LIST_INVENTORY,3,3
2023-06-13,PRODUCT_LIST_PRICE,3,3
2023-06-13,PRODUCT_LIST_REMOVE,4,4
2023-06-14,PRODUCT_FLAT_FILE_INVLOADER,22,22
2023-06-14,PRODUCT_LIST,22,22
2023-06-14,PRODUCT_LIST_IMAGE,22,22
2023-06-14,PRODUCT_LIST_INVENTORY,22,22
2023-06-14,PRODUCT_LIST_PRICE,22,22
2023-06-14,PRODUCT_LIST_REMOVE,2,2
2023-06-15,PRODUCT_FLAT_FILE_INVLOADER,14,14
2023-06-15,PRODUCT_LIST,14,14
2023-06-15,PRODUCT_LIST_IMAGE,14,14
2023-06-15,PRODUCT_LIST_INVENTORY,14,14
2023-06-15,PRODUCT_LIST_PRICE,14,14
2023-06-16,PRODUCT_FLAT_FILE_INVLOADER,9,9
2023-06-16,PRODUCT_LIST,9,9
2023-06-16,PRODUCT_LIST_IMAGE,9,9
2023-06-16,PRODUCT_LIST_INVENTORY,9,9
2023-06-16,PRODUCT_LIST_PRICE,9,9
2023-06-17,PRODUCT_FLAT_FILE_INVLOADER,6,6
2023-06-17,PRODUCT_LIST,6,6
2023-06-17,PRODUCT_LIST_IMAGE,6,6
2023-06-17,PRODUCT_LIST_INVENTORY,6,6
2023-06-17,PRODUCT_LIST_PRICE,6,6
2023-06-18,PRODUCT_FLAT_FILE_INVLOADER,4,4
2023-06-18,PRODUCT_LIST,4,4
2023-06-18,PRODUCT_LIST_IMAGE,4,4
2023-06-18,PRODUCT_LIST_INVENTORY,4,4
2023-06-18,PRODUCT_LIST_PRICE,4,4
2023-06-18,PRODUCT_LIST_REMOVE,2,2
2023-06-19,PRODUCT_FLAT_FILE_INVLOADER,1,1
2023-06-19,PRODUCT_LIST,1,1
2023-06-19,PRODUCT_LIST_IMAGE,1,1
2023-06-19,PRODUCT_LIST_INVENTORY,1,1
2023-06-19,PRODUCT_LIST_PRICE,1,1
2023-06-19,PRODUCT_LIST_REMOVE,11,11
2023-06-20,PRODUCT_FLAT_FILE_INVLOADER,14,14
2023-06-20,PRODUCT_LIST,14,14
2023-06-20,PRODUCT_LIST_IMAGE,14,14
2023-06-20,PRODUCT_LIST_INVENTORY,14,14
2023-06-20,PRODUCT_LIST_PRICE,14,14
2023-06-21,PRODUCT_FLAT_FILE_INVLOADER,12,12
2023-06-21,PRODUCT_LIST,12,12
2023-06-21,PRODUCT_LIST_IMAGE,12,12
2023-06-21,PRODUCT_LIST_INVENTORY,12,12
2023-06-21,PRODUCT_LIST_PRICE,12,12
2023-06-21,PRODUCT_LIST_REMOVE,1,1
2023-06-22,PRODUCT_FLAT_FILE_INVLOADER,3,3
2023-06-22,PRODUCT_LIST,4,4
2023-06-22,PRODUCT_LIST_IMAGE,3,3
2023-06-22,PRODUCT_LIST_INVENTORY,3,3
2023-06-22,PRODUCT_LIST_PRICE,3,3
2023-06-22,PRODUCT_LIST_REMOVE,1,1
2023-06-23,PRODUCT_FLAT_FILE_INVLOADER,19,19
2023-06-23,PRODUCT_LIST,19,19
2023-06-23,PRODUCT_LIST_IMAGE,19,19
2023-06-23,PRODUCT_LIST_INVENTORY,19,19
2023-06-23,PRODUCT_LIST_PRICE,19,19
2023-06-24,PRODUCT_FLAT_FILE_INVLOADER,3,3
2023-06-24,PRODUCT_LIST,3,3
2023-06-24,PRODUCT_LIST_IMAGE,3,3
2023-06-24,PRODUCT_LIST_INVENTORY,3,3
2023-06-24,PRODUCT_LIST_PRICE,3,3
2023-06-25,PRODUCT_FLAT_FILE_INVLOADER,8,8
2023-06-25,PRODUCT_LIST,9,9
2023-06-25,PRODUCT_LIST_IMAGE,8,8
2023-06-25,PRODUCT_LIST_INVENTORY,8,8
2023-06-25,PRODUCT_LIST_PRICE,8,8
2023-06-26,PRODUCT_FLAT_FILE_INVLOADER,1,1
2023-06-26,PRODUCT_LIST,1,1
2023-06-26,PRODUCT_LIST_IMAGE,1,1
2023-06-26,PRODUCT_LIST_INVENTORY,1,1
2023-06-26,PRODUCT_LIST_PRICE,1,1
2023-06-26,PRODUCT_LIST_REMOVE,3,3
2023-06-27,PRODUCT_FLAT_FILE_INVLOADER,19,19
2023-06-27,PRODUCT_LIST,19,19
2023-06-27,PRODUCT_LIST_IMAGE,19,19
2023-06-27,PRODUCT_LIST_INVENTORY,19,19
2023-06-27,PRODUCT_LIST_PRICE,19,19
2023-06-27,PRODUCT_LIST_REMOVE,2,2
2023-06-28,PRODUCT_FLAT_FILE_INVLOADER,1,1
2023-06-28,PRODUCT_LIST,1,1
2023-06-28,PRODUCT_LIST_IMAGE,1,1
2023-06-28,PRODUCT_LIST_INVENTORY,1,1
2023-06-28,PRODUCT_LIST_PRICE,1,1
2023-06-28,PRODUCT_LIST_REMOVE,1,1
2023-06-29,PRODUCT_FLAT_FILE_INVLOADER,5,5
2023-06-29,PRODUCT_LIST,6,6
2023-06-29,PRODUCT_LIST_IMAGE,5,5
2023-06-29,PRODUCT_LIST_INVENTORY,5,5
2023-06-29,PRODUCT_LIST_PRICE,5,5
2023-06-29,PRODUCT_LIST_REMOVE,25,25
2023-06-30,PRODUCT_FLAT_FILE_INVLOADER,7,7
2023-06-30,PRODUCT_LIST,7,7
2023-06-30,PRODUCT_LIST_IMAGE,7,7
2023-06-30,PRODUCT_LIST_INVENTORY,7,7
2023-06-30,PRODUCT_LIST_PRICE,7,7
2023-06-30,PRODUCT_LIST_REMOVE,53,53
2023-07-01,PRODUCT_FLAT_FILE_INVLOADER,4,4
2023-07-01,PRODUCT_LIST,4,4
2023-07-01,PRODUCT_LIST_IMAGE,4,4
2023-07-01,PRODUCT_LIST_INVENTORY,4,4
2023-07-01,PRODUCT_LIST_PRICE,4,4
2023-07-02,PRODUCT_FLAT_FILE_INVLOADER,1,1
2023-07-02,PRODUCT_LIST,1,1
2023-07-02,PRODUCT_LIST_IMAGE,1,1
2023-07-02,PRODUCT_LIST_INVENTORY,1,1
2023-07-02,PRODUCT_LIST_PRICE,1,1
2023-07-03,PRODUCT_FLAT_FILE_INVLOADER,2,2
2023-07-03,PRODUCT_LIST,2,2
2023-07-03,PRODUCT_LIST_IMAGE,2,2
2023-07-03,PRODUCT_LIST_INVENTORY,2,2
2023-07-03,PRODUCT_LIST_PRICE,2,2
2023-07-03,PRODUCT_LIST_REMOVE,5,5
2023-07-04,PRODUCT_FLAT_FILE_INVLOADER,7,7
2023-07-04,PRODUCT_LIST,7,7
2023-07-04,PRODUCT_LIST_IMAGE,7,7
2023-07-04,PRODUCT_LIST_INVENTORY,7,7
2023-07-04,PRODUCT_LIST_PRICE,7,7
2023-07-04,PRODUCT_LIST_REMOVE,4,4
2023-07-05,PRODUCT_FLAT_FILE_INVLOADER,7,7
2023-07-05,PRODUCT_LIST,7,7
2023-07-05,PRODUCT_LIST_IMAGE,7,7
2023-07-05,PRODUCT_LIST_INVENTORY,7,7
2023-07-05,PRODUCT_LIST_PRICE,7,7
2023-07-05,PRODUCT_LIST_REMOVE,1,1
2023-07-06,PRODUCT_FLAT_FILE_INVLOADER,11,11
2023-07-06,PRODUCT_LIST,11,11
2023-07-06,PRODUCT_LIST_IMAGE,11,11
2023-07-06,PRODUCT_LIST_INVENTORY,11,11
2023-07-06,PRODUCT_LIST_PRICE,11,11
2023-07-06,PRODUCT_LIST_REMOVE,5,5
2023-07-07,PRODUCT_FLAT_FILE_INVLOADER,8,8
2023-07-07,PRODUCT_LIST,8,8
2023-07-07,PRODUCT_LIST_IMAGE,8,8
2023-07-07,PRODUCT_LIST_INVENTORY,8,8
2023-07-07,PRODUCT_LIST_PRICE,8,8
2023-07-07,PRODUCT_LIST_REMOVE,2,2
2023-07-08,PRODUCT_FLAT_FILE_INVLOADER,41,41
2023-07-08,PRODUCT_LIST,41,41
2023-07-08,PRODUCT_LIST_IMAGE,41,41
2023-07-08,PRODUCT_LIST_INVENTORY,41,41
2023-07-08,PRODUCT_LIST_PRICE,41,41
2023-07-09,PRODUCT_FLAT_FILE_INVLOADER,13,13
2023-07-09,PRODUCT_LIST,15,15
2023-07-09,PRODUCT_LIST_IMAGE,13,13
2023-07-09,PRODUCT_LIST_INVENTORY,13,13
2023-07-09,PRODUCT_LIST_PRICE,13,13
2023-07-10,PRODUCT_FLAT_FILE_INVLOADER,21,21
2023-07-10,PRODUCT_LIST,19,19
2023-07-10,PRODUCT_LIST_IMAGE,21,21
2023-07-10,PRODUCT_LIST_INVENTORY,21,21
2023-07-10,PRODUCT_LIST_PRICE,21,21
2023-07-10,PRODUCT_LIST_REMOVE,7,7
2023-07-11,PRODUCT_FLAT_FILE_INVLOADER,12,12
2023-07-11,PRODUCT_LIST,12,12
2023-07-11,PRODUCT_LIST_IMAGE,12,12
2023-07-11,PRODUCT_LIST_INVENTORY,12,12
2023-07-11,PRODUCT_LIST_PRICE,12,12
2023-07-11,PRODUCT_LIST_REMOVE,2,2
2023-07-12,PRODUCT_FLAT_FILE_INVLOADER,10,10
2023-07-12,PRODUCT_LIST,10,10
2023-07-12,PRODUCT_LIST_IMAGE,10,10
2023-07-12,PRODUCT_LIST_INVENTORY,10,10
2023-07-12,PRODUCT_LIST_PRICE,10,10
2023-07-12,PRODUCT_LIST_REMOVE,4,4
2023-07-13,PRODUCT_FLAT_FILE_INVLOADER,8,8
2023-07-13,PRODUCT_LIST,8,8
2023-07-13,PRODUCT_LIST_IMAGE,8,8
2023-07-13,PRODUCT_LIST_INVENTORY,8,8
2023-07-13,PRODUCT_LIST_PRICE,8,8
2023-07-13,PRODUCT_LIST_REMOVE,3,3
2023-07-14,PRODUCT_FLAT_FILE_INVLOADER,12,12
2023-07-14,PRODUCT_LIST,12,12
2023-07-14,PRODUCT_LIST_IMAGE,12,12
2023-07-14,PRODUCT_LIST_INVENTORY,12,12
2023-07-14,PRODUCT_LIST_PRICE,12,12
2023-07-14,PRODUCT_LIST_REMOVE,2,2
2023-07-15,PRODUCT_FLAT_FILE_INVLOADER,12,12
2023-07-15,PRODUCT_LIST,12,12
2023-07-15,PRODUCT_LIST_IMAGE,12,12
2023-07-15,PRODUCT_LIST_INVENTORY,12,12
2023-07-15,PRODUCT_LIST_PRICE,12,12
2023-07-16,PRODUCT_FLAT_FILE_INVLOADER,8,8
2023-07-16,PRODUCT_LIST,8,8
2023-07-16,PRODUCT_LIST_IMAGE,8,8
2023-07-16,PRODUCT_LIST_INVENTORY,8,8
2023-07-16,PRODUCT_LIST_PRICE,8,8
2023-07-17,PRODUCT_FLAT_FILE_INVLOADER,7,7
2023-07-17,PRODUCT_LIST,7,7
2023-07-17,PRODUCT_LIST_IMAGE,7,7
2023-07-17,PRODUCT_LIST_INVENTORY,7,7
2023-07-17,PRODUCT_LIST_PRICE,7,7
2023-07-18,PRODUCT_FLAT_FILE_INVLOADER,15,15
2023-07-18,PRODUCT_LIST,15,15
2023-07-18,PRODUCT_LIST_IMAGE,15,15
2023-07-18,PRODUCT_LIST_INVENTORY,15,15
2023-07-18,PRODUCT_LIST_PRICE,15,15
2023-07-18,PRODUCT_LIST_REMOVE,1,1
2023-07-19,PRODUCT_FLAT_FILE_INVLOADER,6,6
2023-07-19,PRODUCT_LIST,6,6
2023-07-19,PRODUCT_LIST_IMAGE,6,6
2023-07-19,PRODUCT_LIST_INVENTORY,6,6
2023-07-19,PRODUCT_LIST_PRICE,6,6
2023-07-19,PRODUCT_LIST_REMOVE,6,6
2023-07-20,PRODUCT_FLAT_FILE_INVLOADER,1,1
2023-07-20,PRODUCT_LIST,1,1
2023-07-20,PRODUCT_LIST_IMAGE,1,1
2023-07-20,PRODUCT_LIST_INVENTORY,1,1
2023-07-20,PRODUCT_LIST_PRICE,1,1
2023-07-21,PRODUCT_FLAT_FILE_INVLOADER,7,7
2023-07-21,PRODUCT_LIST,7,7
2023-07-21,PRODUCT_LIST_IMAGE,7,7
2023-07-21,PRODUCT_LIST_INVENTORY,7,7
2023-07-21,PRODUCT_LIST_PRICE,7,7
2023-07-21,PRODUCT_LIST_REMOVE,3,3
2023-07-22,PRODUCT_FLAT_FILE_INVLOADER,16,16
2023-07-22,PRODUCT_LIST,16,16
2023-07-22,PRODUCT_LIST_IMAGE,16,16
2023-07-22,PRODUCT_LIST_INVENTORY,16,16
2023-07-22,PRODUCT_LIST_PRICE,16,16
2023-07-23,PRODUCT_FLAT_FILE_INVLOADER,14,14
2023-07-23,PRODUCT_LIST,14,14
2023-07-23,PRODUCT_LIST_IMAGE,14,14
2023-07-23,PRODUCT_LIST_INVENTORY,14,14
2023-07-23,PRODUCT_LIST_PRICE,14,14
2023-07-24,PRODUCT_FLAT_FILE_INVLOADER,3,3
2023-07-24,PRODUCT_LIST,3,3
2023-07-24,PRODUCT_LIST_IMAGE,3,3
2023-07-24,PRODUCT_LIST_INVENTORY,3,3
2023-07-24,PRODUCT_LIST_PRICE,3,3
2023-07-24,PRODUCT_LIST_REMOVE,2,2
2023-07-25,PRODUCT_FLAT_FILE_INVLOADER,17,17
2023-07-25,PRODUCT_LIST,17,17
2023-07-25,PRODUCT_LIST_IMAGE,17,17
2023-07-25,PRODUCT_LIST_INVENTORY,17,17
2023-07-25,PRODUCT_LIST_PRICE,17,17
2023-07-25,PRODUCT_LIST_REMOVE,7,7
2023-07-26,PRODUCT_FLAT_FILE_INVLOADER,12,12
2023-07-26,PRODUCT_LIST,12,12
2023-07-26,PRODUCT_LIST_IMAGE,12,12
2023-07-26,PRODUCT_LIST_INVENTORY,12,12
2023-07-26,PRODUCT_LIST_PRICE,12,12
2023-07-26,PRODUCT_LIST_REMOVE,2,2
2023-07-27,PRODUCT_FLAT_FILE_INVLOADER,9,9
2023-07-27,PRODUCT_LIST,9,9
2023-07-27,PRODUCT_LIST_IMAGE,9,9
2023-07-27,PRODUCT_LIST_INVENTORY,9,9
2023-07-27,PRODUCT_LIST_PRICE,9,9
2023-07-27,PRODUCT_LIST_REMOVE,1,1
2023-07-28,PRODUCT_FLAT_FILE_INVLOADER,12,12
2023-07-28,PRODUCT_LIST,12,12
2023-07-28,PRODUCT_LIST_IMAGE,12,12
2023-07-28,PRODUCT_LIST_INVENTORY,12,12
2023-07-28,PRODUCT_LIST_PRICE,12,12
2023-07-29,PRODUCT_FLAT_FILE_INVLOADER,7,7
2023-07-29,PRODUCT_LIST,11,11
2023-07-29,PRODUCT_LIST_IMAGE,7,7
2023-07-29,PRODUCT_LIST_INVENTORY,7,7
2023-07-29,PRODUCT_LIST_PRICE,7,7
2023-07-30,PRODUCT_FLAT_FILE_INVLOADER,8,8
2023-07-30,PRODUCT_LIST,5,5
2023-07-30,PRODUCT_LIST_IMAGE,8,8
2023-07-30,PRODUCT_LIST_INVENTORY,8,8
2023-07-30,PRODUCT_LIST_PRICE,8,8
2023-07-31,PRODUCT_FLAT_FILE_INVLOADER,6,6
2023-07-31,PRODUCT_LIST,6,6
2023-07-31,PRODUCT_LIST_IMAGE,6,6
2023-07-31,PRODUCT_LIST_INVENTORY,6,6
2023-07-31,PRODUCT_LIST_PRICE,6,6
2023-07-31,PRODUCT_LIST_REMOVE,1,1
2023-08-01,PRODUCT_FLAT_FILE_INVLOADER,5,5
2023-08-01,PRODUCT_LIST,5,5
2023-08-01,PRODUCT_LIST_IMAGE,5,5
2023-08-01,PRODUCT_LIST_INVENTORY,5,5
2023-08-01,PRODUCT_LIST_PRICE,5,5
2023-08-02,PRODUCT_FLAT_FILE_INVLOADER,5,5
2023-08-02,PRODUCT_LIST,5,5
2023-08-02,PRODUCT_LIST_IMAGE,5,5
2023-08-02,PRODUCT_LIST_INVENTORY,5,5
2023-08-02,PRODUCT_LIST_PRICE,5,5
2023-08-02,PRODUCT_LIST_REMOVE,5,5
2023-08-03,PRODUCT_FLAT_FILE_INVLOADER,15,15
2023-08-03,PRODUCT_LIST,16,16
2023-08-03,PRODUCT_LIST_IMAGE,15,15
2023-08-03,PRODUCT_LIST_INVENTORY,15,15
2023-08-03,PRODUCT_LIST_PRICE,15,15
2023-08-03,PRODUCT_LIST_REMOVE,2,2
2023-08-04,PRODUCT_FLAT_FILE_INVLOADER,7,7
2023-08-04,PRODUCT_LIST,7,7
2023-08-04,PRODUCT_LIST_IMAGE,7,7
2023-08-04,PRODUCT_LIST_INVENTORY,7,7
2023-08-04,PRODUCT_LIST_PRICE,7,7
2023-08-05,PRODUCT_FLAT_FILE_INVLOADER,2,2
2023-08-05,PRODUCT_LIST,2,2
2023-08-05,PRODUCT_LIST_IMAGE,2,2
2023-08-05,PRODUCT_LIST_INVENTORY,2,2
2023-08-05,PRODUCT_LIST_PRICE,2,2
2023-08-06,PRODUCT_FLAT_FILE_INVLOADER,8,8
2023-08-06,PRODUCT_LIST,8,8
2023-08-06,PRODUCT_LIST_IMAGE,8,8
2023-08-06,PRODUCT_LIST_INVENTORY,8,8
2023-08-06,PRODUCT_LIST_PRICE,8,8
2023-08-07,PRODUCT_FLAT_FILE_INVLOADER,15,15
2023-08-07,PRODUCT_LIST,15,15
2023-08-07,PRODUCT_LIST_IMAGE,15,15
2023-08-07,PRODUCT_LIST_INVENTORY,15,15
2023-08-07,PRODUCT_LIST_PRICE,15,15
2023-08-07,PRODUCT_LIST_REMOVE,7,7
2023-08-08,PRODUCT_FLAT_FILE_INVLOADER,8,8
2023-08-08,PRODUCT_LIST,14,14
2023-08-08,PRODUCT_LIST_IMAGE,8,8
2023-08-08,PRODUCT_LIST_INVENTORY,8,8
2023-08-08,PRODUCT_LIST_PRICE,8,8
2023-08-09,PRODUCT_FLAT_FILE_INVLOADER,18,18
2023-08-09,PRODUCT_LIST,13,13
2023-08-09,PRODUCT_LIST_IMAGE,18,18
2023-08-09,PRODUCT_LIST_INVENTORY,18,18
2023-08-09,PRODUCT_LIST_PRICE,18,18
2023-08-09,PRODUCT_LIST_REMOVE,1,1
2023-08-10,PRODUCT_FLAT_FILE_INVLOADER,9,9
2023-08-10,PRODUCT_LIST,9,9
2023-08-10,PRODUCT_LIST_IMAGE,9,9
2023-08-10,PRODUCT_LIST_INVENTORY,9,9
2023-08-10,PRODUCT_LIST_PRICE,9,9
2023-08-10,PRODUCT_LIST_REMOVE,1,1
2023-08-11,PRODUCT_FLAT_FILE_INVLOADER,13,13
2023-08-11,PRODUCT_LIST,15,15
2023-08-11,PRODUCT_LIST_IMAGE,13,13
2023-08-11,PRODUCT_LIST_INVENTORY,13,13
2023-08-11,PRODUCT_LIST_PRICE,13,13
2023-08-12,PRODUCT_FLAT_FILE_INVLOADER,8,8
2023-08-12,PRODUCT_LIST,6,6
2023-08-12,PRODUCT_LIST_IMAGE,8,8
2023-08-12,PRODUCT_LIST_INVENTORY,8,8
2023-08-12,PRODUCT_LIST_PRICE,8,8
2023-08-13,PRODUCT_FLAT_FILE_INVLOADER,15,15
2023-08-13,PRODUCT_LIST,15,15
2023-08-13,PRODUCT_LIST_IMAGE,15,15
2023-08-13,PRODUCT_LIST_INVENTORY,15,15
2023-08-13,PRODUCT_LIST_PRICE,15,15
2023-08-14,PRODUCT_FLAT_FILE_INVLOADER,20,20
2023-08-14,PRODUCT_LIST,20,20
2023-08-14,PRODUCT_LIST_IMAGE,20,20
2023-08-14,PRODUCT_LIST_INVENTORY,20,20
2023-08-14,PRODUCT_LIST_PRICE,20,20
2023-08-14,PRODUCT_LIST_REMOVE,1,1
2023-08-15,PRODUCT_FLAT_FILE_INVLOADER,28,28
2023-08-15,PRODUCT_LIST,28,28
2023-08-15,PRODUCT_LIST_IMAGE,28,28
2023-08-15,PRODUCT_LIST_INVENTORY,28,28
2023-08-15,PRODUCT_LIST_PRICE,28,28
2023-08-15,PRODUCT_LIST_REMOVE,2,2
2023-08-16,PRODUCT_FLAT_FILE_INVLOADER,20,20
2023-08-16,PRODUCT_LIST,20,20
2023-08-16,PRODUCT_LIST_IMAGE,20,20
2023-08-16,PRODUCT_LIST_INVENTORY,20,20
2023-08-16,PRODUCT_LIST_PRICE,20,20
2023-08-16,PRODUCT_LIST_REMOVE,3,3
2023-08-17,PRODUCT_FLAT_FILE_INVLOADER,14,14
2023-08-17,PRODUCT_LIST,14,14
2023-08-17,PRODUCT_LIST_IMAGE,14,14
2023-08-17,PRODUCT_LIST_INVENTORY,14,14
2023-08-17,PRODUCT_LIST_PRICE,14,14
2023-08-18,PRODUCT_FLAT_FILE_INVLOADER,6,6
2023-08-18,PRODUCT_LIST,6,6
2023-08-18,PRODUCT_LIST_IMAGE,6,6
2023-08-18,PRODUCT_LIST_INVENTORY,6,6
2023-08-18,PRODUCT_LIST_PRICE,6,6
2023-08-19,PRODUCT_FLAT_FILE_INVLOADER,6,6
2023-08-19,PRODUCT_LIST,7,7
2023-08-19,PRODUCT_LIST_IMAGE,6,6
2023-08-19,PRODUCT_LIST_INVENTORY,6,6
2023-08-19,PRODUCT_LIST_PRICE,6,6
2023-08-20,PRODUCT_FLAT_FILE_INVLOADER,2,2
2023-08-20,PRODUCT_LIST,2,2
2023-08-20,PRODUCT_LIST_IMAGE,2,2
2023-08-20,PRODUCT_LIST_INVENTORY,2,2
2023-08-20,PRODUCT_LIST_PRICE,2,2
2023-08-20,PRODUCT_LIST_REMOVE,1,1
2023-08-21,PRODUCT_FLAT_FILE_INVLOADER,9,9
2023-08-21,PRODUCT_LIST,9,9
2023-08-21,PRODUCT_LIST_IMAGE,9,9
2023-08-21,PRODUCT_LIST_INVENTORY,9,9
2023-08-21,PRODUCT_LIST_PRICE,9,9
2023-08-22,PRODUCT_FLAT_FILE_INVLOADER,8,8
2023-08-22,PRODUCT_LIST,11,11
2023-08-22,PRODUCT_LIST_IMAGE,8,8
2023-08-22,PRODUCT_LIST_INVENTORY,8,8
2023-08-22,PRODUCT_LIST_PRICE,8,8
2023-08-22,PRODUCT_LIST_REMOVE,1,1
2023-08-23,PRODUCT_FLAT_FILE_INVLOADER,6,6
2023-08-23,PRODUCT_LIST,5,5
2023-08-23,PRODUCT_LIST_IMAGE,6,6
2023-08-23,PRODUCT_LIST_INVENTORY,6,6
2023-08-23,PRODUCT_LIST_PRICE,6,6
2023-08-23,PRODUCT_LIST_REMOVE,8,8
2023-08-24,PRODUCT_FLAT_FILE_INVLOADER,9,9
2023-08-24,PRODUCT_LIST,9,9
2023-08-24,PRODUCT_LIST_IMAGE,9,9
2023-08-24,PRODUCT_LIST_INVENTORY,9,9
2023-08-24,PRODUCT_LIST_PRICE,9,9
2023-08-24,PRODUCT_LIST_REMOVE,1,1
2023-08-25,PRODUCT_FLAT_FILE_INVLOADER,14,14
2023-08-25,PRODUCT_LIST,14,14
2023-08-25,PRODUCT_LIST_IMAGE,14,14
2023-08-25,PRODUCT_LIST_INVENTORY,14,14
2023-08-25,PRODUCT_LIST_PRICE,14,14
2023-08-25,PRODUCT_LIST_REMOVE,1,1
2023-08-26,PRODUCT_FLAT_FILE_INVLOADER,13,13
2023-08-26,PRODUCT_LIST,13,13
2023-08-26,PRODUCT_LIST_IMAGE,13,13
2023-08-26,PRODUCT_LIST_INVENTORY,13,13
2023-08-26,PRODUCT_LIST_PRICE,13,13
2023-08-27,PRODUCT_FLAT_FILE_INVLOADER,4,4
2023-08-27,PRODUCT_LIST,4,4
2023-08-27,PRODUCT_LIST_IMAGE,4,4
2023-08-27,PRODUCT_LIST_INVENTORY,4,4
2023-08-27,PRODUCT_LIST_PRICE,4,4
2023-08-28,PRODUCT_FLAT_FILE_INVLOADER,9,9
2023-08-28,PRODUCT_LIST,9,9
2023-08-28,PRODUCT_LIST_IMAGE,9,9
2023-08-28,PRODUCT_LIST_INVENTORY,9,9
2023-08-28,PRODUCT_LIST_PRICE,9,9
2023-08-28,PRODUCT_LIST_REMOVE,4,4
2023-08-29,PRODUCT_FLAT_FILE_INVLOADER,6,6
2023-08-29,PRODUCT_LIST,6,6
2023-08-29,PRODUCT_LIST_IMAGE,6,6
2023-08-29,PRODUCT_LIST_INVENTORY,6,6
2023-08-29,PRODUCT_LIST_PRICE,6,6
2023-08-29,PRODUCT_LIST_REMOVE,3,3
2023-08-30,PRODUCT_FLAT_FILE_INVLOADER,11,11
2023-08-30,PRODUCT_LIST,11,11
2023-08-30,PRODUCT_LIST_IMAGE,11,11
2023-08-30,PRODUCT_LIST_INVENTORY,11,11
2023-08-30,PRODUCT_LIST_PRICE,11,11
2023-08-31,PRODUCT_FLAT_FILE_INVLOADER,5,5
2023-08-31,PRODUCT_LIST,6,6
2023-08-31,PRODUCT_LIST_IMAGE,5,5
2023-08-31,PRODUCT_LIST_INVENTORY,5,5
2023-08-31,PRODUCT_LIST_PRICE,5,5
2023-08-31,PRODUCT_LIST_REMOVE,4,4
2023-09-01,PRODUCT_FLAT_FILE_INVLOADER,12,12
2023-09-01,PRODUCT_LIST,11,11
2023-09-01,PRODUCT_LIST_IMAGE,12,12
2023-09-01,PRODUCT_LIST_INVENTORY,12,12
2023-09-01,PRODUCT_LIST_PRICE,12,12
2023-09-03,PRODUCT_FLAT_FILE_INVLOADER,7,7
2023-09-03,PRODUCT_LIST,7,7
2023-09-03,PRODUCT_LIST_IMAGE,7,7
2023-09-03,PRODUCT_LIST_INVENTORY,7,7
2023-09-03,PRODUCT_LIST_PRICE,7,7
2023-09-03,PRODUCT_LIST_REMOVE,1,1
2023-09-04,PRODUCT_FLAT_FILE_INVLOADER,13,13
2023-09-04,PRODUCT_LIST,13,13
2023-09-04,PRODUCT_LIST_IMAGE,13,13
2023-09-04,PRODUCT_LIST_INVENTORY,13,13
2023-09-04,PRODUCT_LIST_PRICE,13,13
2023-09-05,PRODUCT_FLAT_FILE_INVLOADER,5,5
2023-09-05,PRODUCT_LIST,5,5
2023-09-05,PRODUCT_LIST_IMAGE,5,5
2023-09-05,PRODUCT_LIST_INVENTORY,5,5
2023-09-05,PRODUCT_LIST_PRICE,5,5
2023-09-05,PRODUCT_LIST_REMOVE,2,2
2023-09-06,PRODUCT_FLAT_FILE_INVLOADER,17,17
2023-09-06,PRODUCT_LIST,17,17
2023-09-06,PRODUCT_LIST_IMAGE,17,17
2023-09-06,PRODUCT_LIST_INVENTORY,17,17
2023-09-06,PRODUCT_LIST_PRICE,17,17
2023-09-07,PRODUCT_FLAT_FILE_INVLOADER,9,9
2023-09-07,PRODUCT_LIST,11,11
2023-09-07,PRODUCT_LIST_IMAGE,9,9
2023-09-07,PRODUCT_LIST_INVENTORY,9,9
2023-09-07,PRODUCT_LIST_PRICE,9,9
2023-09-07,PRODUCT_LIST_REMOVE,1,1
2023-09-08,PRODUCT_FLAT_FILE_INVLOADER,11,11
2023-09-08,PRODUCT_LIST,11,11
2023-09-08,PRODUCT_LIST_IMAGE,11,11
2023-09-08,PRODUCT_LIST_INVENTORY,11,11
2023-09-08,PRODUCT_LIST_PRICE,11,11
2023-09-09,PRODUCT_FLAT_FILE_INVLOADER,5,5
2023-09-09,PRODUCT_LIST,5,5
2023-09-09,PRODUCT_LIST_IMAGE,5,5
2023-09-09,PRODUCT_LIST_INVENTORY,5,5
2023-09-09,PRODUCT_LIST_PRICE,5,5
2023-09-10,PRODUCT_FLAT_FILE_INVLOADER,5,5
2023-09-10,PRODUCT_LIST,5,5
2023-09-10,PRODUCT_LIST_IMAGE,5,5
2023-09-10,PRODUCT_LIST_INVENTORY,5,5
2023-09-10,PRODUCT_LIST_PRICE,5,5
2023-09-11,PRODUCT_FLAT_FILE_INVLOADER,6,6
2023-09-11,PRODUCT_LIST,6,6
2023-09-11,PRODUCT_LIST_IMAGE,6,6
2023-09-11,PRODUCT_LIST_INVENTORY,6,6
2023-09-11,PRODUCT_LIST_PRICE,6,6
2023-09-11,PRODUCT_LIST_REMOVE,6,6
2023-09-12,PRODUCT_FLAT_FILE_INVLOADER,12,12
2023-09-12,PRODUCT_LIST,12,12
2023-09-12,PRODUCT_LIST_IMAGE,12,12
2023-09-12,PRODUCT_LIST_INVENTORY,12,12
2023-09-12,PRODUCT_LIST_PRICE,12,12
2023-09-12,PRODUCT_LIST_REMOVE,1,1
2023-09-13,PRODUCT_FLAT_FILE_INVLOADER,5,5
2023-09-13,PRODUCT_LIST,5,5
2023-09-13,PRODUCT_LIST_IMAGE,5,5
2023-09-13,PRODUCT_LIST_INVENTORY,5,5
2023-09-13,PRODUCT_LIST_PRICE,5,5
2023-09-13,PRODUCT_LIST_REMOVE,4,4
2023-09-14,PRODUCT_FLAT_FILE_INVLOADER,13,13
2023-09-14,PRODUCT_LIST,13,13
2023-09-14,PRODUCT_LIST_IMAGE,13,13
2023-09-14,PRODUCT_LIST_INVENTORY,13,13
2023-09-14,PRODUCT_LIST_PRICE,13,13
2023-09-14,PRODUCT_LIST_REMOVE,1,1
2023-09-15,PRODUCT_FLAT_FILE_INVLOADER,7,7
2023-09-15,PRODUCT_LIST,7,7
2023-09-15,PRODUCT_LIST_IMAGE,7,7
2023-09-15,PRODUCT_LIST_INVENTORY,7,7
2023-09-15,PRODUCT_LIST_PRICE,7,7
2023-09-15,PRODUCT_LIST_REMOVE,2,2
2023-09-16,PRODUCT_FLAT_FILE_INVLOADER,8,8
2023-09-16,PRODUCT_LIST,8,8
2023-09-16,PRODUCT_LIST_IMAGE,8,8
2023-09-16,PRODUCT_LIST_INVENTORY,8,8
2023-09-16,PRODUCT_LIST_PRICE,8,8
2023-09-17,PRODUCT_FLAT_FILE_INVLOADER,14,14
2023-09-17,PRODUCT_LIST,14,14
2023-09-17,PRODUCT_LIST_IMAGE,14,14
2023-09-17,PRODUCT_LIST_INVENTORY,14,14
2023-09-17,PRODUCT_LIST_PRICE,14,14
2023-09-18,PRODUCT_FLAT_FILE_INVLOADER,8,8
2023-09-18,PRODUCT_LIST,12,12
2023-09-18,PRODUCT_LIST_IMAGE,8,8
2023-09-18,PRODUCT_LIST_INVENTORY,8,8
2023-09-18,PRODUCT_LIST_PRICE,8,8
2023-09-19,PRODUCT_FLAT_FILE_INVLOADER,10,10
2023-09-19,PRODUCT_LIST,9,9
2023-09-19,PRODUCT_LIST_IMAGE,10,10
2023-09-19,PRODUCT_LIST_INVENTORY,10,10
2023-09-19,PRODUCT_LIST_PRICE,10,10
2023-09-19,PRODUCT_LIST_REMOVE,5,5
2023-09-20,PRODUCT_FLAT_FILE_INVLOADER,9,9
2023-09-20,PRODUCT_LIST,8,8
2023-09-20,PRODUCT_LIST_IMAGE,9,9
2023-09-20,PRODUCT_LIST_INVENTORY,9,9
2023-09-20,PRODUCT_LIST_PRICE,9,9
2023-09-20,PRODUCT_LIST_REMOVE,3,3
2023-09-21,PRODUCT_FLAT_FILE_INVLOADER,6,6
2023-09-21,PRODUCT_LIST,6,6
2023-09-21,PRODUCT_LIST_IMAGE,6,6
2023-09-21,PRODUCT_LIST_INVENTORY,6,6
2023-09-21,PRODUCT_LIST_PRICE,6,6
2023-09-22,PRODUCT_FLAT_FILE_INVLOADER,8,8
2023-09-22,PRODUCT_LIST,8,8
2023-09-22,PRODUCT_LIST_IMAGE,8,8
2023-09-22,PRODUCT_LIST_INVENTORY,8,8
2023-09-22,PRODUCT_LIST_PRICE,8,8
2023-09-23,PRODUCT_FLAT_FILE_INVLOADER,3,3
2023-09-23,PRODUCT_LIST,5,5
2023-09-23,PRODUCT_LIST_IMAGE,3,3
2023-09-23,PRODUCT_LIST_INVENTORY,3,3
2023-09-23,PRODUCT_LIST_PRICE,3,3
2023-09-24,PRODUCT_FLAT_FILE_INVLOADER,8,8
2023-09-24,PRODUCT_LIST,11,11
2023-09-24,PRODUCT_LIST_IMAGE,8,8
2023-09-24,PRODUCT_LIST_INVENTORY,8,8
2023-09-24,PRODUCT_LIST_PRICE,8,8
2023-09-25,PRODUCT_FLAT_FILE_INVLOADER,10,10
2023-09-25,PRODUCT_LIST,12,12
2023-09-25,PRODUCT_LIST_IMAGE,10,10
2023-09-25,PRODUCT_LIST_INVENTORY,10,10
2023-09-25,PRODUCT_LIST_PRICE,10,10
2023-09-25,PRODUCT_LIST_REMOVE,2,2
2023-09-26,PRODUCT_FLAT_FILE_INVLOADER,7,7
2023-09-26,PRODUCT_LIST,7,7
2023-09-26,PRODUCT_LIST_IMAGE,7,7
2023-09-26,PRODUCT_LIST_INVENTORY,7,7
2023-09-26,PRODUCT_LIST_PRICE,7,7
2023-09-27,PRODUCT_FLAT_FILE_INVLOADER,9,9
2023-09-27,PRODUCT_LIST,9,9
2023-09-27,PRODUCT_LIST_IMAGE,9,9
2023-09-27,PRODUCT_LIST_INVENTORY,9,9
2023-09-27,PRODUCT_LIST_PRICE,9,9
2023-09-27,PRODUCT_LIST_REMOVE,1,1
2023-09-28,PRODUCT_FLAT_FILE_INVLOADER,2,2
2023-09-28,PRODUCT_LIST,2,2
2023-09-28,PRODUCT_LIST_IMAGE,2,2
2023-09-28,PRODUCT_LIST_INVENTORY,2,2
2023-09-28,PRODUCT_LIST_PRICE,2,2
2023-09-28,PRODUCT_LIST_REMOVE,1,1
2023-09-29,PRODUCT_FLAT_FILE_INVLOADER,6,6
2023-09-29,PRODUCT_LIST,6,6
2023-09-29,PRODUCT_LIST_IMAGE,6,6
2023-09-29,PRODUCT_LIST_INVENTORY,6,6
2023-09-29,PRODUCT_LIST_PRICE,6,6
2023-09-29,PRODUCT_LIST_REMOVE,3,3
2023-09-30,PRODUCT_FLAT_FILE_INVLOADER,7,7
2023-09-30,PRODUCT_LIST,7,7
2023-09-30,PRODUCT_LIST_IMAGE,7,7
2023-09-30,PRODUCT_LIST_INVENTORY,7,7
2023-09-30,PRODUCT_LIST_PRICE,7,7
2023-10-01,PRODUCT_FLAT_FILE_INVLOADER,7,7
2023-10-01,PRODUCT_LIST,7,7
2023-10-01,PRODUCT_LIST_IMAGE,7,7
2023-10-01,PRODUCT_LIST_INVENTORY,7,7
2023-10-01,PRODUCT_LIST_PRICE,7,7
2023-10-01,PRODUCT_LIST_REMOVE,1,1
2023-10-02,PRODUCT_FLAT_FILE_INVLOADER,7,7
2023-10-02,PRODUCT_LIST,7,7
2023-10-02,PRODUCT_LIST_IMAGE,7,7
2023-10-02,PRODUCT_LIST_INVENTORY,7,7
2023-10-02,PRODUCT_LIST_PRICE,7,7
2023-10-02,PRODUCT_LIST_REMOVE,6,6
2023-10-03,PRODUCT_FLAT_FILE_INVLOADER,8,8
2023-10-03,PRODUCT_LIST,9,9
2023-10-03,PRODUCT_LIST_IMAGE,8,8
2023-10-03,PRODUCT_LIST_INVENTORY,8,8
2023-10-03,PRODUCT_LIST_PRICE,8,8
2023-10-03,PRODUCT_LIST_REMOVE,3,3
2023-10-04,PRODUCT_FLAT_FILE_INVLOADER,10,10
2023-10-04,PRODUCT_LIST,10,10
2023-10-04,PRODUCT_LIST_IMAGE,10,10
2023-10-04,PRODUCT_LIST_INVENTORY,10,10
2023-10-04,PRODUCT_LIST_PRICE,10,10
2023-10-05,PRODUCT_FLAT_FILE_INVLOADER,8,8
2023-10-05,PRODUCT_LIST,8,8
2023-10-05,PRODUCT_LIST_IMAGE,8,8
2023-10-05,PRODUCT_LIST_INVENTORY,8,8
2023-10-05,PRODUCT_LIST_PRICE,8,8
2023-10-05,PRODUCT_LIST_REMOVE,1,1
2023-10-06,PRODUCT_FLAT_FILE_INVLOADER,6,6
2023-10-06,PRODUCT_LIST,6,6
2023-10-06,PRODUCT_LIST_IMAGE,6,6
2023-10-06,PRODUCT_LIST_INVENTORY,6,6
2023-10-06,PRODUCT_LIST_PRICE,6,6
2023-10-07,PRODUCT_FLAT_FILE_INVLOADER,9,9
2023-10-07,PRODUCT_LIST,9,9
2023-10-07,PRODUCT_LIST_IMAGE,9,9
2023-10-07,PRODUCT_LIST_INVENTORY,9,9
2023-10-07,PRODUCT_LIST_PRICE,9,9
2023-10-08,PRODUCT_FLAT_FILE_INVLOADER,4,4
2023-10-08,PRODUCT_LIST,4,4
2023-10-08,PRODUCT_LIST_IMAGE,4,4
2023-10-08,PRODUCT_LIST_INVENTORY,4,4
2023-10-08,PRODUCT_LIST_PRICE,4,4
2023-10-08,PRODUCT_LIST_REMOVE,1,1
2023-10-09,PRODUCT_FLAT_FILE_INVLOADER,4,4
2023-10-09,PRODUCT_LIST,5,5
2023-10-09,PRODUCT_LIST_IMAGE,4,4
2023-10-09,PRODUCT_LIST_INVENTORY,4,4
2023-10-09,PRODUCT_LIST_PRICE,4,4
2023-10-09,PRODUCT_LIST_REMOVE,1,1
2023-10-10,PRODUCT_FLAT_FILE_INVLOADER,7,7
2023-10-10,PRODUCT_LIST,7,7
2023-10-10,PRODUCT_LIST_IMAGE,7,7
2023-10-10,PRODUCT_LIST_INVENTORY,7,7
2023-10-10,PRODUCT_LIST_PRICE,7,7
2023-10-11,PRODUCT_FLAT_FILE_INVLOADER,9,9
2023-10-11,PRODUCT_LIST,8,8
2023-10-11,PRODUCT_LIST_IMAGE,9,9
2023-10-11,PRODUCT_LIST_INVENTORY,9,9
2023-10-11,PRODUCT_LIST_PRICE,9,9
2023-10-11,PRODUCT_LIST_REMOVE,1,1
2023-10-12,PRODUCT_FLAT_FILE_INVLOADER,9,9
2023-10-12,PRODUCT_LIST,9,9
2023-10-12,PRODUCT_LIST_IMAGE,9,9
2023-10-12,PRODUCT_LIST_INVENTORY,9,9
2023-10-12,PRODUCT_LIST_PRICE,9,9
2023-10-12,PRODUCT_LIST_REMOVE,2,2
2023-10-13,PRODUCT_FLAT_FILE_INVLOADER,9,9
2023-10-13,PRODUCT_LIST,9,9
2023-10-13,PRODUCT_LIST_IMAGE,9,9
2023-10-13,PRODUCT_LIST_INVENTORY,9,9
2023-10-13,PRODUCT_LIST_PRICE,9,9
2023-10-13,PRODUCT_LIST_REMOVE,2,2
2023-10-14,PRODUCT_FLAT_FILE_INVLOADER,9,9
2023-10-14,PRODUCT_LIST,9,9
2023-10-14,PRODUCT_LIST_IMAGE,9,9
2023-10-14,PRODUCT_LIST_INVENTORY,9,9
2023-10-14,PRODUCT_LIST_PRICE,9,9
2023-10-15,PRODUCT_FLAT_FILE_INVLOADER,10,10
2023-10-15,PRODUCT_LIST,10,10
2023-10-15,PRODUCT_LIST_IMAGE,10,10
2023-10-15,PRODUCT_LIST_INVENTORY,10,10
2023-10-15,PRODUCT_LIST_PRICE,10,10
2023-10-16,PRODUCT_FLAT_FILE_INVLOADER,6,6
2023-10-16,PRODUCT_LIST,6,6
2023-10-16,PRODUCT_LIST_IMAGE,6,6
2023-10-16,PRODUCT_LIST_INVENTORY,6,6
2023-10-16,PRODUCT_LIST_PRICE,6,6
2023-10-16,PRODUCT_LIST_REMOVE,1,1
2023-10-17,PRODUCT_FLAT_FILE_INVLOADER,17,17
2023-10-17,PRODUCT_LIST,17,17
2023-10-17,PRODUCT_LIST_IMAGE,17,17
2023-10-17,PRODUCT_LIST_INVENTORY,17,17
2023-10-17,PRODUCT_LIST_PRICE,17,17
2023-10-17,PRODUCT_LIST_REMOVE,3,3
2023-10-18,PRODUCT_FLAT_FILE_INVLOADER,2,2
2023-10-18,PRODUCT_LIST,2,2
2023-10-18,PRODUCT_LIST_IMAGE,2,2
2023-10-18,PRODUCT_LIST_INVENTORY,2,2
2023-10-18,PRODUCT_LIST_PRICE,2,2
2023-10-19,PRODUCT_FLAT_FILE_INVLOADER,9,9
2023-10-19,PRODUCT_LIST,9,9
2023-10-19,PRODUCT_LIST_IMAGE,9,9
2023-10-19,PRODUCT_LIST_INVENTORY,9,9
2023-10-19,PRODUCT_LIST_PRICE,9,9
2023-10-19,PRODUCT_LIST_REMOVE,4,4
2023-10-20,PRODUCT_FLAT_FILE_INVLOADER,3,3
2023-10-20,PRODUCT_LIST,4,4
2023-10-20,PRODUCT_LIST_IMAGE,3,3
2023-10-20,PRODUCT_LIST_INVENTORY,3,3
2023-10-20,PRODUCT_LIST_PRICE,3,3
2023-10-21,PRODUCT_FLAT_FILE_INVLOADER,4,4
2023-10-21,PRODUCT_LIST,4,4
2023-10-21,PRODUCT_LIST_IMAGE,4,4
2023-10-21,PRODUCT_LIST_INVENTORY,4,4
2023-10-21,PRODUCT_LIST_PRICE,4,4
2023-10-22,PRODUCT_FLAT_FILE_INVLOADER,18,18
2023-10-22,PRODUCT_LIST,18,18
2023-10-22,PRODUCT_LIST_IMAGE,18,18
2023-10-22,PRODUCT_LIST_INVENTORY,18,18
2023-10-22,PRODUCT_LIST_PRICE,18,18
2023-10-22,PRODUCT_LIST_REMOVE,1,1
2023-10-23,PRODUCT_FLAT_FILE_INVLOADER,7,7
2023-10-23,PRODUCT_LIST,9,9
2023-10-23,PRODUCT_LIST_IMAGE,7,7
2023-10-23,PRODUCT_LIST_INVENTORY,7,7
2023-10-23,PRODUCT_LIST_PRICE,7,7
2023-10-23,PRODUCT_LIST_REMOVE,2,2
2023-10-24,PRODUCT_FLAT_FILE_INVLOADER,33,33
2023-10-24,PRODUCT_LIST,33,33
2023-10-24,PRODUCT_LIST_IMAGE,33,33
2023-10-24,PRODUCT_LIST_INVENTORY,33,33
2023-10-24,PRODUCT_LIST_PRICE,33,33
2023-10-24,PRODUCT_LIST_REMOVE,3,3
2023-10-25,PRODUCT_FLAT_FILE_INVLOADER,14,14
2023-10-25,PRODUCT_LIST,14,14
2023-10-25,PRODUCT_LIST_IMAGE,14,14
2023-10-25,PRODUCT_LIST_INVENTORY,14,14
2023-10-25,PRODUCT_LIST_PRICE,14,14
2023-10-25,PRODUCT_LIST_REMOVE,7,7
2023-10-26,PRODUCT_FLAT_FILE_INVLOADER,18,18
2023-10-26,PRODUCT_LIST,18,18
2023-10-26,PRODUCT_LIST_IMAGE,18,18
2023-10-26,PRODUCT_LIST_INVENTORY,18,18
2023-10-26,PRODUCT_LIST_PRICE,18,18
2023-10-26,PRODUCT_LIST_REMOVE,1,1
2023-10-27,PRODUCT_FLAT_FILE_INVLOADER,18,18
2023-10-27,PRODUCT_LIST,18,18
2023-10-27,PRODUCT_LIST_IMAGE,18,18
2023-10-27,PRODUCT_LIST_INVENTORY,18,18
2023-10-27,PRODUCT_LIST_PRICE,18,18
2023-10-28,PRODUCT_FLAT_FILE_INVLOADER,23,23
2023-10-28,PRODUCT_LIST,23,23
2023-10-28,PRODUCT_LIST_IMAGE,23,23
2023-10-28,PRODUCT_LIST_INVENTORY,23,23
2023-10-28,PRODUCT_LIST_PRICE,23,23
2023-10-29,PRODUCT_FLAT_FILE_INVLOADER,21,21
2023-10-29,PRODUCT_LIST,21,21
2023-10-29,PRODUCT_LIST_IMAGE,21,21
2023-10-29,PRODUCT_LIST_INVENTORY,21,21
2023-10-29,PRODUCT_LIST_PRICE,21,21
2023-10-30,PRODUCT_FLAT_FILE_INVLOADER,14,14
2023-10-30,PRODUCT_LIST,21,21
2023-10-30,PRODUCT_LIST_IMAGE,14,14
2023-10-30,PRODUCT_LIST_INVENTORY,14,14
2023-10-30,PRODUCT_LIST_PRICE,14,14
2023-10-30,PRODUCT_LIST_REMOVE,5,5
2023-10-31,PRODUCT_FLAT_FILE_INVLOADER,20,20
2023-10-31,PRODUCT_LIST,13,13
2023-10-31,PRODUCT_LIST_IMAGE,20,20
2023-10-31,PRODUCT_LIST_INVENTORY,20,20
2023-10-31,PRODUCT_LIST_PRICE,20,20
2023-10-31,PRODUCT_LIST_REMOVE,3,3
2023-11-01,PRODUCT_FLAT_FILE_INVLOADER,8,8
2023-11-01,PRODUCT_LIST,8,8
2023-11-01,PRODUCT_LIST_IMAGE,8,8
2023-11-01,PRODUCT_LIST_INVENTORY,8,8
2023-11-01,PRODUCT_LIST_PRICE,8,8
2023-11-02,PRODUCT_FLAT_FILE_INVLOADER,14,14
2023-11-02,PRODUCT_LIST,14,14
2023-11-02,PRODUCT_LIST_IMAGE,14,14
2023-11-02,PRODUCT_LIST_INVENTORY,14,14
2023-11-02,PRODUCT_LIST_PRICE,14,14
2023-11-03,PRODUCT_FLAT_FILE_INVLOADER,12,12
2023-11-03,PRODUCT_LIST,11,11
2023-11-03,PRODUCT_LIST_IMAGE,11,11
2023-11-03,PRODUCT_LIST_INVENTORY,11,11
2023-11-03,PRODUCT_LIST_PRICE,12,12
2023-11-03,PRODUCT_LIST_REMOVE,1,1
2023-11-04,PRODUCT_FLAT_FILE_INVLOADER,7,7
2023-11-04,PRODUCT_LIST,7,7
2023-11-04,PRODUCT_LIST_IMAGE,7,7
2023-11-04,PRODUCT_LIST_INVENTORY,7,7
2023-11-04,PRODUCT_LIST_PRICE,7,7
2023-11-05,PRODUCT_FLAT_FILE_INVLOADER,24,24
2023-11-05,PRODUCT_LIST,24,24
2023-11-05,PRODUCT_LIST_IMAGE,24,24
2023-11-05,PRODUCT_LIST_INVENTORY,24,24
2023-11-05,PRODUCT_LIST_PRICE,24,24
2023-11-06,PRODUCT_FLAT_FILE_INVLOADER,33,33
2023-11-06,PRODUCT_LIST,33,33
2023-11-06,PRODUCT_LIST_IMAGE,33,33
2023-11-06,PRODUCT_LIST_INVENTORY,33,33
2023-11-06,PRODUCT_LIST_PRICE,33,33
2023-11-06,PRODUCT_LIST_REMOVE,3,3
2023-11-07,PRODUCT_FLAT_FILE_INVLOADER,9,9
2023-11-07,PRODUCT_LIST,9,9
2023-11-07,PRODUCT_LIST_IMAGE,9,9
2023-11-07,PRODUCT_LIST_INVENTORY,9,9
2023-11-07,PRODUCT_LIST_PRICE,9,9
2023-11-07,PRODUCT_LIST_REMOVE,2,2
2023-11-08,PRODUCT_FLAT_FILE_INVLOADER,8,8
2023-11-08,PRODUCT_LIST,8,8
2023-11-08,PRODUCT_LIST_IMAGE,8,8
2023-11-08,PRODUCT_LIST_INVENTORY,8,8
2023-11-08,PRODUCT_LIST_PRICE,8,8
2023-11-08,PRODUCT_LIST_REMOVE,1,1
2023-11-09,PRODUCT_FLAT_FILE_INVLOADER,14,14
2023-11-09,PRODUCT_LIST,14,14
2023-11-09,PRODUCT_LIST_IMAGE,14,14
2023-11-09,PRODUCT_LIST_INVENTORY,14,14
2023-11-09,PRODUCT_LIST_PRICE,14,14
2023-11-09,PRODUCT_LIST_REMOVE,1,1
2023-11-10,PRODUCT_FLAT_FILE_INVLOADER,15,15
2023-11-10,PRODUCT_LIST,19,19
2023-11-10,PRODUCT_LIST_IMAGE,15,15
2023-11-10,PRODUCT_LIST_INVENTORY,15,15
2023-11-10,PRODUCT_LIST_PRICE,15,15
2023-11-10,PRODUCT_LIST_REMOVE,2,2
2023-11-11,PRODUCT_FLAT_FILE_INVLOADER,19,19
2023-11-11,PRODUCT_LIST,16,16
2023-11-11,PRODUCT_LIST_IMAGE,19,19
2023-11-11,PRODUCT_LIST_INVENTORY,19,19
2023-11-11,PRODUCT_LIST_PRICE,19,19
2023-11-12,PRODUCT_FLAT_FILE_INVLOADER,7,7
2023-11-12,PRODUCT_LIST,7,7
2023-11-12,PRODUCT_LIST_IMAGE,7,7
2023-11-12,PRODUCT_LIST_INVENTORY,7,7
2023-11-12,PRODUCT_LIST_PRICE,7,7
2023-11-13,PRODUCT_FLAT_FILE_INVLOADER,10,10
2023-11-13,PRODUCT_LIST,11,11
2023-11-13,PRODUCT_LIST_IMAGE,10,10
2023-11-13,PRODUCT_LIST_INVENTORY,10,10
2023-11-13,PRODUCT_LIST_PRICE,10,10
2023-11-13,PRODUCT_LIST_REMOVE,11,11
2023-11-14,PRODUCT_FLAT_FILE_INVLOADER,12,12
2023-11-14,PRODUCT_LIST,12,12
2023-11-14,PRODUCT_LIST_IMAGE,12,12
2023-11-14,PRODUCT_LIST_INVENTORY,12,12
2023-11-14,PRODUCT_LIST_PRICE,12,12
2023-11-15,PRODUCT_FLAT_FILE_INVLOADER,8,8
2023-11-15,PRODUCT_LIST,9,9
2023-11-15,PRODUCT_LIST_IMAGE,8,8
2023-11-15,PRODUCT_LIST_INVENTORY,8,8
2023-11-15,PRODUCT_LIST_PRICE,8,8
2023-11-15,PRODUCT_LIST_REMOVE,17,17
2023-11-16,PRODUCT_FLAT_FILE_INVLOADER,12,12
2023-11-16,PRODUCT_LIST,15,15
2023-11-16,PRODUCT_LIST_IMAGE,12,12
2023-11-16,PRODUCT_LIST_INVENTORY,12,12
2023-11-16,PRODUCT_LIST_PRICE,12,12
2023-11-16,PRODUCT_LIST_REMOVE,1,1
2023-11-17,PRODUCT_FLAT_FILE_INVLOADER,19,19
2023-11-17,PRODUCT_LIST,19,19
2023-11-17,PRODUCT_LIST_IMAGE,19,19
2023-11-17,PRODUCT_LIST_INVENTORY,19,19
2023-11-17,PRODUCT_LIST_PRICE,19,19
2023-11-17,PRODUCT_LIST_REMOVE,4,4
2023-11-18,PRODUCT_FLAT_FILE_INVLOADER,11,11
2023-11-18,PRODUCT_LIST,11,11
2023-11-18,PRODUCT_LIST_IMAGE,11,11
2023-11-18,PRODUCT_LIST_INVENTORY,11,11
2023-11-18,PRODUCT_LIST_PRICE,11,11
2023-11-19,PRODUCT_FLAT_FILE_INVLOADER,15,15
2023-11-19,PRODUCT_LIST,15,15
2023-11-19,PRODUCT_LIST_IMAGE,15,15
2023-11-19,PRODUCT_LIST_INVENTORY,15,15
2023-11-19,PRODUCT_LIST_PRICE,15,15
2023-11-20,PRODUCT_FLAT_FILE_INVLOADER,18,18
2023-11-20,PRODUCT_LIST,18,18
2023-11-20,PRODUCT_LIST_IMAGE,18,18
2023-11-20,PRODUCT_LIST_INVENTORY,18,18
2023-11-20,PRODUCT_LIST_PRICE,18,18
2023-11-20,PRODUCT_LIST_REMOVE,2,2
2023-11-21,PRODUCT_FLAT_FILE_INVLOADER,5,5
2023-11-21,PRODUCT_LIST,6,6
2023-11-21,PRODUCT_LIST_IMAGE,5,5
2023-11-21,PRODUCT_LIST_INVENTORY,5,5
2023-11-21,PRODUCT_LIST_PRICE,5,5
2023-11-21,PRODUCT_LIST_REMOVE,4,4
2023-11-22,PRODUCT_FLAT_FILE_INVLOADER,15,15
2023-11-22,PRODUCT_LIST,14,14
2023-11-22,PRODUCT_LIST_IMAGE,15,15
2023-11-22,PRODUCT_LIST_INVENTORY,15,15
2023-11-22,PRODUCT_LIST_PRICE,15,15
2023-11-22,PRODUCT_LIST_REMOVE,3,3
2023-11-23,PRODUCT_FLAT_FILE_INVLOADER,23,23
2023-11-23,PRODUCT_LIST,26,26
2023-11-23,PRODUCT_LIST_IMAGE,23,23
2023-11-23,PRODUCT_LIST_INVENTORY,23,23
2023-11-23,PRODUCT_LIST_PRICE,23,23
2023-11-23,PRODUCT_LIST_REMOVE,1,1
2023-11-24,PRODUCT_FLAT_FILE_INVLOADER,23,23
2023-11-24,PRODUCT_LIST,20,20
2023-11-24,PRODUCT_LIST_IMAGE,23,23
2023-11-24,PRODUCT_LIST_INVENTORY,23,23
2023-11-24,PRODUCT_LIST_PRICE,23,23
2023-11-25,PRODUCT_FLAT_FILE_INVLOADER,7,7
2023-11-25,PRODUCT_LIST,7,7
2023-11-25,PRODUCT_LIST_IMAGE,7,7
2023-11-25,PRODUCT_LIST_INVENTORY,7,7
2023-11-25,PRODUCT_LIST_PRICE,7,7
2023-11-26,PRODUCT_FLAT_FILE_INVLOADER,18,18
2023-11-26,PRODUCT_LIST,18,18
2023-11-26,PRODUCT_LIST_IMAGE,18,18
2023-11-26,PRODUCT_LIST_INVENTORY,18,18
2023-11-26,PRODUCT_LIST_PRICE,18,18
2023-11-26,PRODUCT_LIST_REMOVE,2,2
2023-11-27,PRODUCT_FLAT_FILE_INVLOADER,22,22
2023-11-27,PRODUCT_LIST,22,22
2023-11-27,PRODUCT_LIST_IMAGE,22,22
2023-11-27,PRODUCT_LIST_INVENTORY,22,22
2023-11-27,PRODUCT_LIST_PRICE,22,22
2023-11-27,PRODUCT_LIST_REMOVE,10,10
2023-11-28,PRODUCT_FLAT_FILE_INVLOADER,25,25
2023-11-28,PRODUCT_LIST,25,25
2023-11-28,PRODUCT_LIST_IMAGE,25,25
2023-11-28,PRODUCT_LIST_INVENTORY,25,25
2023-11-28,PRODUCT_LIST_PRICE,25,25
2023-11-28,PRODUCT_LIST_REMOVE,10,10
2023-11-29,PRODUCT_FLAT_FILE_INVLOADER,9,9
2023-11-29,PRODUCT_LIST,9,9
2023-11-29,PRODUCT_LIST_IMAGE,9,9
2023-11-29,PRODUCT_LIST_INVENTORY,9,9
2023-11-29,PRODUCT_LIST_PRICE,9,9
2023-11-29,PRODUCT_LIST_REMOVE,2,2
2023-11-30,PRODUCT_FLAT_FILE_INVLOADER,16,16
2023-11-30,PRODUCT_LIST,16,16
2023-11-30,PRODUCT_LIST_IMAGE,16,16
2023-11-30,PRODUCT_LIST_INVENTORY,16,16
2023-11-30,PRODUCT_LIST_PRICE,16,16
2023-12-01,PRODUCT_FLAT_FILE_INVLOADER,5,5
2023-12-01,PRODUCT_LIST,5,5
2023-12-01,PRODUCT_LIST_IMAGE,5,5
2023-12-01,PRODUCT_LIST_INVENTORY,5,5
2023-12-01,PRODUCT_LIST_PRICE,5,5
2023-12-01,PRODUCT_LIST_REMOVE,4,4
2023-12-02,PRODUCT_FLAT_FILE_INVLOADER,15,15
2023-12-02,PRODUCT_LIST,15,15
2023-12-02,PRODUCT_LIST_IMAGE,15,15
2023-12-02,PRODUCT_LIST_INVENTORY,15,15
2023-12-02,PRODUCT_LIST_PRICE,15,15
2023-12-03,PRODUCT_FLAT_FILE_INVLOADER,13,13
2023-12-03,PRODUCT_LIST,13,13
2023-12-03,PRODUCT_LIST_IMAGE,13,13
2023-12-03,PRODUCT_LIST_INVENTORY,13,13
2023-12-03,PRODUCT_LIST_PRICE,13,13
2023-12-04,PRODUCT_FLAT_FILE_INVLOADER,10,10
2023-12-04,PRODUCT_LIST,10,10
2023-12-04,PRODUCT_LIST_IMAGE,10,10
2023-12-04,PRODUCT_LIST_INVENTORY,10,10
2023-12-04,PRODUCT_LIST_PRICE,10,10
2023-12-04,PRODUCT_LIST_REMOVE,1,1
2023-12-05,PRODUCT_FLAT_FILE_INVLOADER,14,14
2023-12-05,PRODUCT_LIST,14,14
2023-12-05,PRODUCT_LIST_IMAGE,14,14
2023-12-05,PRODUCT_LIST_INVENTORY,14,14
2023-12-05,PRODUCT_LIST_PRICE,14,14
2023-12-06,PRODUCT_FLAT_FILE_INVLOADER,5,5
2023-12-06,PRODUCT_LIST,5,5
2023-12-06,PRODUCT_LIST_IMAGE,5,5
2023-12-06,PRODUCT_LIST_INVENTORY,5,5
2023-12-06,PRODUCT_LIST_PRICE,5,5
2023-12-06,PRODUCT_LIST_REMOVE,3,3
2023-12-07,PRODUCT_FLAT_FILE_INVLOADER,13,13
2023-12-07,PRODUCT_LIST,13,13
2023-12-07,PRODUCT_LIST_IMAGE,13,13
2023-12-07,PRODUCT_LIST_INVENTORY,13,13
2023-12-07,PRODUCT_LIST_PRICE,13,13
2023-12-08,PRODUCT_FLAT_FILE_INVLOADER,6,6
2023-12-08,PRODUCT_LIST,6,6
2023-12-08,PRODUCT_LIST_IMAGE,6,6
2023-12-08,PRODUCT_LIST_INVENTORY,6,6
2023-12-08,PRODUCT_LIST_PRICE,6,6
2023-12-08,PRODUCT_LIST_REMOVE,2,2
2023-12-09,PRODUCT_FLAT_FILE_INVLOADER,6,6
2023-12-09,PRODUCT_LIST,6,6
2023-12-09,PRODUCT_LIST_IMAGE,6,6
2023-12-09,PRODUCT_LIST_INVENTORY,6,6
2023-12-09,PRODUCT_LIST_PRICE,6,6
2023-12-10,PRODUCT_FLAT_FILE_INVLOADER,6,6
2023-12-10,PRODUCT_LIST,7,7
2023-12-10,PRODUCT_LIST_IMAGE,6,6
2023-12-10,PRODUCT_LIST_INVENTORY,6,6
2023-12-10,PRODUCT_LIST_PRICE,6,6
2023-12-11,PRODUCT_FLAT_FILE_INVLOADER,16,16
2023-12-11,PRODUCT_LIST,15,15
2023-12-11,PRODUCT_LIST_IMAGE,16,16
2023-12-11,PRODUCT_LIST_INVENTORY,16,16
2023-12-11,PRODUCT_LIST_PRICE,16,16
2023-12-11,PRODUCT_LIST_REMOVE,2,2
2023-12-12,PRODUCT_FLAT_FILE_INVLOADER,12,12
2023-12-12,PRODUCT_LIST,12,12
2023-12-12,PRODUCT_LIST_IMAGE,12,12
2023-12-12,PRODUCT_LIST_INVENTORY,12,12
2023-12-12,PRODUCT_LIST_PRICE,12,12
2023-12-12,PRODUCT_LIST_REMOVE,1,1
2023-12-13,PRODUCT_FLAT_FILE_INVLOADER,13,13
2023-12-13,PRODUCT_LIST,14,14
2023-12-13,PRODUCT_LIST_IMAGE,13,13
2023-12-13,PRODUCT_LIST_INVENTORY,13,13
2023-12-13,PRODUCT_LIST_PRICE,13,13
2023-12-13,PRODUCT_LIST_REMOVE,2,2
2023-12-14,PRODUCT_FLAT_FILE_INVLOADER,13,13
2023-12-14,PRODUCT_LIST,13,13
2023-12-14,PRODUCT_LIST_IMAGE,13,13
2023-12-14,PRODUCT_LIST_INVENTORY,13,13
2023-12-14,PRODUCT_LIST_PRICE,13,13
2023-12-14,PRODUCT_LIST_REMOVE,2,2
2023-12-15,PRODUCT_FLAT_FILE_INVLOADER,20,20
2023-12-15,PRODUCT_LIST,21,21
2023-12-15,PRODUCT_LIST_IMAGE,20,20
2023-12-15,PRODUCT_LIST_INVENTORY,20,20
2023-12-15,PRODUCT_LIST_PRICE,20,20
2023-12-15,PRODUCT_LIST_REMOVE,4,4
2023-12-16,PRODUCT_FLAT_FILE_INVLOADER,2,2
2023-12-16,PRODUCT_LIST,2,2
2023-12-16,PRODUCT_LIST_IMAGE,2,2
2023-12-16,PRODUCT_LIST_INVENTORY,2,2
2023-12-16,PRODUCT_LIST_PRICE,2,2
2023-12-16,PRODUCT_LIST_REMOVE,2,2
2023-12-17,PRODUCT_FLAT_FILE_INVLOADER,3,3
2023-12-17,PRODUCT_LIST,3,3
2023-12-17,PRODUCT_LIST_IMAGE,3,3
2023-12-17,PRODUCT_LIST_INVENTORY,3,3
2023-12-17,PRODUCT_LIST_PRICE,3,3
2023-12-17,PRODUCT_LIST_REMOVE,1,1
2023-12-18,PRODUCT_FLAT_FILE_INVLOADER,6,6
2023-12-18,PRODUCT_LIST,6,6
2023-12-18,PRODUCT_LIST_IMAGE,6,6
2023-12-18,PRODUCT_LIST_INVENTORY,6,6
2023-12-18,PRODUCT_LIST_PRICE,6,6
2023-12-19,PRODUCT_FLAT_FILE_INVLOADER,21,21
2023-12-19,PRODUCT_LIST,21,21
2023-12-19,PRODUCT_LIST_IMAGE,21,21
2023-12-19,PRODUCT_LIST_INVENTORY,21,21
2023-12-19,PRODUCT_LIST_PRICE,21,21
2023-12-20,PRODUCT_FLAT_FILE_INVLOADER,5,5
2023-12-20,PRODUCT_LIST,5,5
2023-12-20,PRODUCT_LIST_IMAGE,5,5
2023-12-20,PRODUCT_LIST_INVENTORY,5,5
2023-12-20,PRODUCT_LIST_PRICE,5,5
2023-12-20,PRODUCT_LIST_REMOVE,3,3
2023-12-21,PRODUCT_FLAT_FILE_INVLOADER,16,16
2023-12-21,PRODUCT_LIST,17,17
2023-12-21,PRODUCT_LIST_IMAGE,16,16
2023-12-21,PRODUCT_LIST_INVENTORY,16,16
2023-12-21,PRODUCT_LIST_PRICE,16,16
2023-12-22,PRODUCT_FLAT_FILE_INVLOADER,14,14
2023-12-22,PRODUCT_LIST,14,14
2023-12-22,PRODUCT_LIST_IMAGE,14,14
2023-12-22,PRODUCT_LIST_INVENTORY,14,14
2023-12-22,PRODUCT_LIST_PRICE,14,14
2023-12-22,PRODUCT_LIST_REMOVE,4,4
2023-12-23,PRODUCT_FLAT_FILE_INVLOADER,15,15
2023-12-23,PRODUCT_LIST,15,15
2023-12-23,PRODUCT_LIST_IMAGE,15,15
2023-12-23,PRODUCT_LIST_INVENTORY,15,15
2023-12-23,PRODUCT_LIST_PRICE,15,15
2023-12-24,PRODUCT_FLAT_FILE_INVLOADER,3,3
2023-12-24,PRODUCT_LIST,3,3
2023-12-24,PRODUCT_LIST_IMAGE,3,3
2023-12-24,PRODUCT_LIST_INVENTORY,3,3
2023-12-24,PRODUCT_LIST_PRICE,3,3
2023-12-25,PRODUCT_FLAT_FILE_INVLOADER,10,10
2023-12-25,PRODUCT_LIST,10,10
2023-12-25,PRODUCT_LIST_IMAGE,10,10
2023-12-25,PRODUCT_LIST_INVENTORY,10,10
2023-12-25,PRODUCT_LIST_PRICE,10,10
2023-12-26,PRODUCT_FLAT_FILE_INVLOADER,1,1
2023-12-26,PRODUCT_LIST,1,1
2023-12-26,PRODUCT_LIST_IMAGE,1,1
2023-12-26,PRODUCT_LIST_INVENTORY,1,1
2023-12-26,PRODUCT_LIST_PRICE,1,1
2023-12-27,PRODUCT_FLAT_FILE_INVLOADER,8,8
2023-12-27,PRODUCT_LIST,11,11
2023-12-27,PRODUCT_LIST_IMAGE,8,8
2023-12-27,PRODUCT_LIST_INVENTORY,8,8
2023-12-27,PRODUCT_LIST_PRICE,8,8
2023-12-28,PRODUCT_FLAT_FILE_INVLOADER,12,12
2023-12-28,PRODUCT_LIST,14,14
2023-12-28,PRODUCT_LIST_IMAGE,12,12
2023-12-28,PRODUCT_LIST_INVENTORY,12,12
2023-12-28,PRODUCT_LIST_PRICE,12,12
2023-12-28,PRODUCT_LIST_REMOVE,1,1
2023-12-29,PRODUCT_FLAT_FILE_INVLOADER,13,13
2023-12-29,PRODUCT_LIST,13,13
2023-12-29,PRODUCT_LIST_IMAGE,13,13
2023-12-29,PRODUCT_LIST_INVENTORY,13,13
2023-12-29,PRODUCT_LIST_PRICE,13,13
2023-12-29,PRODUCT_LIST_REMOVE,1,1
2023-12-30,PRODUCT_FLAT_FILE_INVLOADER,14,14
2023-12-30,PRODUCT_LIST,14,14
2023-12-30,PRODUCT_LIST_IMAGE,14,14
2023-12-30,PRODUCT_LIST_INVENTORY,14,14
2023-12-30,PRODUCT_LIST_PRICE,14,14
2023-12-31,PRODUCT_FLAT_FILE_INVLOADER,11,11
2023-12-31,PRODUCT_LIST,11,11
2023-12-31,PRODUCT_LIST_IMAGE,11,11
2023-12-31,PRODUCT_LIST_INVENTORY,11,11
2023-12-31,PRODUCT_LIST_PRICE,11,11
2024-01-01,PRODUCT_FLAT_FILE_INVLOADER,14,14
2024-01-01,PRODUCT_LIST,14,14
2024-01-01,PRODUCT_LIST_IMAGE,14,14
2024-01-01,PRODUCT_LIST_INVENTORY,14,14
2024-01-01,PRODUCT_LIST_PRICE,14,14
2024-01-01,PRODUCT_LIST_REMOVE,5,5
2024-01-02,PRODUCT_FLAT_FILE_INVLOADER,13,13
2024-01-02,PRODUCT_LIST,13,13
2024-01-02,PRODUCT_LIST_IMAGE,13,13
2024-01-02,PRODUCT_LIST_INVENTORY,13,13
2024-01-02,PRODUCT_LIST_PRICE,13,13
2024-01-02,PRODUCT_LIST_REMOVE,2,2
2024-01-03,PRODUCT_FLAT_FILE_INVLOADER,26,26
2024-01-03,PRODUCT_LIST,26,26
2024-01-03,PRODUCT_LIST_IMAGE,26,26
2024-01-03,PRODUCT_LIST_INVENTORY,26,26
2024-01-03,PRODUCT_LIST_PRICE,26,26
2024-01-03,PRODUCT_LIST_REMOVE,15,15
2024-01-04,PRODUCT_FLAT_FILE_INVLOADER,18,18
2024-01-04,PRODUCT_LIST,18,18
2024-01-04,PRODUCT_LIST_IMAGE,18,18
2024-01-04,PRODUCT_LIST_INVENTORY,18,18
2024-01-04,PRODUCT_LIST_PRICE,18,18
2024-01-04,PRODUCT_LIST_REMOVE,10,10
2024-01-05,PRODUCT_FLAT_FILE_INVLOADER,10,10
2024-01-05,PRODUCT_LIST,11,11
2024-01-05,PRODUCT_LIST_IMAGE,10,10
2024-01-05,PRODUCT_LIST_INVENTORY,10,10
2024-01-05,PRODUCT_LIST_PRICE,10,10
2024-01-05,PRODUCT_LIST_REMOVE,2,2
2024-01-06,PRODUCT_FLAT_FILE_INVLOADER,30,30
2024-01-06,PRODUCT_LIST,30,30
2024-01-06,PRODUCT_LIST_IMAGE,30,30
2024-01-06,PRODUCT_LIST_INVENTORY,30,30
2024-01-06,PRODUCT_LIST_PRICE,30,30
2024-01-07,PRODUCT_FLAT_FILE_INVLOADER,9,9
2024-01-07,PRODUCT_LIST,9,9
2024-01-07,PRODUCT_LIST_IMAGE,9,9
2024-01-07,PRODUCT_LIST_INVENTORY,9,9
2024-01-07,PRODUCT_LIST_PRICE,9,9
2024-01-07,PRODUCT_LIST_REMOVE,1,1
2024-01-08,PRODUCT_FLAT_FILE_INVLOADER,12,12
2024-01-08,PRODUCT_LIST,13,13
2024-01-08,PRODUCT_LIST_IMAGE,12,12
2024-01-08,PRODUCT_LIST_INVENTORY,12,12
2024-01-08,PRODUCT_LIST_PRICE,12,12
2024-01-08,PRODUCT_LIST_REMOVE,17,17
2024-01-09,PRODUCT_FLAT_FILE_INVLOADER,5,5
2024-01-09,PRODUCT_LIST,5,5
2024-01-09,PRODUCT_LIST_IMAGE,5,5
2024-01-09,PRODUCT_LIST_INVENTORY,5,5
2024-01-09,PRODUCT_LIST_PRICE,5,5
2024-01-09,PRODUCT_LIST_REMOVE,1,1
2024-01-10,PRODUCT_FLAT_FILE_INVLOADER,13,13
2024-01-10,PRODUCT_LIST,13,13
2024-01-10,PRODUCT_LIST_IMAGE,13,13
2024-01-10,PRODUCT_LIST_INVENTORY,13,13
2024-01-10,PRODUCT_LIST_PRICE,13,13
2024-01-11,PRODUCT_FLAT_FILE_INVLOADER,5,5
2024-01-11,PRODUCT_LIST,5,5
2024-01-11,PRODUCT_LIST_IMAGE,5,5
2024-01-11,PRODUCT_LIST_INVENTORY,5,5
2024-01-11,PRODUCT_LIST_PRICE,5,5
2024-01-11,PRODUCT_LIST_REMOVE,2,2
2024-01-12,PRODUCT_FLAT_FILE_INVLOADER,10,10
2024-01-12,PRODUCT_LIST,13,13
2024-01-12,PRODUCT_LIST_IMAGE,10,10
2024-01-12,PRODUCT_LIST_INVENTORY,10,10
2024-01-12,PRODUCT_LIST_PRICE,10,10
2024-01-13,PRODUCT_FLAT_FILE_INVLOADER,17,17
2024-01-13,PRODUCT_LIST,17,17
2024-01-13,PRODUCT_LIST_IMAGE,17,17
2024-01-13,PRODUCT_LIST_INVENTORY,17,17
2024-01-13,PRODUCT_LIST_PRICE,17,17
2024-01-14,PRODUCT_FLAT_FILE_INVLOADER,10,10
2024-01-14,PRODUCT_LIST,10,10
2024-01-14,PRODUCT_LIST_IMAGE,10,10
2024-01-14,PRODUCT_LIST_INVENTORY,10,10
2024-01-14,PRODUCT_LIST_PRICE,10,10
2024-01-15,PRODUCT_FLAT_FILE_INVLOADER,28,28
2024-01-15,PRODUCT_LIST,29,29
2024-01-15,PRODUCT_LIST_IMAGE,28,28
2024-01-15,PRODUCT_LIST_INVENTORY,28,28
2024-01-15,PRODUCT_LIST_PRICE,28,28
2024-01-15,PRODUCT_LIST_REMOVE,5,5
2024-01-16,PRODUCT_FLAT_FILE_INVLOADER,9,9
2024-01-16,PRODUCT_LIST,10,10
2024-01-16,PRODUCT_LIST_IMAGE,9,9
2024-01-16,PRODUCT_LIST_INVENTORY,9,9
2024-01-16,PRODUCT_LIST_PRICE,9,9
2024-01-16,PRODUCT_LIST_REMOVE,5,5
2024-01-17,PRODUCT_FLAT_FILE_INVLOADER,9,9
2024-01-17,PRODUCT_LIST,9,9
2024-01-17,PRODUCT_LIST_IMAGE,9,9
2024-01-17,PRODUCT_LIST_INVENTORY,9,9
2024-01-17,PRODUCT_LIST_PRICE,9,9
2024-01-17,PRODUCT_LIST_REMOVE,2,2
2024-01-18,PRODUCT_FLAT_FILE_INVLOADER,7,7
2024-01-18,PRODUCT_LIST,7,7
2024-01-18,PRODUCT_LIST_IMAGE,7,7
2024-01-18,PRODUCT_LIST_INVENTORY,7,7
2024-01-18,PRODUCT_LIST_PRICE,7,7
2024-01-18,PRODUCT_LIST_REMOVE,1,1
2024-01-19,PRODUCT_FLAT_FILE_INVLOADER,8,8
2024-01-19,PRODUCT_LIST,8,8
2024-01-19,PRODUCT_LIST_IMAGE,8,8
2024-01-19,PRODUCT_LIST_INVENTORY,8,8
2024-01-19,PRODUCT_LIST_PRICE,8,8
2024-01-20,PRODUCT_FLAT_FILE_INVLOADER,6,6
2024-01-20,PRODUCT_LIST,6,6
2024-01-20,PRODUCT_LIST_IMAGE,6,6
2024-01-20,PRODUCT_LIST_INVENTORY,6,6
2024-01-20,PRODUCT_LIST_PRICE,6,6
2024-01-21,PRODUCT_FLAT_FILE_INVLOADER,10,10
2024-01-21,PRODUCT_LIST,10,10
2024-01-21,PRODUCT_LIST_IMAGE,10,10
2024-01-21,PRODUCT_LIST_INVENTORY,10,10
2024-01-21,PRODUCT_LIST_PRICE,10,10
2024-01-22,PRODUCT_FLAT_FILE_INVLOADER,9,9
2024-01-22,PRODUCT_LIST,9,9
2024-01-22,PRODUCT_LIST_IMAGE,9,9
2024-01-22,PRODUCT_LIST_INVENTORY,9,9
2024-01-22,PRODUCT_LIST_PRICE,9,9
2024-01-22,PRODUCT_LIST_REMOVE,4,4
2024-01-23,PRODUCT_FLAT_FILE_INVLOADER,4,4
2024-01-23,PRODUCT_LIST,4,4
2024-01-23,PRODUCT_LIST_IMAGE,4,4
2024-01-23,PRODUCT_LIST_INVENTORY,4,4
2024-01-23,PRODUCT_LIST_PRICE,4,4
2024-01-24,PRODUCT_FLAT_FILE_INVLOADER,105,17
2024-01-24,PRODUCT_LIST,314,17
2024-01-24,PRODUCT_LIST_IMAGE,105,17
2024-01-24,PRODUCT_LIST_INVENTORY,105,17
2024-01-24,PRODUCT_LIST_PRICE,105,17
2024-01-25,PRODUCT_FLAT_FILE_INVLOADER,1192,9
2024-01-25,PRODUCT_LIST,1109,9
2024-01-25,PRODUCT_LIST_IMAGE,1192,9
2024-01-25,PRODUCT_LIST_INVENTORY,1192,9
2024-01-25,PRODUCT_LIST_PRICE,1192,9
2024-01-25,PRODUCT_LIST_REMOVE,1,1
2024-01-26,PRODUCT_FLAT_FILE_INVLOADER,1144,6
2024-01-26,PRODUCT_LIST,1164,6
2024-01-26,PRODUCT_LIST_IMAGE,1144,6
2024-01-26,PRODUCT_LIST_INVENTORY,1144,6
2024-01-26,PRODUCT_LIST_PRICE,1144,6
2024-01-26,PRODUCT_LIST_REMOVE,1,1
2024-01-27,PRODUCT_FLAT_FILE_INVLOADER,1233,12
2024-01-27,PRODUCT_LIST,1217,12
2024-01-27,PRODUCT_LIST_IMAGE,1233,12
2024-01-27,PRODUCT_LIST_INVENTORY,1233,12
2024-01-27,PRODUCT_LIST_PRICE,1233,12
2024-01-28,PRODUCT_FLAT_FILE_INVLOADER,1222,14
2024-01-28,PRODUCT_LIST,1293,14
2024-01-28,PRODUCT_LIST_IMAGE,1222,14
2024-01-28,PRODUCT_LIST_INVENTORY,1222,14
2024-01-28,PRODUCT_LIST_PRICE,1222,14
2024-01-28,PRODUCT_LIST_REMOVE,2,2
2024-01-29,PRODUCT_FLAT_FILE_INVLOADER,1198,29
2024-01-29,PRODUCT_LIST,1218,33
2024-01-29,PRODUCT_LIST_IMAGE,1198,29
2024-01-29,PRODUCT_LIST_INVENTORY,1198,29
2024-01-29,PRODUCT_LIST_PRICE,1198,29
2024-01-30,PRODUCT_FLAT_FILE_INVLOADER,1194,20
2024-01-30,PRODUCT_LIST,1206,20
2024-01-30,PRODUCT_LIST_IMAGE,1194,20
2024-01-30,PRODUCT_LIST_INVENTORY,1194,20
2024-01-30,PRODUCT_LIST_PRICE,1194,20
2024-01-30,PRODUCT_LIST_REMOVE,3,3
2024-01-31,PRODUCT_FLAT_FILE_INVLOADER,1040,11
2024-01-31,PRODUCT_LIST,1016,12
2024-01-31,PRODUCT_LIST_IMAGE,1040,11
2024-01-31,PRODUCT_LIST_INVENTORY,1040,11
2024-01-31,PRODUCT_LIST_PRICE,1040,11
2024-01-31,PRODUCT_LIST_REMOVE,12,12
2024-02-01,PRODUCT_FLAT_FILE_INVLOADER,17,17
2024-02-01,PRODUCT_LIST,17,17
2024-02-01,PRODUCT_LIST_IMAGE,17,17
2024-02-01,PRODUCT_LIST_INVENTORY,17,17
2024-02-01,PRODUCT_LIST_PRICE,17,17
2024-02-01,PRODUCT_LIST_REMOVE,3,3
2024-02-02,PRODUCT_FLAT_FILE_INVLOADER,15,15
2024-02-02,PRODUCT_LIST,15,15
2024-02-02,PRODUCT_LIST_IMAGE,15,15
2024-02-02,PRODUCT_LIST_INVENTORY,15,15
2024-02-02,PRODUCT_LIST_PRICE,15,15
2024-02-03,PRODUCT_FLAT_FILE_INVLOADER,4,4
2024-02-03,PRODUCT_LIST,5,5
2024-02-03,PRODUCT_LIST_IMAGE,4,4
2024-02-03,PRODUCT_LIST_INVENTORY,4,4
2024-02-03,PRODUCT_LIST_PRICE,4,4
2024-02-04,PRODUCT_FLAT_FILE_INVLOADER,19,19
2024-02-04,PRODUCT_LIST,19,19
2024-02-04,PRODUCT_LIST_IMAGE,19,19
2024-02-04,PRODUCT_LIST_INVENTORY,19,19
2024-02-04,PRODUCT_LIST_PRICE,19,19
2024-02-04,PRODUCT_LIST_REMOVE,3,3
2024-02-05,PRODUCT_FLAT_FILE_INVLOADER,10,10
2024-02-05,PRODUCT_LIST,12,12
2024-02-05,PRODUCT_LIST_IMAGE,10,10
2024-02-05,PRODUCT_LIST_INVENTORY,10,10
2024-02-05,PRODUCT_LIST_PRICE,10,10
2024-02-05,PRODUCT_LIST_REMOVE,6,6
2024-02-06,PRODUCT_FLAT_FILE_INVLOADER,8,8
2024-02-06,PRODUCT_LIST,8,8
2024-02-06,PRODUCT_LIST_IMAGE,8,8
2024-02-06,PRODUCT_LIST_INVENTORY,8,8
2024-02-06,PRODUCT_LIST_PRICE,8,8
2024-02-06,PRODUCT_LIST_REMOVE,4,4
2024-02-07,PRODUCT_FLAT_FILE_INVLOADER,10,10
2024-02-07,PRODUCT_LIST,10,10
2024-02-07,PRODUCT_LIST_IMAGE,10,10
2024-02-07,PRODUCT_LIST_INVENTORY,10,10
2024-02-07,PRODUCT_LIST_PRICE,10,10
2024-02-07,PRODUCT_LIST_REMOVE,1,1
2024-02-08,PRODUCT_FLAT_FILE_INVLOADER,12,12
2024-02-08,PRODUCT_LIST,12,12
2024-02-08,PRODUCT_LIST_IMAGE,12,12
2024-02-08,PRODUCT_LIST_INVENTORY,12,12
2024-02-08,PRODUCT_LIST_PRICE,12,12
2024-02-08,PRODUCT_LIST_REMOVE,5,5
2024-02-09,PRODUCT_FLAT_FILE_INVLOADER,7,7
2024-02-09,PRODUCT_LIST,7,7
2024-02-09,PRODUCT_LIST_IMAGE,7,7
2024-02-09,PRODUCT_LIST_INVENTORY,7,7
2024-02-09,PRODUCT_LIST_PRICE,7,7
2024-02-09,PRODUCT_LIST_REMOVE,2,2
2024-02-10,PRODUCT_FLAT_FILE_INVLOADER,15,15
2024-02-10,PRODUCT_LIST,15,15
2024-02-10,PRODUCT_LIST_IMAGE,15,15
2024-02-10,PRODUCT_LIST_INVENTORY,15,15
2024-02-10,PRODUCT_LIST_PRICE,15,15
2024-02-11,PRODUCT_FLAT_FILE_INVLOADER,9,9
2024-02-11,PRODUCT_LIST,10,10
2024-02-11,PRODUCT_LIST_IMAGE,9,9
2024-02-11,PRODUCT_LIST_INVENTORY,9,9
2024-02-11,PRODUCT_LIST_PRICE,9,9
2024-02-11,PRODUCT_LIST_REMOVE,8,8
2024-02-12,PRODUCT_FLAT_FILE_INVLOADER,16,16
2024-02-12,PRODUCT_LIST,16,16
2024-02-12,PRODUCT_LIST_IMAGE,16,16
2024-02-12,PRODUCT_LIST_INVENTORY,16,16
2024-02-12,PRODUCT_LIST_PRICE,16,16
2024-02-12,PRODUCT_LIST_REMOVE,1,1
2024-02-13,PRODUCT_FLAT_FILE_INVLOADER,26,26
2024-02-13,PRODUCT_LIST,26,26
2024-02-13,PRODUCT_LIST_IMAGE,26,26
2024-02-13,PRODUCT_LIST_INVENTORY,26,26
2024-02-13,PRODUCT_LIST_PRICE,26,26
2024-02-14,PRODUCT_FLAT_FILE_INVLOADER,6,6
2024-02-14,PRODUCT_LIST,6,6
2024-02-14,PRODUCT_LIST_IMAGE,6,6
2024-02-14,PRODUCT_LIST_INVENTORY,6,6
2024-02-14,PRODUCT_LIST_PRICE,6,6
2024-02-14,PRODUCT_LIST_REMOVE,1,1
2024-02-15,PRODUCT_FLAT_FILE_INVLOADER,25,25
2024-02-15,PRODUCT_LIST,25,25
2024-02-15,PRODUCT_LIST_IMAGE,25,25
2024-02-15,PRODUCT_LIST_INVENTORY,25,25
2024-02-15,PRODUCT_LIST_PRICE,25,25
2024-02-16,PRODUCT_FLAT_FILE_INVLOADER,14,14
2024-02-16,PRODUCT_LIST,14,14
2024-02-16,PRODUCT_LIST_IMAGE,14,14
2024-02-16,PRODUCT_LIST_INVENTORY,14,14
2024-02-16,PRODUCT_LIST_PRICE,14,14
2024-02-17,PRODUCT_FLAT_FILE_INVLOADER,7,7
2024-02-17,PRODUCT_LIST,7,7
2024-02-17,PRODUCT_LIST_IMAGE,7,7
2024-02-17,PRODUCT_LIST_INVENTORY,7,7
2024-02-17,PRODUCT_LIST_PRICE,7,7
2024-02-18,PRODUCT_FLAT_FILE_INVLOADER,21,21
2024-02-18,PRODUCT_LIST,21,21
2024-02-18,PRODUCT_LIST_IMAGE,21,21
2024-02-18,PRODUCT_LIST_INVENTORY,21,21
2024-02-18,PRODUCT_LIST_PRICE,21,21
2024-02-19,PRODUCT_FLAT_FILE_INVLOADER,8,8
2024-02-19,PRODUCT_LIST,8,8
2024-02-19,PRODUCT_LIST_IMAGE,8,8
2024-02-19,PRODUCT_LIST_INVENTORY,8,8
2024-02-19,PRODUCT_LIST_PRICE,8,8
2024-02-19,PRODUCT_LIST_REMOVE,4,4
2024-02-20,PRODUCT_FLAT_FILE_INVLOADER,8,8
2024-02-20,PRODUCT_LIST,8,8
2024-02-20,PRODUCT_LIST_IMAGE,8,8
2024-02-20,PRODUCT_LIST_INVENTORY,8,8
2024-02-20,PRODUCT_LIST_PRICE,8,8
2024-02-20,PRODUCT_LIST_REMOVE,3,3
2024-02-21,PRODUCT_FLAT_FILE_INVLOADER,8,8
2024-02-21,PRODUCT_LIST,8,8
2024-02-21,PRODUCT_LIST_IMAGE,8,8
2024-02-21,PRODUCT_LIST_INVENTORY,8,8
2024-02-21,PRODUCT_LIST_PRICE,8,8
2024-02-21,PRODUCT_LIST_REMOVE,1,1
2024-02-22,PRODUCT_FLAT_FILE_INVLOADER,7,7
2024-02-22,PRODUCT_LIST,7,7
2024-02-22,PRODUCT_LIST_IMAGE,7,7
2024-02-22,PRODUCT_LIST_INVENTORY,7,7
2024-02-22,PRODUCT_LIST_PRICE,7,7
2024-02-23,PRODUCT_FLAT_FILE_INVLOADER,7,7
2024-02-23,PRODUCT_LIST,7,7
2024-02-23,PRODUCT_LIST_IMAGE,7,7
2024-02-23,PRODUCT_LIST_INVENTORY,7,7
2024-02-23,PRODUCT_LIST_PRICE,7,7
2024-02-23,PRODUCT_LIST_REMOVE,1,1
2024-02-24,PRODUCT_FLAT_FILE_INVLOADER,8,8
2024-02-24,PRODUCT_LIST,8,8
2024-02-24,PRODUCT_LIST_IMAGE,8,8
2024-02-24,PRODUCT_LIST_INVENTORY,8,8
2024-02-24,PRODUCT_LIST_PRICE,8,8
2024-02-25,PRODUCT_FLAT_FILE_INVLOADER,10,10
2024-02-25,PRODUCT_LIST,11,11
2024-02-25,PRODUCT_LIST_IMAGE,10,10
2024-02-25,PRODUCT_LIST_INVENTORY,10,10
2024-02-25,PRODUCT_LIST_PRICE,10,10
2024-02-26,PRODUCT_FLAT_FILE_INVLOADER,7,7
2024-02-26,PRODUCT_LIST,7,7
2024-02-26,PRODUCT_LIST_IMAGE,7,7
2024-02-26,PRODUCT_LIST_INVENTORY,7,7
2024-02-26,PRODUCT_LIST_PRICE,7,7
2024-02-26,PRODUCT_LIST_REMOVE,1,1
2024-02-27,PRODUCT_FLAT_FILE_INVLOADER,29,29
2024-02-27,PRODUCT_LIST,29,29
2024-02-27,PRODUCT_LIST_IMAGE,29,29
2024-02-27,PRODUCT_LIST_INVENTORY,29,29
2024-02-27,PRODUCT_LIST_PRICE,29,29
2024-02-27,PRODUCT_LIST_REMOVE,4,4
2024-02-28,PRODUCT_FLAT_FILE_INVLOADER,40,40
2024-02-28,PRODUCT_LIST,43,43
2024-02-28,PRODUCT_LIST_IMAGE,40,40
2024-02-28,PRODUCT_LIST_INVENTORY,40,40
2024-02-28,PRODUCT_LIST_PRICE,40,40
2024-02-28,PRODUCT_LIST_REMOVE,4,4
2024-02-29,PRODUCT_FLAT_FILE_INVLOADER,20,20
2024-02-29,PRODUCT_LIST,20,20
2024-02-29,PRODUCT_LIST_IMAGE,20,20
2024-02-29,PRODUCT_LIST_INVENTORY,20,20
2024-02-29,PRODUCT_LIST_PRICE,20,20
2024-02-29,PRODUCT_LIST_REMOVE,8,8
2024-03-01,PRODUCT_FLAT_FILE_INVLOADER,10,10
2024-03-01,PRODUCT_LIST,11,11
2024-03-01,PRODUCT_LIST_IMAGE,10,10
2024-03-01,PRODUCT_LIST_INVENTORY,10,10
2024-03-01,PRODUCT_LIST_PRICE,10,10
2024-03-01,PRODUCT_LIST_REMOVE,6,6
2024-03-02,PRODUCT_FLAT_FILE_INVLOADER,5,5
2024-03-02,PRODUCT_LIST,6,6
2024-03-02,PRODUCT_LIST_IMAGE,5,5
2024-03-02,PRODUCT_LIST_INVENTORY,5,5
2024-03-02,PRODUCT_LIST_PRICE,5,5
2024-03-03,PRODUCT_FLAT_FILE_INVLOADER,8,8
2024-03-03,PRODUCT_LIST,9,9
2024-03-03,PRODUCT_LIST_IMAGE,8,8
2024-03-03,PRODUCT_LIST_INVENTORY,8,8
2024-03-03,PRODUCT_LIST_PRICE,8,8
2024-03-03,PRODUCT_LIST_REMOVE,4,4
2024-03-04,PRODUCT_FLAT_FILE_INVLOADER,12,12
2024-03-04,PRODUCT_LIST,11,11
2024-03-04,PRODUCT_LIST_IMAGE,12,12
2024-03-04,PRODUCT_LIST_INVENTORY,12,12
2024-03-04,PRODUCT_LIST_PRICE,12,12
2024-03-04,PRODUCT_LIST_REMOVE,4,4
2024-03-05,PRODUCT_FLAT_FILE_INVLOADER,4,4
2024-03-05,PRODUCT_LIST,4,4
2024-03-05,PRODUCT_LIST_IMAGE,4,4
2024-03-05,PRODUCT_LIST_INVENTORY,4,4
2024-03-05,PRODUCT_LIST_PRICE,4,4
2024-03-05,PRODUCT_LIST_REMOVE,3,3
2024-03-06,PRODUCT_FLAT_FILE_INVLOADER,20,20
2024-03-06,PRODUCT_LIST,20,20
2024-03-06,PRODUCT_LIST_IMAGE,20,20
2024-03-06,PRODUCT_LIST_INVENTORY,20,20
2024-03-06,PRODUCT_LIST_PRICE,20,20
2024-03-06,PRODUCT_LIST_REMOVE,1,1
2024-03-07,PRODUCT_FLAT_FILE_INVLOADER,4,4
2024-03-07,PRODUCT_LIST,5,5
2024-03-07,PRODUCT_LIST_IMAGE,4,4
2024-03-07,PRODUCT_LIST_INVENTORY,4,4
2024-03-07,PRODUCT_LIST_PRICE,4,4
2024-03-07,PRODUCT_LIST_REMOVE,7,7
2024-03-08,PRODUCT_FLAT_FILE_INVLOADER,13,13
2024-03-08,PRODUCT_LIST,13,13
2024-03-08,PRODUCT_LIST_IMAGE,13,13
2024-03-08,PRODUCT_LIST_INVENTORY,13,13
2024-03-08,PRODUCT_LIST_PRICE,13,13
2024-03-08,PRODUCT_LIST_REMOVE,1,1
2024-03-09,PRODUCT_FLAT_FILE_INVLOADER,16,16
2024-03-09,PRODUCT_LIST,16,16
2024-03-09,PRODUCT_LIST_IMAGE,16,16
2024-03-09,PRODUCT_LIST_INVENTORY,16,16
2024-03-09,PRODUCT_LIST_PRICE,16,16
2024-03-10,PRODUCT_FLAT_FILE_INVLOADER,4,4
2024-03-10,PRODUCT_LIST,4,4
2024-03-10,PRODUCT_LIST_IMAGE,4,4
2024-03-10,PRODUCT_LIST_INVENTORY,4,4
2024-03-10,PRODUCT_LIST_PRICE,4,4
2024-03-11,PRODUCT_FLAT_FILE_INVLOADER,14,14
2024-03-11,PRODUCT_LIST,14,14
2024-03-11,PRODUCT_LIST_IMAGE,14,14
2024-03-11,PRODUCT_LIST_INVENTORY,14,14
2024-03-11,PRODUCT_LIST_PRICE,14,14
2024-03-11,PRODUCT_LIST_REMOVE,1,1
2024-03-12,PRODUCT_FLAT_FILE_INVLOADER,4,4
2024-03-12,PRODUCT_LIST,4,4
2024-03-12,PRODUCT_LIST_IMAGE,4,4
2024-03-12,PRODUCT_LIST_INVENTORY,4,4
2024-03-12,PRODUCT_LIST_PRICE,4,4
2024-03-13,PRODUCT_FLAT_FILE_INVLOADER,11,11
2024-03-13,PRODUCT_LIST,12,12
2024-03-13,PRODUCT_LIST_IMAGE,11,11
2024-03-13,PRODUCT_LIST_INVENTORY,11,11
2024-03-13,PRODUCT_LIST_PRICE,11,11
2024-03-13,PRODUCT_LIST_REMOVE,2,2
2024-03-14,PRODUCT_FLAT_FILE_INVLOADER,7,7
2024-03-14,PRODUCT_LIST,7,7
2024-03-14,PRODUCT_LIST_IMAGE,7,7
2024-03-14,PRODUCT_LIST_INVENTORY,7,7
2024-03-14,PRODUCT_LIST_PRICE,7,7
2024-03-14,PRODUCT_LIST_REMOVE,2,2
2024-03-15,PRODUCT_FLAT_FILE_INVLOADER,14,14
2024-03-15,PRODUCT_LIST,15,15
2024-03-15,PRODUCT_LIST_IMAGE,14,14
2024-03-15,PRODUCT_LIST_INVENTORY,14,14
2024-03-15,PRODUCT_LIST_PRICE,14,14
2024-03-15,PRODUCT_LIST_REMOVE,2,2
2024-03-16,PRODUCT_FLAT_FILE_INVLOADER,4,4
2024-03-16,PRODUCT_LIST,4,4
2024-03-16,PRODUCT_LIST_IMAGE,4,4
2024-03-16,PRODUCT_LIST_INVENTORY,4,4
2024-03-16,PRODUCT_LIST_PRICE,4,4
2024-03-16,PRODUCT_LIST_REMOVE,1,1
2024-03-17,PRODUCT_FLAT_FILE_INVLOADER,8,8
2024-03-17,PRODUCT_LIST,8,8
2024-03-17,PRODUCT_LIST_IMAGE,8,8
2024-03-17,PRODUCT_LIST_INVENTORY,8,8
2024-03-17,PRODUCT_LIST_PRICE,8,8
2024-03-18,PRODUCT_FLAT_FILE_INVLOADER,6,6
2024-03-18,PRODUCT_LIST,6,6
2024-03-18,PRODUCT_LIST_IMAGE,6,6
2024-03-18,PRODUCT_LIST_INVENTORY,6,6
2024-03-18,PRODUCT_LIST_PRICE,6,6
2024-03-18,PRODUCT_LIST_REMOVE,4,4
2024-03-19,PRODUCT_FLAT_FILE_INVLOADER,110,17
2024-03-19,PRODUCT_LIST,210,17
2024-03-19,PRODUCT_LIST_IMAGE,110,17
2024-03-19,PRODUCT_LIST_INVENTORY,110,17
2024-03-19,PRODUCT_LIST_PRICE,110,17
2024-03-20,PRODUCT_FLAT_FILE_INVLOADER,1175,25
2024-03-20,PRODUCT_LIST,1170,25
2024-03-20,PRODUCT_LIST_IMAGE,1175,25
2024-03-20,PRODUCT_LIST_INVENTORY,1175,25
2024-03-20,PRODUCT_LIST_PRICE,1175,25
2024-03-20,PRODUCT_LIST_REMOVE,4,4
2024-03-21,PRODUCT_FLAT_FILE_INVLOADER,1312,19
2024-03-21,PRODUCT_LIST,1249,19
2024-03-21,PRODUCT_LIST_IMAGE,1312,19
2024-03-21,PRODUCT_LIST_INVENTORY,1312,19
2024-03-21,PRODUCT_LIST_PRICE,1312,19
2024-03-21,PRODUCT_LIST_REMOVE,3,3
2024-03-22,PRODUCT_FLAT_FILE_INVLOADER,1349,28
2024-03-22,PRODUCT_LIST,1351,28
2024-03-22,PRODUCT_LIST_IMAGE,1349,28
2024-03-22,PRODUCT_LIST_INVENTORY,1349,28
2024-03-22,PRODUCT_LIST_PRICE,1349,28
2024-03-23,PRODUCT_FLAT_FILE_INVLOADER,1326,22
2024-03-23,PRODUCT_LIST,1324,22
2024-03-23,PRODUCT_LIST_IMAGE,1326,22
2024-03-23,PRODUCT_LIST_INVENTORY,1326,22
2024-03-23,PRODUCT_LIST_PRICE,1326,22
2024-03-24,PRODUCT_FLAT_FILE_INVLOADER,1319,12
2024-03-24,PRODUCT_LIST,1324,12
2024-03-24,PRODUCT_LIST_IMAGE,1319,12
2024-03-24,PRODUCT_LIST_INVENTORY,1319,12
2024-03-24,PRODUCT_LIST_PRICE,1319,12
2024-03-24,PRODUCT_LIST_REMOVE,2,2
2024-03-25,PRODUCT_FLAT_FILE_INVLOADER,591,11
2024-03-25,PRODUCT_LIST,567,11
2024-03-25,PRODUCT_LIST_IMAGE,591,11
2024-03-25,PRODUCT_LIST_INVENTORY,591,11
2024-03-25,PRODUCT_LIST_PRICE,591,11
2024-03-25,PRODUCT_LIST_REMOVE,1,1
2024-03-26,PRODUCT_FLAT_FILE_INVLOADER,8,8
2024-03-26,PRODUCT_LIST,8,8
2024-03-26,PRODUCT_LIST_IMAGE,8,8
2024-03-26,PRODUCT_LIST_INVENTORY,8,8
2024-03-26,PRODUCT_LIST_PRICE,8,8
2024-03-27,PRODUCT_FLAT_FILE_INVLOADER,9,9
2024-03-27,PRODUCT_LIST,9,9
2024-03-27,PRODUCT_LIST_IMAGE,9,9
2024-03-27,PRODUCT_LIST_INVENTORY,9,9
2024-03-27,PRODUCT_LIST_PRICE,9,9
2024-03-27,PRODUCT_LIST_REMOVE,2,2
2024-03-28,PRODUCT_FLAT_FILE_INVLOADER,5,5
2024-03-28,PRODUCT_LIST,5,5
2024-03-28,PRODUCT_LIST_IMAGE,5,5
2024-03-28,PRODUCT_LIST_INVENTORY,5,5
2024-03-28,PRODUCT_LIST_PRICE,5,5
2024-03-28,PRODUCT_LIST_REMOVE,2,2
2024-03-29,PRODUCT_FLAT_FILE_INVLOADER,7,7
2024-03-29,PRODUCT_LIST,7,7
2024-03-29,PRODUCT_LIST_IMAGE,7,7
2024-03-29,PRODUCT_LIST_INVENTORY,7,7
2024-03-29,PRODUCT_LIST_PRICE,7,7
2024-03-30,PRODUCT_FLAT_FILE_INVLOADER,20,20
2024-03-30,PRODUCT_LIST,20,20
2024-03-30,PRODUCT_LIST_IMAGE,20,20
2024-03-30,PRODUCT_LIST_INVENTORY,20,20
2024-03-30,PRODUCT_LIST_PRICE,20,20
2024-03-31,PRODUCT_FLAT_FILE_INVLOADER,5,5
2024-03-31,PRODUCT_LIST,6,6
2024-03-31,PRODUCT_LIST_IMAGE,5,5
2024-03-31,PRODUCT_LIST_INVENTORY,5,5
2024-03-31,PRODUCT_LIST_PRICE,5,5
2024-04-01,PRODUCT_FLAT_FILE_INVLOADER,16,16
2024-04-01,PRODUCT_LIST,16,16
2024-04-01,PRODUCT_LIST_IMAGE,16,16
2024-04-01,PRODUCT_LIST_INVENTORY,16,16
2024-04-01,PRODUCT_LIST_PRICE,16,16
2024-04-01,PRODUCT_LIST_REMOVE,3,3
2024-04-02,PRODUCT_FLAT_FILE_INVLOADER,18,18
2024-04-02,PRODUCT_LIST,18,18
2024-04-02,PRODUCT_LIST_IMAGE,18,18
2024-04-02,PRODUCT_LIST_INVENTORY,18,18
2024-04-02,PRODUCT_LIST_PRICE,18,18
2024-04-02,PRODUCT_LIST_REMOVE,4,4
2024-04-03,PRODUCT_FLAT_FILE_INVLOADER,14,14
2024-04-03,PRODUCT_LIST,14,14
2024-04-03,PRODUCT_LIST_IMAGE,14,14
2024-04-03,PRODUCT_LIST_INVENTORY,14,14
2024-04-03,PRODUCT_LIST_PRICE,14,14
2024-04-03,PRODUCT_LIST_REMOVE,5,5
2024-04-04,PRODUCT_FLAT_FILE_INVLOADER,22,22
2024-04-04,PRODUCT_LIST,25,25
2024-04-04,PRODUCT_LIST_IMAGE,22,22
2024-04-04,PRODUCT_LIST_INVENTORY,22,22
2024-04-04,PRODUCT_LIST_PRICE,22,22
2024-04-05,PRODUCT_FLAT_FILE_INVLOADER,8,8
2024-04-05,PRODUCT_LIST,7,7
2024-04-05,PRODUCT_LIST_IMAGE,8,8
2024-04-05,PRODUCT_LIST_INVENTORY,8,8
2024-04-05,PRODUCT_LIST_PRICE,8,8
2024-04-05,PRODUCT_LIST_REMOVE,3,3
2024-04-06,PRODUCT_FLAT_FILE_INVLOADER,3,3
2024-04-06,PRODUCT_LIST,3,3
2024-04-06,PRODUCT_LIST_IMAGE,3,3
2024-04-06,PRODUCT_LIST_INVENTORY,3,3
2024-04-06,PRODUCT_LIST_PRICE,3,3
2024-04-07,PRODUCT_FLAT_FILE_INVLOADER,5,5
2024-04-07,PRODUCT_LIST,5,5
2024-04-07,PRODUCT_LIST_IMAGE,5,5
2024-04-07,PRODUCT_LIST_INVENTORY,5,5
2024-04-07,PRODUCT_LIST_PRICE,5,5
2024-04-07,PRODUCT_LIST_REMOVE,2,2
2024-04-08,PRODUCT_FLAT_FILE_INVLOADER,13,13
2024-04-08,PRODUCT_LIST,15,15
2024-04-08,PRODUCT_LIST_IMAGE,13,13
2024-04-08,PRODUCT_LIST_INVENTORY,13,13
2024-04-08,PRODUCT_LIST_PRICE,13,13
2024-04-08,PRODUCT_LIST_REMOVE,2,2
2024-04-09,PRODUCT_FLAT_FILE_INVLOADER,10,10
2024-04-09,PRODUCT_LIST,10,10
2024-04-09,PRODUCT_LIST_IMAGE,10,10
2024-04-09,PRODUCT_LIST_INVENTORY,10,10
2024-04-09,PRODUCT_LIST_PRICE,10,10
2024-04-09,PRODUCT_LIST_REMOVE,2,2
2024-04-10,PRODUCT_FLAT_FILE_INVLOADER,10,10
2024-04-10,PRODUCT_LIST,9,9
2024-04-10,PRODUCT_LIST_IMAGE,10,10
2024-04-10,PRODUCT_LIST_INVENTORY,10,10
2024-04-10,PRODUCT_LIST_PRICE,10,10
2024-04-10,PRODUCT_LIST_REMOVE,2,2
2024-04-11,PRODUCT_FLAT_FILE_INVLOADER,10,10
2024-04-11,PRODUCT_LIST,12,12
2024-04-11,PRODUCT_LIST_IMAGE,10,10
2024-04-11,PRODUCT_LIST_INVENTORY,10,10
2024-04-11,PRODUCT_LIST_PRICE,10,10
2024-04-11,PRODUCT_LIST_REMOVE,4,4
2024-04-12,PRODUCT_FLAT_FILE_INVLOADER,11,11
2024-04-12,PRODUCT_LIST,10,10
2024-04-12,PRODUCT_LIST_IMAGE,11,11
2024-04-12,PRODUCT_LIST_INVENTORY,11,11
2024-04-12,PRODUCT_LIST_PRICE,11,11
2024-04-12,PRODUCT_LIST_REMOVE,1,1
2024-04-13,PRODUCT_FLAT_FILE_INVLOADER,1,1
2024-04-13,PRODUCT_LIST,1,1
2024-04-13,PRODUCT_LIST_IMAGE,1,1
2024-04-13,PRODUCT_LIST_INVENTORY,1,1
2024-04-13,PRODUCT_LIST_PRICE,1,1
2024-04-14,PRODUCT_FLAT_FILE_INVLOADER,6,6
2024-04-14,PRODUCT_LIST,6,6
2024-04-14,PRODUCT_LIST_IMAGE,6,6
2024-04-14,PRODUCT_LIST_INVENTORY,6,6
2024-04-14,PRODUCT_LIST_PRICE,6,6
2024-04-15,PRODUCT_FLAT_FILE_INVLOADER,10,10
2024-04-15,PRODUCT_LIST,10,10
2024-04-15,PRODUCT_LIST_IMAGE,10,10
2024-04-15,PRODUCT_LIST_INVENTORY,10,10
2024-04-15,PRODUCT_LIST_PRICE,10,10
2024-04-15,PRODUCT_LIST_REMOVE,9,9
2024-04-16,PRODUCT_FLAT_FILE_INVLOADER,5,5
2024-04-16,PRODUCT_LIST,5,5
2024-04-16,PRODUCT_LIST_IMAGE,5,5
2024-04-16,PRODUCT_LIST_INVENTORY,5,5
2024-04-16,PRODUCT_LIST_PRICE,5,5
2024-04-16,PRODUCT_LIST_REMOVE,1,1
2024-04-17,PRODUCT_FLAT_FILE_INVLOADER,5,5
2024-04-17,PRODUCT_LIST,5,5
2024-04-17,PRODUCT_LIST_IMAGE,5,5
2024-04-17,PRODUCT_LIST_INVENTORY,5,5
2024-04-17,PRODUCT_LIST_PRICE,5,5
2024-04-17,PRODUCT_LIST_REMOVE,1,1
2024-04-18,PRODUCT_FLAT_FILE_INVLOADER,9,9
2024-04-18,PRODUCT_LIST,9,9
2024-04-18,PRODUCT_LIST_IMAGE,9,9
2024-04-18,PRODUCT_LIST_INVENTORY,9,9
2024-04-18,PRODUCT_LIST_PRICE,9,9
2024-04-18,PRODUCT_LIST_REMOVE,3,3
2024-04-19,PRODUCT_FLAT_FILE_INVLOADER,11,11
2024-04-19,PRODUCT_LIST,11,11
2024-04-19,PRODUCT_LIST_IMAGE,11,11
2024-04-19,PRODUCT_LIST_INVENTORY,11,11
2024-04-19,PRODUCT_LIST_PRICE,11,11
2024-04-19,PRODUCT_LIST_REMOVE,2,2
2024-04-20,PRODUCT_FLAT_FILE_INVLOADER,11,11
2024-04-20,PRODUCT_LIST,11,11
2024-04-20,PRODUCT_LIST_IMAGE,11,11
2024-04-20,PRODUCT_LIST_INVENTORY,11,11
2024-04-20,PRODUCT_LIST_PRICE,11,11
2024-04-21,PRODUCT_FLAT_FILE_INVLOADER,7,7
2024-04-21,PRODUCT_LIST,7,7
2024-04-21,PRODUCT_LIST_IMAGE,7,7
2024-04-21,PRODUCT_LIST_INVENTORY,7,7
2024-04-21,PRODUCT_LIST_PRICE,7,7
2024-04-22,PRODUCT_FLAT_FILE_INVLOADER,22,22
2024-04-22,PRODUCT_LIST,23,23
2024-04-22,PRODUCT_LIST_IMAGE,22,22
2024-04-22,PRODUCT_LIST_INVENTORY,22,22
2024-04-22,PRODUCT_LIST_PRICE,22,22
2024-04-22,PRODUCT_LIST_REMOVE,1,1
2024-04-23,PRODUCT_FLAT_FILE_INVLOADER,23,23
2024-04-23,PRODUCT_LIST,22,22
2024-04-23,PRODUCT_LIST_IMAGE,23,23
2024-04-23,PRODUCT_LIST_INVENTORY,23,23
2024-04-23,PRODUCT_LIST_PRICE,23,23
2024-04-24,PRODUCT_FLAT_FILE_INVLOADER,17,17
2024-04-24,PRODUCT_LIST,18,18
2024-04-24,PRODUCT_LIST_IMAGE,18,18
2024-04-24,PRODUCT_LIST_INVENTORY,18,18
2024-04-24,PRODUCT_LIST_PRICE,18,18
2024-04-24,PRODUCT_LIST_REMOVE,1,1
2024-04-25,PRODUCT_FLAT_FILE_INVLOADER,144,13
2024-04-25,PRODUCT_LIST,293,13
2024-04-25,PRODUCT_LIST_IMAGE,144,13
2024-04-25,PRODUCT_LIST_INVENTORY,144,13
2024-04-25,PRODUCT_LIST_PRICE,144,13
2024-04-25,PRODUCT_LIST_REMOVE,2,2
2024-04-26,PRODUCT_FLAT_FILE_INVLOADER,755,3
2024-04-26,PRODUCT_LIST,612,3
2024-04-26,PRODUCT_LIST_IMAGE,755,3
2024-04-26,PRODUCT_LIST_INVENTORY,755,3
2024-04-26,PRODUCT_LIST_PRICE,755,3
2024-04-26,PRODUCT_LIST_REMOVE,2,2
2024-04-28,PRODUCT_LIST_REMOVE,4,4
2024-04-29,PRODUCT_FLAT_FILE_INVLOADER,50,50
2024-04-29,PRODUCT_LIST,50,50
2024-04-29,PRODUCT_LIST_IMAGE,50,50
2024-04-29,PRODUCT_LIST_INVENTORY,50,50
2024-04-29,PRODUCT_LIST_PRICE,50,50
2024-04-29,PRODUCT_LIST_REMOVE,1,1
2024-05-02,PRODUCT_LIST_REMOVE,2,2
2024-05-03,PRODUCT_LIST_REMOVE,1,1
2024-05-06,PRODUCT_LIST_REMOVE,5,5
2024-05-07,PRODUCT_FLAT_FILE_INVLOADER,49,49
2024-05-07,PRODUCT_LIST,50,50
2024-05-07,PRODUCT_LIST_IMAGE,49,49
2024-05-07,PRODUCT_LIST_INVENTORY,49,49
2024-05-07,PRODUCT_LIST_PRICE,49,49
2024-05-08,PRODUCT_LIST_REMOVE,1,1
2024-05-09,PRODUCT_LIST_REMOVE,3,3
2024-05-10,PRODUCT_LIST_REMOVE,4,4
2024-05-13,PRODUCT_LIST_REMOVE,1,1
2024-05-14,PRODUCT_FLAT_FILE_INVLOADER,50,50
2024-05-14,PRODUCT_LIST,51,51
2024-05-14,PRODUCT_LIST_IMAGE,50,50
2024-05-14,PRODUCT_LIST_INVENTORY,50,50
2024-05-14,PRODUCT_LIST_PRICE,50,50
2024-05-16,PRODUCT_LIST_REMOVE,1,1
2024-05-20,PRODUCT_LIST_REMOVE,2,2
2024-05-22,PRODUCT_LIST_REMOVE,4,4
2024-05-28,PRODUCT_LIST_REMOVE,6,6
2024-05-29,PRODUCT_FLAT_FILE_INVLOADER,50,50
2024-05-29,PRODUCT_LIST,50,50
2024-05-29,PRODUCT_LIST_IMAGE,50,50
2024-05-29,PRODUCT_LIST_INVENTORY,50,50
2024-05-29,PRODUCT_LIST_PRICE,50,50
2024-05-30,PRODUCT_LIST_REMOVE,1,1
2024-05-31,PRODUCT_LIST_REMOVE,2,2
2024-06-01,PRODUCT_LIST_REMOVE,1,1
2024-06-03,PRODUCT_LIST_REMOVE,3,3
2024-06-04,PRODUCT_LIST_REMOVE,1,1
2024-06-05,PRODUCT_FLAT_FILE_INVLOADER,51,51
2024-06-05,PRODUCT_LIST,51,51
2024-06-05,PRODUCT_LIST_IMAGE,51,51
2024-06-05,PRODUCT_LIST_INVENTORY,51,51
2024-06-05,PRODUCT_LIST_PRICE,51,51
2024-06-05,PRODUCT_LIST_REMOVE,4,4
2024-06-06,PRODUCT_LIST_REMOVE,2,2
2024-06-07,PRODUCT_LIST_REMOVE,2,2
2024-06-09,PRODUCT_LIST_REMOVE,3,3
2024-06-11,PRODUCT_LIST_REMOVE,4,4
2024-06-12,PRODUCT_LIST_REMOVE,2,2
2024-06-13,PRODUCT_LIST_REMOVE,1,1
2024-06-14,PRODUCT_FLAT_FILE_INVLOADER,47,47
2024-06-14,PRODUCT_LIST,50,50
2024-06-14,PRODUCT_LIST_IMAGE,47,47
2024-06-14,PRODUCT_LIST_INVENTORY,47,47
2024-06-14,PRODUCT_LIST_PRICE,47,47
2024-06-14,PRODUCT_LIST_REMOVE,1,1
2024-06-16,PRODUCT_LIST_REMOVE,3,3
2024-06-17,PRODUCT_LIST_REMOVE,2,2
2024-06-19,PRODUCT_LIST_REMOVE,2,2
2024-06-20,PRODUCT_LIST_REMOVE,1,1
2024-06-25,PRODUCT_FLAT_FILE_INVLOADER,183,8
2024-06-25,PRODUCT_LIST,269,9
2024-06-25,PRODUCT_LIST_IMAGE,183,8
2024-06-25,PRODUCT_LIST_INVENTORY,183,8
2024-06-25,PRODUCT_LIST_PRICE,183,8
2024-06-26,PRODUCT_FLAT_FILE_INVLOADER,118,1
2024-06-26,PRODUCT_LIST,51,51
2024-06-26,PRODUCT_LIST_IMAGE,118,1
2024-06-26,PRODUCT_LIST_INVENTORY,118,1
2024-06-26,PRODUCT_LIST_PRICE,118,1
2024-06-26,PRODUCT_LIST_REMOVE,6,6
2024-06-27,PRODUCT_LIST_REMOVE,3,3
2024-06-28,PRODUCT_FLAT_FILE_INVLOADER,68,68
2024-06-28,PRODUCT_LIST,50,50
2024-06-28,PRODUCT_LIST_IMAGE,68,68
2024-06-28,PRODUCT_LIST_INVENTORY,68,68
2024-06-28,PRODUCT_LIST_PRICE,68,68
2024-06-28,PRODUCT_LIST_REMOVE,1,1
2024-06-30,PRODUCT_LIST_REMOVE,1,1
2024-07-03,PRODUCT_LIST_REMOVE,4,4
2024-07-05,PRODUCT_LIST_REMOVE,1,1
2024-07-07,PRODUCT_LIST_REMOVE,1,1
2024-07-08,PRODUCT_LIST_REMOVE,3,3
2024-07-12,PRODUCT_LIST_REMOVE,2,2
2024-07-15,PRODUCT_FLAT_FILE_INVLOADER,48,48
2024-07-15,PRODUCT_LIST,50,50
2024-07-15,PRODUCT_LIST_IMAGE,48,48
2024-07-15,PRODUCT_LIST_INVENTORY,48,48
2024-07-15,PRODUCT_LIST_PRICE,48,48
2024-07-15,PRODUCT_LIST_REMOVE,1,1
2024-07-16,PRODUCT_LIST_REMOVE,3,3
2024-07-17,PRODUCT_LIST_REMOVE,1,1
2024-07-19,PRODUCT_LIST_REMOVE,4,4
2024-07-21,PRODUCT_LIST_REMOVE,2,2
2024-07-22,PRODUCT_FLAT_FILE_INVLOADER,50,50
2024-07-22,PRODUCT_LIST,50,50
2024-07-22,PRODUCT_LIST_IMAGE,50,50
2024-07-22,PRODUCT_LIST_INVENTORY,50,50
2024-07-22,PRODUCT_LIST_PRICE,50,50
2024-07-22,PRODUCT_LIST_REMOVE,2,2
2024-07-23,PRODUCT_LIST_REMOVE,3,3
2024-07-25,PRODUCT_LIST_REMOVE,1,1
2024-07-26,PRODUCT_LIST_REMOVE,2,2
2024-07-29,PRODUCT_LIST_REMOVE,4,4
2024-07-30,PRODUCT_LIST_REMOVE,2,2
2024-07-31,PRODUCT_LIST_REMOVE,2,2
2024-08-01,PRODUCT_LIST_REMOVE,1,1
2024-08-02,PRODUCT_LIST_REMOVE,3,3
2024-08-04,PRODUCT_FLAT_FILE_INVLOADER,49,49
2024-08-04,PRODUCT_LIST,50,50
2024-08-04,PRODUCT_LIST_IMAGE,49,49
2024-08-04,PRODUCT_LIST_INVENTORY,49,49
2024-08-04,PRODUCT_LIST_PRICE,49,49
2024-08-04,PRODUCT_LIST_REMOVE,1,1
2024-08-05,PRODUCT_LIST_REMOVE,1,1
2024-08-08,PRODUCT_LIST_REMOVE,1,1
2024-08-12,PRODUCT_LIST_REMOVE,1,1
2024-08-14,PRODUCT_LIST_REMOVE,1,1
2024-08-16,PRODUCT_LIST_REMOVE,1,1
2024-08-18,PRODUCT_LIST_REMOVE,1,1
2024-08-19,PRODUCT_LIST_REMOVE,4,4
2024-08-20,PRODUCT_LIST_REMOVE,3,3
2024-08-21,PRODUCT_FLAT_FILE_INVLOADER,1147,9
2024-08-21,PRODUCT_LIST,1154,9
2024-08-21,PRODUCT_LIST_IMAGE,1147,9
2024-08-21,PRODUCT_LIST_INVENTORY,1147,9
2024-08-21,PRODUCT_LIST_PRICE,1147,9
2024-08-22,PRODUCT_FLAT_FILE_INVLOADER,1231,8
2024-08-22,PRODUCT_LIST,1263,11
2024-08-22,PRODUCT_LIST_IMAGE,1231,8
2024-08-22,PRODUCT_LIST_INVENTORY,1231,8
2024-08-22,PRODUCT_LIST_PRICE,1221,8
2024-08-22,PRODUCT_LIST_REMOVE,1,1
2024-08-23,PRODUCT_FLAT_FILE_INVLOADER,1264,6
2024-08-23,PRODUCT_LIST,1317,5
2024-08-23,PRODUCT_LIST_IMAGE,1264,6
2024-08-23,PRODUCT_LIST_INVENTORY,1264,6
2024-08-23,PRODUCT_LIST_PRICE,1264,6
2024-08-23,PRODUCT_LIST_REMOVE,5,5
2024-08-24,PRODUCT_FLAT_FILE_INVLOADER,1354,9
2024-08-24,PRODUCT_LIST,1346,9
2024-08-24,PRODUCT_LIST_IMAGE,1354,9
2024-08-24,PRODUCT_LIST_INVENTORY,1354,9
2024-08-24,PRODUCT_LIST_PRICE,1354,9
2024-08-25,PRODUCT_FLAT_FILE_INVLOADER,1338,14
2024-08-25,PRODUCT_LIST,1312,14
2024-08-25,PRODUCT_LIST_IMAGE,1338,14
2024-08-25,PRODUCT_LIST_INVENTORY,1338,14
2024-08-25,PRODUCT_LIST_PRICE,1338,14
2024-08-26,PRODUCT_FLAT_FILE_INVLOADER,1312,13
2024-08-26,PRODUCT_LIST,1338,13
2024-08-26,PRODUCT_LIST_IMAGE,1312,13
2024-08-26,PRODUCT_LIST_INVENTORY,1312,13
2024-08-26,PRODUCT_LIST_PRICE,1312,13
2024-08-26,PRODUCT_LIST_REMOVE,1,1
2024-08-27,PRODUCT_FLAT_FILE_INVLOADER,1349,4
2024-08-27,PRODUCT_LIST,1351,4
2024-08-27,PRODUCT_LIST_IMAGE,1349,4
2024-08-27,PRODUCT_LIST_INVENTORY,1349,4
2024-08-27,PRODUCT_LIST_PRICE,1349,4
2024-08-27,PRODUCT_LIST_REMOVE,26,26
2024-08-28,PRODUCT_FLAT_FILE_INVLOADER,950,9
2024-08-28,PRODUCT_LIST,925,9
2024-08-28,PRODUCT_LIST_IMAGE,950,9
2024-08-28,PRODUCT_LIST_INVENTORY,950,9
2024-08-28,PRODUCT_LIST_PRICE,950,9
2024-08-28,PRODUCT_LIST_REMOVE,22,22
2024-08-29,PRODUCT_FLAT_FILE_INVLOADER,18,18
2024-08-29,PRODUCT_LIST,18,18
2024-08-29,PRODUCT_LIST_IMAGE,18,18
2024-08-29,PRODUCT_LIST_INVENTORY,18,18
2024-08-29,PRODUCT_LIST_PRICE,18,18
2024-08-30,PRODUCT_FLAT_FILE_INVLOADER,4,4
2024-08-30,PRODUCT_LIST,4,4
2024-08-30,PRODUCT_LIST_IMAGE,4,4
2024-08-30,PRODUCT_LIST_INVENTORY,4,4
2024-08-30,PRODUCT_LIST_PRICE,4,4
2024-08-31,PRODUCT_FLAT_FILE_INVLOADER,3,3
2024-08-31,PRODUCT_LIST,3,3
2024-08-31,PRODUCT_LIST_IMAGE,3,3
2024-08-31,PRODUCT_LIST_INVENTORY,3,3
2024-08-31,PRODUCT_LIST_PRICE,3,3
2024-09-01,PRODUCT_FLAT_FILE_INVLOADER,3,3
2024-09-01,PRODUCT_LIST,3,3
2024-09-01,PRODUCT_LIST_IMAGE,3,3
2024-09-01,PRODUCT_LIST_INVENTORY,3,3
2024-09-01,PRODUCT_LIST_PRICE,3,3
2024-09-02,PRODUCT_FLAT_FILE_INVLOADER,6,6
2024-09-02,PRODUCT_LIST,6,6
2024-09-02,PRODUCT_LIST_IMAGE,6,6
2024-09-02,PRODUCT_LIST_INVENTORY,6,6
2024-09-02,PRODUCT_LIST_PRICE,6,6
2024-09-02,PRODUCT_LIST_REMOVE,1,1
2024-09-03,PRODUCT_FLAT_FILE_INVLOADER,10,10
2024-09-03,PRODUCT_LIST,10,10
2024-09-03,PRODUCT_LIST_IMAGE,10,10
2024-09-03,PRODUCT_LIST_INVENTORY,10,10
2024-09-03,PRODUCT_LIST_PRICE,10,10
2024-09-04,PRODUCT_FLAT_FILE_INVLOADER,4,4
2024-09-04,PRODUCT_LIST,4,4
2024-09-04,PRODUCT_LIST_IMAGE,4,4
2024-09-04,PRODUCT_LIST_INVENTORY,4,4
2024-09-04,PRODUCT_LIST_PRICE,4,4
2024-09-04,PRODUCT_LIST_REMOVE,12,12
2024-09-05,PRODUCT_FLAT_FILE_INVLOADER,9,9
2024-09-05,PRODUCT_LIST,10,10
2024-09-05,PRODUCT_LIST_IMAGE,9,9
2024-09-05,PRODUCT_LIST_INVENTORY,9,9
2024-09-05,PRODUCT_LIST_PRICE,9,9
2024-09-05,PRODUCT_LIST_REMOVE,17,17
2024-09-06,PRODUCT_FLAT_FILE_INVLOADER,8,8
2024-09-06,PRODUCT_LIST,8,8
2024-09-06,PRODUCT_LIST_IMAGE,8,8
2024-09-06,PRODUCT_LIST_INVENTORY,8,8
2024-09-06,PRODUCT_LIST_PRICE,8,8
2024-09-07,PRODUCT_FLAT_FILE_INVLOADER,2,2
2024-09-07,PRODUCT_LIST,2,2
2024-09-07,PRODUCT_LIST_IMAGE,2,2
2024-09-07,PRODUCT_LIST_INVENTORY,2,2
2024-09-07,PRODUCT_LIST_PRICE,2,2
2024-09-08,PRODUCT_FLAT_FILE_INVLOADER,3,3
2024-09-08,PRODUCT_LIST,3,3
2024-09-08,PRODUCT_LIST_IMAGE,3,3
2024-09-08,PRODUCT_LIST_INVENTORY,3,3
2024-09-08,PRODUCT_LIST_PRICE,3,3
2024-09-08,PRODUCT_LIST_REMOVE,1,1
2024-09-09,PRODUCT_FLAT_FILE_INVLOADER,2,2
2024-09-09,PRODUCT_LIST,2,2
2024-09-09,PRODUCT_LIST_IMAGE,2,2
2024-09-09,PRODUCT_LIST_INVENTORY,2,2
2024-09-09,PRODUCT_LIST_PRICE,2,2
2024-09-09,PRODUCT_LIST_REMOVE,2,2
2024-09-10,PRODUCT_FLAT_FILE_INVLOADER,23,23
2024-09-10,PRODUCT_LIST,23,23
2024-09-10,PRODUCT_LIST_IMAGE,23,23
2024-09-10,PRODUCT_LIST_INVENTORY,23,23
2024-09-10,PRODUCT_LIST_PRICE,23,23
2024-09-10,PRODUCT_LIST_REMOVE,9,9
2024-09-11,PRODUCT_FLAT_FILE_INVLOADER,21,21
2024-09-11,PRODUCT_LIST,23,23
2024-09-11,PRODUCT_LIST_IMAGE,21,21
2024-09-11,PRODUCT_LIST_INVENTORY,21,21
2024-09-11,PRODUCT_LIST_PRICE,21,21
2024-09-11,PRODUCT_LIST_REMOVE,3,3
2024-09-12,PRODUCT_FLAT_FILE_INVLOADER,10,10
2024-09-12,PRODUCT_LIST,11,11
2024-09-12,PRODUCT_LIST_IMAGE,10,10
2024-09-12,PRODUCT_LIST_INVENTORY,10,10
2024-09-12,PRODUCT_LIST_PRICE,10,10
2024-09-12,PRODUCT_LIST_REMOVE,4,4
2024-09-13,PRODUCT_FLAT_FILE_INVLOADER,11,11
2024-09-13,PRODUCT_LIST,10,10
2024-09-13,PRODUCT_LIST_IMAGE,11,11
2024-09-13,PRODUCT_LIST_INVENTORY,11,11
2024-09-13,PRODUCT_LIST_PRICE,11,11
2024-09-14,PRODUCT_FLAT_FILE_INVLOADER,9,9
2024-09-14,PRODUCT_LIST,9,9
2024-09-14,PRODUCT_LIST_IMAGE,9,9
2024-09-14,PRODUCT_LIST_INVENTORY,9,9
2024-09-14,PRODUCT_LIST_PRICE,9,9
2024-09-15,PRODUCT_FLAT_FILE_INVLOADER,12,12
2024-09-15,PRODUCT_LIST,13,13
2024-09-15,PRODUCT_LIST_IMAGE,12,12
2024-09-15,PRODUCT_LIST_INVENTORY,12,12
2024-09-15,PRODUCT_LIST_PRICE,12,12
2024-09-15,PRODUCT_LIST_REMOVE,1,1
2024-09-16,PRODUCT_FLAT_FILE_INVLOADER,5,5
2024-09-16,PRODUCT_LIST,5,5
2024-09-16,PRODUCT_LIST_IMAGE,5,5
2024-09-16,PRODUCT_LIST_INVENTORY,5,5
2024-09-16,PRODUCT_LIST_PRICE,5,5
2024-09-17,PRODUCT_FLAT_FILE_INVLOADER,3,3
2024-09-17,PRODUCT_LIST,3,3
2024-09-17,PRODUCT_LIST_IMAGE,3,3
2024-09-17,PRODUCT_LIST_INVENTORY,3,3
2024-09-17,PRODUCT_LIST_PRICE,3,3
2024-09-17,PRODUCT_LIST_REMOVE,9,9
2024-09-18,PRODUCT_FLAT_FILE_INVLOADER,12,12
2024-09-18,PRODUCT_LIST,12,12
2024-09-18,PRODUCT_LIST_IMAGE,12,12
2024-09-18,PRODUCT_LIST_INVENTORY,12,12
2024-09-18,PRODUCT_LIST_PRICE,12,12
2024-09-18,PRODUCT_LIST_REMOVE,1,1
2024-09-19,PRODUCT_FLAT_FILE_INVLOADER,5,5
2024-09-19,PRODUCT_LIST,5,5
2024-09-19,PRODUCT_LIST_IMAGE,5,5
2024-09-19,PRODUCT_LIST_INVENTORY,5,5
2024-09-19,PRODUCT_LIST_PRICE,5,5
2024-09-19,PRODUCT_LIST_REMOVE,1,1
2024-09-20,PRODUCT_FLAT_FILE_INVLOADER,6,6
2024-09-20,PRODUCT_LIST,7,7
2024-09-20,PRODUCT_LIST_IMAGE,6,6
2024-09-20,PRODUCT_LIST_INVENTORY,6,6
2024-09-20,PRODUCT_LIST_PRICE,6,6
2024-09-20,PRODUCT_LIST_REMOVE,3,3
2024-09-21,PRODUCT_FLAT_FILE_INVLOADER,4,4
2024-09-21,PRODUCT_LIST,4,4
2024-09-21,PRODUCT_LIST_IMAGE,4,4
2024-09-21,PRODUCT_LIST_INVENTORY,4,4
2024-09-21,PRODUCT_LIST_PRICE,4,4
2024-09-22,PRODUCT_FLAT_FILE_INVLOADER,6,6
2024-09-22,PRODUCT_LIST,6,6
2024-09-22,PRODUCT_LIST_IMAGE,6,6
2024-09-22,PRODUCT_LIST_INVENTORY,6,6
2024-09-22,PRODUCT_LIST_PRICE,6,6
2024-09-23,PRODUCT_FLAT_FILE_INVLOADER,14,14
2024-09-23,PRODUCT_LIST,14,14
2024-09-23,PRODUCT_LIST_IMAGE,14,14
2024-09-23,PRODUCT_LIST_INVENTORY,14,14
2024-09-23,PRODUCT_LIST_PRICE,14,14
2024-09-24,PRODUCT_FLAT_FILE_INVLOADER,13,13
2024-09-24,PRODUCT_LIST,13,13
2024-09-24,PRODUCT_LIST_IMAGE,13,13
2024-09-24,PRODUCT_LIST_INVENTORY,13,13
2024-09-24,PRODUCT_LIST_PRICE,13,13
2024-09-24,PRODUCT_LIST_REMOVE,1,1
2024-09-25,PRODUCT_FLAT_FILE_INVLOADER,9,9
2024-09-25,PRODUCT_LIST,9,9
2024-09-25,PRODUCT_LIST_IMAGE,9,9
2024-09-25,PRODUCT_LIST_INVENTORY,9,9
2024-09-25,PRODUCT_LIST_PRICE,9,9
2024-09-25,PRODUCT_LIST_REMOVE,2,2
2024-09-26,PRODUCT_FLAT_FILE_INVLOADER,11,11
2024-09-26,PRODUCT_LIST,11,11
2024-09-26,PRODUCT_LIST_IMAGE,11,11
2024-09-26,PRODUCT_LIST_INVENTORY,11,11
2024-09-26,PRODUCT_LIST_PRICE,11,11
2024-09-27,PRODUCT_FLAT_FILE_INVLOADER,13,13
2024-09-27,PRODUCT_LIST,13,13
2024-09-27,PRODUCT_LIST_IMAGE,13,13
2024-09-27,PRODUCT_LIST_INVENTORY,13,13
2024-09-27,PRODUCT_LIST_PRICE,13,13
2024-09-27,PRODUCT_LIST_REMOVE,2,2
2024-09-28,PRODUCT_FLAT_FILE_INVLOADER,4,4
2024-09-28,PRODUCT_LIST,4,4
2024-09-28,PRODUCT_LIST_IMAGE,4,4
2024-09-28,PRODUCT_LIST_INVENTORY,4,4
2024-09-28,PRODUCT_LIST_PRICE,4,4
2024-09-29,PRODUCT_FLAT_FILE_INVLOADER,10,10
2024-09-29,PRODUCT_LIST,10,10
2024-09-29,PRODUCT_LIST_IMAGE,10,10
2024-09-29,PRODUCT_LIST_INVENTORY,10,10
2024-09-29,PRODUCT_LIST_PRICE,10,10
2024-09-30,PRODUCT_FLAT_FILE_INVLOADER,19,19
2024-09-30,PRODUCT_LIST,20,20
2024-09-30,PRODUCT_LIST_IMAGE,19,19
2024-09-30,PRODUCT_LIST_INVENTORY,19,19
2024-09-30,PRODUCT_LIST_PRICE,19,19
2024-09-30,PRODUCT_LIST_REMOVE,6,6
2024-10-01,PRODUCT_FLAT_FILE_INVLOADER,13,13
2024-10-01,PRODUCT_LIST,12,12
2024-10-01,PRODUCT_LIST_IMAGE,13,13
2024-10-01,PRODUCT_LIST_INVENTORY,13,13
2024-10-01,PRODUCT_LIST_PRICE,13,13
2024-10-01,PRODUCT_LIST_REMOVE,38,38
2024-10-02,PRODUCT_FLAT_FILE_INVLOADER,9,9
2024-10-02,PRODUCT_LIST,9,9
2024-10-02,PRODUCT_LIST_IMAGE,9,9
2024-10-02,PRODUCT_LIST_INVENTORY,9,9
2024-10-02,PRODUCT_LIST_PRICE,9,9
2024-10-02,PRODUCT_LIST_REMOVE,2,2
2024-10-03,PRODUCT_FLAT_FILE_INVLOADER,16,16
2024-10-03,PRODUCT_LIST,16,16
2024-10-03,PRODUCT_LIST_IMAGE,16,16
2024-10-03,PRODUCT_LIST_INVENTORY,16,16
2024-10-03,PRODUCT_LIST_PRICE,16,16
2024-10-04,PRODUCT_FLAT_FILE_INVLOADER,4,4
2024-10-04,PRODUCT_LIST,4,4
2024-10-04,PRODUCT_LIST_IMAGE,4,4
2024-10-04,PRODUCT_LIST_INVENTORY,4,4
2024-10-04,PRODUCT_LIST_PRICE,4,4
2024-10-04,PRODUCT_LIST_REMOVE,1,1
2024-10-05,PRODUCT_FLAT_FILE_INVLOADER,9,9
2024-10-05,PRODUCT_LIST,9,9
2024-10-05,PRODUCT_LIST_IMAGE,9,9
2024-10-05,PRODUCT_LIST_INVENTORY,9,9
2024-10-05,PRODUCT_LIST_PRICE,9,9
2024-10-06,PRODUCT_FLAT_FILE_INVLOADER,3,3
2024-10-06,PRODUCT_LIST,3,3
2024-10-06,PRODUCT_LIST_IMAGE,3,3
2024-10-06,PRODUCT_LIST_INVENTORY,3,3
2024-10-06,PRODUCT_LIST_PRICE,3,3
2024-10-07,PRODUCT_FLAT_FILE_INVLOADER,12,12
2024-10-07,PRODUCT_LIST,13,13
2024-10-07,PRODUCT_LIST_IMAGE,12,12
2024-10-07,PRODUCT_LIST_INVENTORY,12,12
2024-10-07,PRODUCT_LIST_PRICE,12,12
2024-10-07,PRODUCT_LIST_REMOVE,3,3
2024-10-08,PRODUCT_FLAT_FILE_INVLOADER,4,4
2024-10-08,PRODUCT_LIST,4,4
2024-10-08,PRODUCT_LIST_IMAGE,4,4
2024-10-08,PRODUCT_LIST_INVENTORY,4,4
2024-10-08,PRODUCT_LIST_PRICE,4,4
2024-10-08,PRODUCT_LIST_REMOVE,4,4
2024-10-09,PRODUCT_FLAT_FILE_INVLOADER,9,9
2024-10-09,PRODUCT_LIST,9,9
2024-10-09,PRODUCT_LIST_IMAGE,9,9
2024-10-09,PRODUCT_LIST_INVENTORY,9,9
2024-10-09,PRODUCT_LIST_PRICE,9,9
2024-10-09,PRODUCT_LIST_REMOVE,6,6
2024-10-10,PRODUCT_FLAT_FILE_INVLOADER,6,6
2024-10-10,PRODUCT_LIST,6,6
2024-10-10,PRODUCT_LIST_IMAGE,6,6
2024-10-10,PRODUCT_LIST_INVENTORY,6,6
2024-10-10,PRODUCT_LIST_PRICE,6,6
2024-10-10,PRODUCT_LIST_REMOVE,4,4
2024-10-11,PRODUCT_FLAT_FILE_INVLOADER,11,11
2024-10-11,PRODUCT_LIST,12,12
2024-10-11,PRODUCT_LIST_IMAGE,11,11
2024-10-11,PRODUCT_LIST_INVENTORY,11,11
2024-10-11,PRODUCT_LIST_PRICE,11,11
2024-10-11,PRODUCT_LIST_REMOVE,7,7
2024-10-12,PRODUCT_FLAT_FILE_INVLOADER,16,16
2024-10-12,PRODUCT_LIST,16,16
2024-10-12,PRODUCT_LIST_IMAGE,16,16
2024-10-12,PRODUCT_LIST_INVENTORY,16,16
2024-10-12,PRODUCT_LIST_PRICE,16,16
2024-10-13,PRODUCT_FLAT_FILE_INVLOADER,10,10
2024-10-13,PRODUCT_LIST,10,10
2024-10-13,PRODUCT_LIST_IMAGE,10,10
2024-10-13,PRODUCT_LIST_INVENTORY,10,10
2024-10-13,PRODUCT_LIST_PRICE,10,10
2024-10-14,PRODUCT_FLAT_FILE_INVLOADER,9,9
2024-10-14,PRODUCT_LIST,10,10
2024-10-14,PRODUCT_LIST_IMAGE,9,9
2024-10-14,PRODUCT_LIST_INVENTORY,9,9
2024-10-14,PRODUCT_LIST_PRICE,9,9
2024-10-14,PRODUCT_LIST_REMOVE,6,6
2024-10-15,PRODUCT_FLAT_FILE_INVLOADER,8,8
2024-10-15,PRODUCT_LIST,8,8
2024-10-15,PRODUCT_LIST_IMAGE,8,8
2024-10-15,PRODUCT_LIST_INVENTORY,8,8
2024-10-15,PRODUCT_LIST_PRICE,8,8
2024-10-15,PRODUCT_LIST_REMOVE,1,1
2024-10-16,PRODUCT_FLAT_FILE_INVLOADER,10,10
2024-10-16,PRODUCT_LIST,10,10
2024-10-16,PRODUCT_LIST_IMAGE,10,10
2024-10-16,PRODUCT_LIST_INVENTORY,10,10
2024-10-16,PRODUCT_LIST_PRICE,10,10
2024-10-16,PRODUCT_LIST_REMOVE,1,1
2024-10-17,PRODUCT_FLAT_FILE_INVLOADER,1,1
2024-10-17,PRODUCT_LIST,1,1
2024-10-17,PRODUCT_LIST_IMAGE,1,1
2024-10-17,PRODUCT_LIST_INVENTORY,1,1
2024-10-17,PRODUCT_LIST_PRICE,1,1
2024-10-17,PRODUCT_LIST_REMOVE,5,5
2024-10-18,PRODUCT_FLAT_FILE_INVLOADER,7,7
2024-10-18,PRODUCT_LIST,7,7
2024-10-18,PRODUCT_LIST_IMAGE,7,7
2024-10-18,PRODUCT_LIST_INVENTORY,7,7
2024-10-18,PRODUCT_LIST_PRICE,7,7
2024-10-19,PRODUCT_FLAT_FILE_INVLOADER,18,18
2024-10-19,PRODUCT_LIST,18,18
2024-10-19,PRODUCT_LIST_IMAGE,18,18
2024-10-19,PRODUCT_LIST_INVENTORY,18,18
2024-10-19,PRODUCT_LIST_PRICE,18,18
2024-10-20,PRODUCT_FLAT_FILE_INVLOADER,8,8
2024-10-20,PRODUCT_LIST,8,8
2024-10-20,PRODUCT_LIST_IMAGE,8,8
2024-10-20,PRODUCT_LIST_INVENTORY,8,8
2024-10-20,PRODUCT_LIST_PRICE,8,8
2024-10-20,PRODUCT_LIST_REMOVE,1,1
2024-10-21,PRODUCT_FLAT_FILE_INVLOADER,3,3
2024-10-21,PRODUCT_LIST,3,3
2024-10-21,PRODUCT_LIST_IMAGE,3,3
2024-10-21,PRODUCT_LIST_INVENTORY,3,3
2024-10-21,PRODUCT_LIST_PRICE,3,3
2024-10-21,PRODUCT_LIST_REMOVE,4,4
2024-10-22,PRODUCT_FLAT_FILE_INVLOADER,7,7
2024-10-22,PRODUCT_LIST,7,7
2024-10-22,PRODUCT_LIST_IMAGE,7,7
2024-10-22,PRODUCT_LIST_INVENTORY,7,7
2024-10-22,PRODUCT_LIST_PRICE,7,7
2024-10-22,PRODUCT_LIST_REMOVE,12,12
2024-10-23,PRODUCT_FLAT_FILE_INVLOADER,9,9
2024-10-23,PRODUCT_LIST,9,9
2024-10-23,PRODUCT_LIST_IMAGE,9,9
2024-10-23,PRODUCT_LIST_INVENTORY,9,9
2024-10-23,PRODUCT_LIST_PRICE,9,9
2024-10-23,PRODUCT_LIST_REMOVE,6,6
2024-10-24,PRODUCT_FLAT_FILE_INVLOADER,8,8
2024-10-24,PRODUCT_LIST,8,8
2024-10-24,PRODUCT_LIST_IMAGE,8,8
2024-10-24,PRODUCT_LIST_INVENTORY,8,8
2024-10-24,PRODUCT_LIST_PRICE,8,8
2024-10-25,PRODUCT_FLAT_FILE_INVLOADER,7,7
2024-10-25,PRODUCT_LIST,7,7
2024-10-25,PRODUCT_LIST_IMAGE,7,7
2024-10-25,PRODUCT_LIST_INVENTORY,7,7
2024-10-25,PRODUCT_LIST_PRICE,7,7
2024-10-26,PRODUCT_FLAT_FILE_INVLOADER,5,5
2024-10-26,PRODUCT_LIST,5,5
2024-10-26,PRODUCT_LIST_IMAGE,5,5
2024-10-26,PRODUCT_LIST_INVENTORY,5,5
2024-10-26,PRODUCT_LIST_PRICE,5,5
2024-10-27,PRODUCT_FLAT_FILE_INVLOADER,10,10
2024-10-27,PRODUCT_LIST,10,10
2024-10-27,PRODUCT_LIST_IMAGE,10,10
2024-10-27,PRODUCT_LIST_INVENTORY,10,10
2024-10-27,PRODUCT_LIST_PRICE,10,10
2024-10-28,PRODUCT_FLAT_FILE_INVLOADER,8,8
2024-10-28,PRODUCT_LIST,8,8
2024-10-28,PRODUCT_LIST_IMAGE,8,8
2024-10-28,PRODUCT_LIST_INVENTORY,8,8
2024-10-28,PRODUCT_LIST_PRICE,8,8
2024-10-29,PRODUCT_FLAT_FILE_INVLOADER,19,19
2024-10-29,PRODUCT_LIST,21,21
2024-10-29,PRODUCT_LIST_IMAGE,19,19
2024-10-29,PRODUCT_LIST_INVENTORY,19,19
2024-10-29,PRODUCT_LIST_PRICE,19,19
2024-10-29,PRODUCT_LIST_REMOVE,3,3
2024-10-30,PRODUCT_FLAT_FILE_INVLOADER,2,2
2024-10-30,PRODUCT_LIST,2,2
2024-10-30,PRODUCT_LIST_IMAGE,2,2
2024-10-30,PRODUCT_LIST_INVENTORY,2,2
2024-10-30,PRODUCT_LIST_PRICE,2,2
2024-10-30,PRODUCT_LIST_REMOVE,3,3
2024-10-31,PRODUCT_FLAT_FILE_INVLOADER,9,9
2024-10-31,PRODUCT_LIST,9,9
2024-10-31,PRODUCT_LIST_IMAGE,9,9
2024-10-31,PRODUCT_LIST_INVENTORY,9,9
2024-10-31,PRODUCT_LIST_PRICE,9,9
2024-11-01,PRODUCT_FLAT_FILE_INVLOADER,4,4
2024-11-01,PRODUCT_LIST,4,4
2024-11-01,PRODUCT_LIST_IMAGE,4,4
2024-11-01,PRODUCT_LIST_INVENTORY,4,4
2024-11-01,PRODUCT_LIST_PRICE,4,4
2024-11-01,PRODUCT_LIST_REMOVE,9,9
2024-11-02,PRODUCT_FLAT_FILE_INVLOADER,22,22
2024-11-02,PRODUCT_LIST,27,27
2024-11-02,PRODUCT_LIST_IMAGE,22,22
2024-11-02,PRODUCT_LIST_INVENTORY,22,22
2024-11-02,PRODUCT_LIST_PRICE,22,22
2024-11-03,PRODUCT_FLAT_FILE_INVLOADER,24,24
2024-11-03,PRODUCT_LIST,21,21
2024-11-03,PRODUCT_LIST_IMAGE,24,24
2024-11-03,PRODUCT_LIST_INVENTORY,24,24
2024-11-03,PRODUCT_LIST_PRICE,24,24
2024-11-04,PRODUCT_FLAT_FILE_INVLOADER,20,20
2024-11-04,PRODUCT_LIST,20,20
2024-11-04,PRODUCT_LIST_IMAGE,20,20
2024-11-04,PRODUCT_LIST_INVENTORY,20,20
2024-11-04,PRODUCT_LIST_PRICE,20,20
2024-11-04,PRODUCT_LIST_REMOVE,3,3
2024-11-05,PRODUCT_FLAT_FILE_INVLOADER,8,8
2024-11-05,PRODUCT_LIST,9,9
2024-11-05,PRODUCT_LIST_IMAGE,8,8
2024-11-05,PRODUCT_LIST_INVENTORY,8,8
2024-11-05,PRODUCT_LIST_PRICE,8,8
2024-11-06,PRODUCT_FLAT_FILE_INVLOADER,7,7
2024-11-06,PRODUCT_LIST,6,6
2024-11-06,PRODUCT_LIST_IMAGE,7,7
2024-11-06,PRODUCT_LIST_INVENTORY,7,7
2024-11-06,PRODUCT_LIST_PRICE,7,7
2024-11-07,PRODUCT_FLAT_FILE_INVLOADER,16,16
2024-11-07,PRODUCT_LIST,16,16
2024-11-07,PRODUCT_LIST_IMAGE,16,16
2024-11-07,PRODUCT_LIST_INVENTORY,16,16
2024-11-07,PRODUCT_LIST_PRICE,16,16
2024-11-07,PRODUCT_LIST_REMOVE,4,4
2024-11-08,PRODUCT_FLAT_FILE_INVLOADER,7,7
2024-11-08,PRODUCT_LIST,7,7
2024-11-08,PRODUCT_LIST_IMAGE,7,7
2024-11-08,PRODUCT_LIST_INVENTORY,7,7
2024-11-08,PRODUCT_LIST_PRICE,7,7
2024-11-08,PRODUCT_LIST_REMOVE,3,3
2024-11-09,PRODUCT_FLAT_FILE_INVLOADER,8,8
2024-11-09,PRODUCT_LIST,8,8
2024-11-09,PRODUCT_LIST_IMAGE,8,8
2024-11-09,PRODUCT_LIST_INVENTORY,8,8
2024-11-09,PRODUCT_LIST_PRICE,8,8
2024-11-10,PRODUCT_FLAT_FILE_INVLOADER,10,10
2024-11-10,PRODUCT_LIST,10,10
2024-11-10,PRODUCT_LIST_IMAGE,10,10
2024-11-10,PRODUCT_LIST_INVENTORY,10,10
2024-11-10,PRODUCT_LIST_PRICE,10,10
2024-11-10,PRODUCT_LIST_REMOVE,7,7
2024-11-11,PRODUCT_FLAT_FILE_INVLOADER,13,13
2024-11-11,PRODUCT_LIST,13,13
2024-11-11,PRODUCT_LIST_IMAGE,13,13
2024-11-11,PRODUCT_LIST_INVENTORY,13,13
2024-11-11,PRODUCT_LIST_PRICE,13,13
2024-11-11,PRODUCT_LIST_REMOVE,4,4
2024-11-12,PRODUCT_FLAT_FILE_INVLOADER,4,4
2024-11-12,PRODUCT_LIST,4,4
2024-11-12,PRODUCT_LIST_IMAGE,4,4
2024-11-12,PRODUCT_LIST_INVENTORY,4,4
2024-11-12,PRODUCT_LIST_PRICE,4,4
2024-11-13,PRODUCT_FLAT_FILE_INVLOADER,3,3
2024-11-13,PRODUCT_LIST,3,3
2024-11-13,PRODUCT_LIST_IMAGE,3,3
2024-11-13,PRODUCT_LIST_INVENTORY,3,3
2024-11-13,PRODUCT_LIST_PRICE,3,3
2024-11-13,PRODUCT_LIST_REMOVE,6,6
2024-11-14,PRODUCT_FLAT_FILE_INVLOADER,4,4
2024-11-14,PRODUCT_LIST,4,4
2024-11-14,PRODUCT_LIST_IMAGE,4,4
2024-11-14,PRODUCT_LIST_INVENTORY,4,4
2024-11-14,PRODUCT_LIST_PRICE,4,4
2024-11-14,PRODUCT_LIST_REMOVE,3,3
2024-11-15,PRODUCT_FLAT_FILE_INVLOADER,11,11
2024-11-15,PRODUCT_LIST,11,11
2024-11-15,PRODUCT_LIST_IMAGE,11,11
2024-11-15,PRODUCT_LIST_INVENTORY,11,11
2024-11-15,PRODUCT_LIST_PRICE,11,11
2024-11-15,PRODUCT_LIST_REMOVE,1,1
2024-11-16,PRODUCT_FLAT_FILE_INVLOADER,12,12
2024-11-16,PRODUCT_LIST,12,12
2024-11-16,PRODUCT_LIST_IMAGE,12,12
2024-11-16,PRODUCT_LIST_INVENTORY,12,12
2024-11-16,PRODUCT_LIST_PRICE,12,12
2024-11-17,PRODUCT_FLAT_FILE_INVLOADER,5,5
2024-11-17,PRODUCT_LIST,5,5
2024-11-17,PRODUCT_LIST_IMAGE,5,5
2024-11-17,PRODUCT_LIST_INVENTORY,5,5
2024-11-17,PRODUCT_LIST_PRICE,5,5
2024-11-18,PRODUCT_FLAT_FILE_INVLOADER,11,11
2024-11-18,PRODUCT_LIST,11,11
2024-11-18,PRODUCT_LIST_IMAGE,11,11
2024-11-18,PRODUCT_LIST_INVENTORY,11,11
2024-11-18,PRODUCT_LIST_PRICE,11,11
2024-11-18,PRODUCT_LIST_REMOVE,2,2
2024-11-19,PRODUCT_FLAT_FILE_INVLOADER,17,17
2024-11-19,PRODUCT_LIST,17,17
2024-11-19,PRODUCT_LIST_IMAGE,17,17
2024-11-19,PRODUCT_LIST_INVENTORY,17,17
2024-11-19,PRODUCT_LIST_PRICE,17,17
2024-11-19,PRODUCT_LIST_REMOVE,3,3
2024-11-20,PRODUCT_FLAT_FILE_INVLOADER,10,10
2024-11-20,PRODUCT_LIST,10,10
2024-11-20,PRODUCT_LIST_IMAGE,10,10
2024-11-20,PRODUCT_LIST_INVENTORY,10,10
2024-11-20,PRODUCT_LIST_PRICE,10,10
2024-11-20,PRODUCT_LIST_REMOVE,3,3
2024-11-21,PRODUCT_FLAT_FILE_INVLOADER,11,11
2024-11-21,PRODUCT_LIST,11,11
2024-11-21,PRODUCT_LIST_IMAGE,11,11
2024-11-21,PRODUCT_LIST_INVENTORY,11,11
2024-11-21,PRODUCT_LIST_PRICE,11,11
2024-11-21,PRODUCT_LIST_REMOVE,2,2
2024-11-22,PRODUCT_FLAT_FILE_INVLOADER,16,16
2024-11-22,PRODUCT_LIST,16,16
2024-11-22,PRODUCT_LIST_IMAGE,16,16
2024-11-22,PRODUCT_LIST_INVENTORY,16,16
2024-11-22,PRODUCT_LIST_PRICE,16,16
2024-11-22,PRODUCT_LIST_REMOVE,3,3
2024-11-23,PRODUCT_FLAT_FILE_INVLOADER,10,10
2024-11-23,PRODUCT_LIST,10,10
2024-11-23,PRODUCT_LIST_IMAGE,10,10
2024-11-23,PRODUCT_LIST_INVENTORY,10,10
2024-11-23,PRODUCT_LIST_PRICE,10,10
2024-11-24,PRODUCT_FLAT_FILE_INVLOADER,9,9
2024-11-24,PRODUCT_LIST,9,9
2024-11-24,PRODUCT_LIST_IMAGE,9,9
2024-11-24,PRODUCT_LIST_INVENTORY,9,9
2024-11-24,PRODUCT_LIST_PRICE,9,9
2024-11-24,PRODUCT_LIST_REMOVE,3,3
2024-11-25,PRODUCT_FLAT_FILE_INVLOADER,11,11
2024-11-25,PRODUCT_LIST,11,11
2024-11-25,PRODUCT_LIST_IMAGE,11,11
2024-11-25,PRODUCT_LIST_INVENTORY,11,11
2024-11-25,PRODUCT_LIST_PRICE,11,11
2024-11-26,PRODUCT_FLAT_FILE_INVLOADER,16,16
2024-11-26,PRODUCT_LIST,16,16
2024-11-26,PRODUCT_LIST_IMAGE,16,16
2024-11-26,PRODUCT_LIST_INVENTORY,16,16
2024-11-26,PRODUCT_LIST_PRICE,16,16
2024-11-26,PRODUCT_LIST_REMOVE,1,1
2024-11-27,PRODUCT_FLAT_FILE_INVLOADER,15,15
2024-11-27,PRODUCT_LIST,16,16
2024-11-27,PRODUCT_LIST_IMAGE,15,15
2024-11-27,PRODUCT_LIST_INVENTORY,15,15
2024-11-27,PRODUCT_LIST_PRICE,15,15
2024-11-28,PRODUCT_FLAT_FILE_INVLOADER,5,5
2024-11-28,PRODUCT_LIST,4,4
2024-11-28,PRODUCT_LIST_IMAGE,5,5
2024-11-28,PRODUCT_LIST_INVENTORY,5,5
2024-11-28,PRODUCT_LIST_PRICE,5,5
2024-11-29,PRODUCT_FLAT_FILE_INVLOADER,6,6
2024-11-29,PRODUCT_LIST,6,6
2024-11-29,PRODUCT_LIST_IMAGE,6,6
2024-11-29,PRODUCT_LIST_INVENTORY,6,6
2024-11-29,PRODUCT_LIST_PRICE,6,6
2024-11-29,PRODUCT_LIST_REMOVE,2,2
2024-11-30,PRODUCT_FLAT_FILE_INVLOADER,13,13
2024-11-30,PRODUCT_LIST,13,13
2024-11-30,PRODUCT_LIST_IMAGE,13,13
2024-11-30,PRODUCT_LIST_INVENTORY,13,13
2024-11-30,PRODUCT_LIST_PRICE,13,13
2024-11-30,PRODUCT_LIST_REMOVE,1,1
2024-12-01,PRODUCT_FLAT_FILE_INVLOADER,9,9
2024-12-01,PRODUCT_LIST,9,9
2024-12-01,PRODUCT_LIST_IMAGE,9,9
2024-12-01,PRODUCT_LIST_INVENTORY,9,9
2024-12-01,PRODUCT_LIST_PRICE,9,9
2024-12-01,PRODUCT_LIST_REMOVE,1,1
2024-12-02,PRODUCT_FLAT_FILE_INVLOADER,12,12
2024-12-02,PRODUCT_LIST,12,12
2024-12-02,PRODUCT_LIST_IMAGE,12,12
2024-12-02,PRODUCT_LIST_INVENTORY,12,12
2024-12-02,PRODUCT_LIST_PRICE,12,12
2024-12-03,PRODUCT_FLAT_FILE_INVLOADER,30,30
2024-12-03,PRODUCT_LIST,31,31
2024-12-03,PRODUCT_LIST_IMAGE,30,30
2024-12-03,PRODUCT_LIST_INVENTORY,30,30
2024-12-03,PRODUCT_LIST_PRICE,30,30
2024-12-03,PRODUCT_LIST_REMOVE,2,2
2024-12-04,PRODUCT_FLAT_FILE_INVLOADER,8,8
2024-12-04,PRODUCT_LIST,7,7
2024-12-04,PRODUCT_LIST_IMAGE,8,8
2024-12-04,PRODUCT_LIST_INVENTORY,8,8
2024-12-04,PRODUCT_LIST_PRICE,8,8
2024-12-05,PRODUCT_FLAT_FILE_INVLOADER,42,42
2024-12-05,PRODUCT_LIST,43,43
2024-12-05,PRODUCT_LIST_IMAGE,42,42
2024-12-05,PRODUCT_LIST_INVENTORY,42,42
2024-12-05,PRODUCT_LIST_PRICE,42,42
2024-12-05,PRODUCT_LIST_REMOVE,3,3
2024-12-06,PRODUCT_FLAT_FILE_INVLOADER,13,13
2024-12-06,PRODUCT_LIST,13,13
2024-12-06,PRODUCT_LIST_IMAGE,13,13
2024-12-06,PRODUCT_LIST_INVENTORY,13,13
2024-12-06,PRODUCT_LIST_PRICE,13,13
2024-12-06,PRODUCT_LIST_REMOVE,4,4
2024-12-07,PRODUCT_FLAT_FILE_INVLOADER,12,12
2024-12-07,PRODUCT_LIST,14,14
2024-12-07,PRODUCT_LIST_IMAGE,12,12
2024-12-07,PRODUCT_LIST_INVENTORY,12,12
2024-12-07,PRODUCT_LIST_PRICE,12,12
2024-12-08,PRODUCT_FLAT_FILE_INVLOADER,12,12
2024-12-08,PRODUCT_LIST,10,10
2024-12-08,PRODUCT_LIST_IMAGE,12,12
2024-12-08,PRODUCT_LIST_INVENTORY,12,12
2024-12-08,PRODUCT_LIST_PRICE,12,12
2024-12-09,PRODUCT_FLAT_FILE_INVLOADER,3,3
2024-12-09,PRODUCT_LIST,3,3
2024-12-09,PRODUCT_LIST_IMAGE,3,3
2024-12-09,PRODUCT_LIST_INVENTORY,3,3
2024-12-09,PRODUCT_LIST_PRICE,3,3
2024-12-09,PRODUCT_LIST_REMOVE,1,1
2024-12-10,PRODUCT_FLAT_FILE_INVLOADER,14,14
2024-12-10,PRODUCT_LIST,14,14
2024-12-10,PRODUCT_LIST_IMAGE,14,14
2024-12-10,PRODUCT_LIST_INVENTORY,14,14
2024-12-10,PRODUCT_LIST_PRICE,14,14
2024-12-10,PRODUCT_LIST_REMOVE,4,4
2024-12-11,PRODUCT_FLAT_FILE_INVLOADER,32,32
2024-12-11,PRODUCT_LIST,32,32
2024-12-11,PRODUCT_LIST_IMAGE,32,32
2024-12-11,PRODUCT_LIST_INVENTORY,32,32
2024-12-11,PRODUCT_LIST_PRICE,32,32
2024-12-11,PRODUCT_LIST_REMOVE,1,1
2024-12-12,PRODUCT_FLAT_FILE_INVLOADER,6,6
2024-12-12,PRODUCT_LIST,6,6
2024-12-12,PRODUCT_LIST_IMAGE,6,6
2024-12-12,PRODUCT_LIST_INVENTORY,6,6
2024-12-12,PRODUCT_LIST_PRICE,6,6
2024-12-12,PRODUCT_LIST_REMOVE,1,1
2024-12-13,PRODUCT_FLAT_FILE_INVLOADER,16,16
2024-12-13,PRODUCT_LIST,17,17
2024-12-13,PRODUCT_LIST_IMAGE,16,16
2024-12-13,PRODUCT_LIST_INVENTORY,16,16
2024-12-13,PRODUCT_LIST_PRICE,16,16
2024-12-13,PRODUCT_LIST_REMOVE,4,4
2024-12-14,PRODUCT_FLAT_FILE_INVLOADER,6,6
2024-12-14,PRODUCT_LIST,6,6
2024-12-14,PRODUCT_LIST_IMAGE,6,6
2024-12-14,PRODUCT_LIST_INVENTORY,6,6
2024-12-14,PRODUCT_LIST_PRICE,6,6
2024-12-15,PRODUCT_FLAT_FILE_INVLOADER,19,19
2024-12-15,PRODUCT_LIST,20,20
2024-12-15,PRODUCT_LIST_IMAGE,19,19
2024-12-15,PRODUCT_LIST_INVENTORY,19,19
2024-12-15,PRODUCT_LIST_PRICE,19,19
2024-12-15,PRODUCT_LIST_REMOVE,1,1
2024-12-16,PRODUCT_FLAT_FILE_INVLOADER,10,10
2024-12-16,PRODUCT_LIST,9,9
2024-12-16,PRODUCT_LIST_IMAGE,10,10
2024-12-16,PRODUCT_LIST_INVENTORY,10,10
2024-12-16,PRODUCT_LIST_PRICE,10,10
2024-12-16,PRODUCT_LIST_REMOVE,4,4
2024-12-17,PRODUCT_FLAT_FILE_INVLOADER,11,11
2024-12-17,PRODUCT_LIST,11,11
2024-12-17,PRODUCT_LIST_IMAGE,11,11
2024-12-17,PRODUCT_LIST_INVENTORY,11,11
2024-12-17,PRODUCT_LIST_PRICE,11,11
2024-12-17,PRODUCT_LIST_REMOVE,1,1
2024-12-18,PRODUCT_FLAT_FILE_INVLOADER,6,6
2024-12-18,PRODUCT_LIST,6,6
2024-12-18,PRODUCT_LIST_IMAGE,6,6
2024-12-18,PRODUCT_LIST_INVENTORY,6,6
2024-12-18,PRODUCT_LIST_PRICE,6,6
2024-12-18,PRODUCT_LIST_REMOVE,7,7
2024-12-19,PRODUCT_FLAT_FILE_INVLOADER,10,10
2024-12-19,PRODUCT_LIST,10,10
2024-12-19,PRODUCT_LIST_IMAGE,10,10
2024-12-19,PRODUCT_LIST_INVENTORY,10,10
2024-12-19,PRODUCT_LIST_PRICE,10,10
2024-12-19,PRODUCT_LIST_REMOVE,2,2
2024-12-20,PRODUCT_FLAT_FILE_INVLOADER,11,11
2024-12-20,PRODUCT_LIST,12,12
2024-12-20,PRODUCT_LIST_IMAGE,11,11
2024-12-20,PRODUCT_LIST_INVENTORY,11,11
2024-12-20,PRODUCT_LIST_PRICE,11,11
2024-12-20,PRODUCT_LIST_REMOVE,2,2
2024-12-21,PRODUCT_FLAT_FILE_INVLOADER,3,3
2024-12-21,PRODUCT_LIST,3,3
2024-12-21,PRODUCT_LIST_IMAGE,3,3
2024-12-21,PRODUCT_LIST_INVENTORY,3,3
2024-12-21,PRODUCT_LIST_PRICE,3,3
2024-12-22,PRODUCT_FLAT_FILE_INVLOADER,7,7
2024-12-22,PRODUCT_LIST,7,7
2024-12-22,PRODUCT_LIST_IMAGE,7,7
2024-12-22,PRODUCT_LIST_INVENTORY,7,7
2024-12-22,PRODUCT_LIST_PRICE,7,7
2024-12-22,PRODUCT_LIST_REMOVE,1,1
2024-12-23,PRODUCT_FLAT_FILE_INVLOADER,10,10
2024-12-23,PRODUCT_LIST,11,11
2024-12-23,PRODUCT_LIST_IMAGE,10,10
2024-12-23,PRODUCT_LIST_INVENTORY,10,10
2024-12-23,PRODUCT_LIST_PRICE,10,10
2024-12-23,PRODUCT_LIST_REMOVE,2,2
2024-12-24,PRODUCT_FLAT_FILE_INVLOADER,6,6
2024-12-24,PRODUCT_LIST,6,6
2024-12-24,PRODUCT_LIST_IMAGE,6,6
2024-12-24,PRODUCT_LIST_INVENTORY,6,6
2024-12-24,PRODUCT_LIST_PRICE,6,6
2024-12-25,PRODUCT_FLAT_FILE_INVLOADER,13,13
2024-12-25,PRODUCT_LIST,14,14
2024-12-25,PRODUCT_LIST_IMAGE,13,13
2024-12-25,PRODUCT_LIST_INVENTORY,13,13
2024-12-25,PRODUCT_LIST_PRICE,13,13
2024-12-26,PRODUCT_FLAT_FILE_INVLOADER,10,10
2024-12-26,PRODUCT_LIST,9,9
2024-12-26,PRODUCT_LIST_IMAGE,10,10
2024-12-26,PRODUCT_LIST_INVENTORY,10,10
2024-12-26,PRODUCT_LIST_PRICE,10,10
2024-12-26,PRODUCT_LIST_REMOVE,3,3
2024-12-27,PRODUCT_FLAT_FILE_INVLOADER,4,4
2024-12-27,PRODUCT_LIST,7,7
2024-12-27,PRODUCT_LIST_IMAGE,4,4
2024-12-27,PRODUCT_LIST_INVENTORY,4,4
2024-12-27,PRODUCT_LIST_PRICE,4,4
2024-12-27,PRODUCT_LIST_REMOVE,1,1
2024-12-28,PRODUCT_FLAT_FILE_INVLOADER,7,7
2024-12-28,PRODUCT_LIST,7,7
2024-12-28,PRODUCT_LIST_IMAGE,7,7
2024-12-28,PRODUCT_LIST_INVENTORY,7,7
2024-12-28,PRODUCT_LIST_PRICE,7,7
2024-12-29,PRODUCT_FLAT_FILE_INVLOADER,3,3
2024-12-29,PRODUCT_LIST,3,3
2024-12-29,PRODUCT_LIST_IMAGE,3,3
2024-12-29,PRODUCT_LIST_INVENTORY,3,3
2024-12-29,PRODUCT_LIST_PRICE,3,3
2024-12-30,PRODUCT_FLAT_FILE_INVLOADER,3,3
2024-12-30,PRODUCT_LIST,3,3
2024-12-30,PRODUCT_LIST_IMAGE,3,3
2024-12-30,PRODUCT_LIST_INVENTORY,3,3
2024-12-30,PRODUCT_LIST_PRICE,3,3
2024-12-30,PRODUCT_LIST_REMOVE,1,1
2024-12-31,PRODUCT_FLAT_FILE_INVLOADER,8,8
2024-12-31,PRODUCT_LIST,8,8
2024-12-31,PRODUCT_LIST_IMAGE,8,8
2024-12-31,PRODUCT_LIST_INVENTORY,8,8
2024-12-31,PRODUCT_LIST_PRICE,8,8
2024-12-31,PRODUCT_LIST_REMOVE,4,4
2025-01-01,PRODUCT_FLAT_FILE_INVLOADER,6,6
2025-01-01,PRODUCT_LIST,6,6
2025-01-01,PRODUCT_LIST_IMAGE,6,6
2025-01-01,PRODUCT_LIST_INVENTORY,6,6
2025-01-01,PRODUCT_LIST_PRICE,6,6
2025-01-02,PRODUCT_FLAT_FILE_INVLOADER,2,2
2025-01-02,PRODUCT_LIST,2,2
2025-01-02,PRODUCT_LIST_IMAGE,2,2
2025-01-02,PRODUCT_LIST_INVENTORY,2,2
2025-01-02,PRODUCT_LIST_PRICE,2,2
2025-01-02,PRODUCT_LIST_REMOVE,2,2
2025-01-03,PRODUCT_FLAT_FILE_INVLOADER,8,8
2025-01-03,PRODUCT_LIST,8,8
2025-01-03,PRODUCT_LIST_IMAGE,8,8
2025-01-03,PRODUCT_LIST_INVENTORY,8,8
2025-01-03,PRODUCT_LIST_PRICE,8,8
2025-01-03,PRODUCT_LIST_REMOVE,2,2
2025-01-04,PRODUCT_FLAT_FILE_INVLOADER,2,2
2025-01-04,PRODUCT_LIST,2,2
2025-01-04,PRODUCT_LIST_IMAGE,2,2
2025-01-04,PRODUCT_LIST_INVENTORY,2,2
2025-01-04,PRODUCT_LIST_PRICE,2,2
2025-01-05,PRODUCT_FLAT_FILE_INVLOADER,3,3
2025-01-05,PRODUCT_LIST,3,3
2025-01-05,PRODUCT_LIST_IMAGE,3,3
2025-01-05,PRODUCT_LIST_INVENTORY,3,3
2025-01-05,PRODUCT_LIST_PRICE,3,3
2025-01-06,PRODUCT_FLAT_FILE_INVLOADER,12,12
2025-01-06,PRODUCT_LIST,12,12
2025-01-06,PRODUCT_LIST_IMAGE,12,12
2025-01-06,PRODUCT_LIST_INVENTORY,12,12
2025-01-06,PRODUCT_LIST_PRICE,12,12
2025-01-06,PRODUCT_LIST_REMOVE,10,10
2025-01-07,PRODUCT_FLAT_FILE_INVLOADER,6,6
2025-01-07,PRODUCT_LIST,6,6
2025-01-07,PRODUCT_LIST_IMAGE,6,6
2025-01-07,PRODUCT_LIST_INVENTORY,6,6
2025-01-07,PRODUCT_LIST_PRICE,6,6
2025-01-07,PRODUCT_LIST_REMOVE,2,2
2025-01-08,PRODUCT_FLAT_FILE_INVLOADER,12,12
2025-01-08,PRODUCT_LIST,13,13
2025-01-08,PRODUCT_LIST_IMAGE,12,12
2025-01-08,PRODUCT_LIST_INVENTORY,12,12
2025-01-08,PRODUCT_LIST_PRICE,12,12
2025-01-08,PRODUCT_LIST_REMOVE,1,1
2025-01-09,PRODUCT_FLAT_FILE_INVLOADER,12,12
2025-01-09,PRODUCT_LIST,13,13
2025-01-09,PRODUCT_LIST_IMAGE,12,12
2025-01-09,PRODUCT_LIST_INVENTORY,12,12
2025-01-09,PRODUCT_LIST_PRICE,12,12
2025-01-09,PRODUCT_LIST_REMOVE,2,2
2025-01-10,PRODUCT_FLAT_FILE_INVLOADER,18,18
2025-01-10,PRODUCT_LIST,20,20
2025-01-10,PRODUCT_LIST_IMAGE,18,18
2025-01-10,PRODUCT_LIST_INVENTORY,18,18
2025-01-10,PRODUCT_LIST_PRICE,18,18
2025-01-10,PRODUCT_LIST_REMOVE,1,1
2025-01-11,PRODUCT_FLAT_FILE_INVLOADER,13,13
2025-01-11,PRODUCT_LIST,14,14
2025-01-11,PRODUCT_LIST_IMAGE,13,13
2025-01-11,PRODUCT_LIST_INVENTORY,13,13
2025-01-11,PRODUCT_LIST_PRICE,13,13
2025-01-12,PRODUCT_FLAT_FILE_INVLOADER,6,6
2025-01-12,PRODUCT_LIST,6,6
2025-01-12,PRODUCT_LIST_IMAGE,6,6
2025-01-12,PRODUCT_LIST_INVENTORY,6,6
2025-01-12,PRODUCT_LIST_PRICE,6,6
2025-01-13,PRODUCT_FLAT_FILE_INVLOADER,10,10
2025-01-13,PRODUCT_LIST,10,10
2025-01-13,PRODUCT_LIST_IMAGE,10,10
2025-01-13,PRODUCT_LIST_INVENTORY,10,10
2025-01-13,PRODUCT_LIST_PRICE,10,10
2025-01-13,PRODUCT_LIST_REMOVE,5,5
2025-01-14,PRODUCT_FLAT_FILE_INVLOADER,3,3
2025-01-14,PRODUCT_LIST,6,6
2025-01-14,PRODUCT_LIST_IMAGE,3,3
2025-01-14,PRODUCT_LIST_INVENTORY,3,3
2025-01-14,PRODUCT_LIST_PRICE,3,3
2025-01-15,PRODUCT_FLAT_FILE_INVLOADER,4,4
2025-01-15,PRODUCT_LIST,4,4
2025-01-15,PRODUCT_LIST_IMAGE,4,4
2025-01-15,PRODUCT_LIST_INVENTORY,4,4
2025-01-15,PRODUCT_LIST_PRICE,4,4
2025-01-15,PRODUCT_LIST_REMOVE,2,2
2025-01-16,PRODUCT_FLAT_FILE_INVLOADER,7,7
2025-01-16,PRODUCT_LIST,7,7
2025-01-16,PRODUCT_LIST_IMAGE,7,7
2025-01-16,PRODUCT_LIST_INVENTORY,7,7
2025-01-16,PRODUCT_LIST_PRICE,7,7
2025-01-16,PRODUCT_LIST_REMOVE,1,1
2025-01-17,PRODUCT_FLAT_FILE_INVLOADER,5,5
2025-01-17,PRODUCT_LIST,5,5
2025-01-17,PRODUCT_LIST_IMAGE,5,5
2025-01-17,PRODUCT_LIST_INVENTORY,5,5
2025-01-17,PRODUCT_LIST_PRICE,5,5
2025-01-17,PRODUCT_LIST_REMOVE,1,1
2025-01-18,PRODUCT_FLAT_FILE_INVLOADER,5,5
2025-01-18,PRODUCT_LIST,5,5
2025-01-18,PRODUCT_LIST_IMAGE,5,5
2025-01-18,PRODUCT_LIST_INVENTORY,5,5
2025-01-18,PRODUCT_LIST_PRICE,5,5
2025-01-19,PRODUCT_FLAT_FILE_INVLOADER,17,17
2025-01-19,PRODUCT_LIST,18,18
2025-01-19,PRODUCT_LIST_IMAGE,17,17
2025-01-19,PRODUCT_LIST_INVENTORY,17,17
2025-01-19,PRODUCT_LIST_PRICE,17,17
2025-01-20,PRODUCT_FLAT_FILE_INVLOADER,9,9
2025-01-20,PRODUCT_LIST,8,8
2025-01-20,PRODUCT_LIST_IMAGE,9,9
2025-01-20,PRODUCT_LIST_INVENTORY,9,9
2025-01-20,PRODUCT_LIST_PRICE,9,9
2025-01-20,PRODUCT_LIST_REMOVE,2,2
2025-01-21,PRODUCT_FLAT_FILE_INVLOADER,5,5
2025-01-21,PRODUCT_LIST,5,5
2025-01-21,PRODUCT_LIST_IMAGE,5,5
2025-01-21,PRODUCT_LIST_INVENTORY,5,5
2025-01-21,PRODUCT_LIST_PRICE,5,5
2025-01-22,PRODUCT_FLAT_FILE_INVLOADER,4,4
2025-01-22,PRODUCT_LIST,4,4
2025-01-22,PRODUCT_LIST_IMAGE,4,4
2025-01-22,PRODUCT_LIST_INVENTORY,4,4
2025-01-22,PRODUCT_LIST_PRICE,4,4
2025-01-22,PRODUCT_LIST_REMOVE,1,1
2025-01-23,PRODUCT_FLAT_FILE_INVLOADER,2,2
2025-01-23,PRODUCT_LIST,2,2
2025-01-23,PRODUCT_LIST_IMAGE,2,2
2025-01-23,PRODUCT_LIST_INVENTORY,2,2
2025-01-23,PRODUCT_LIST_PRICE,2,2
2025-01-23,PRODUCT_LIST_REMOVE,2,2
2025-01-24,PRODUCT_FLAT_FILE_INVLOADER,7,7
2025-01-24,PRODUCT_LIST,7,7
2025-01-24,PRODUCT_LIST_IMAGE,7,7
2025-01-24,PRODUCT_LIST_INVENTORY,7,7
2025-01-24,PRODUCT_LIST_PRICE,7,7
2025-01-25,PRODUCT_FLAT_FILE_INVLOADER,4,4
2025-01-25,PRODUCT_LIST,4,4
2025-01-25,PRODUCT_LIST_IMAGE,4,4
2025-01-25,PRODUCT_LIST_INVENTORY,4,4
2025-01-25,PRODUCT_LIST_PRICE,4,4
2025-01-26,PRODUCT_FLAT_FILE_INVLOADER,11,11
2025-01-26,PRODUCT_LIST,11,11
2025-01-26,PRODUCT_LIST_IMAGE,11,11
2025-01-26,PRODUCT_LIST_INVENTORY,11,11
2025-01-26,PRODUCT_LIST_PRICE,11,11
2025-01-27,PRODUCT_FLAT_FILE_INVLOADER,12,12
2025-01-27,PRODUCT_LIST,12,12
2025-01-27,PRODUCT_LIST_IMAGE,12,12
2025-01-27,PRODUCT_LIST_INVENTORY,12,12
2025-01-27,PRODUCT_LIST_PRICE,12,12
2025-01-27,PRODUCT_LIST_REMOVE,1,1
2025-01-28,PRODUCT_FLAT_FILE_INVLOADER,11,11
2025-01-28,PRODUCT_LIST,13,13
2025-01-28,PRODUCT_LIST_IMAGE,11,11
2025-01-28,PRODUCT_LIST_INVENTORY,11,11
2025-01-28,PRODUCT_LIST_PRICE,11,11
2025-01-28,PRODUCT_LIST_REMOVE,7,7
2025-01-29,PRODUCT_FLAT_FILE_INVLOADER,9,9
2025-01-29,PRODUCT_LIST,10,10
2025-01-29,PRODUCT_LIST_IMAGE,9,9
2025-01-29,PRODUCT_LIST_INVENTORY,9,9
2025-01-29,PRODUCT_LIST_PRICE,9,9
2025-01-29,PRODUCT_LIST_REMOVE,1,1
2025-01-30,PRODUCT_FLAT_FILE_INVLOADER,3,3
2025-01-30,PRODUCT_LIST,3,3
2025-01-30,PRODUCT_LIST_IMAGE,3,3
2025-01-30,PRODUCT_LIST_INVENTORY,3,3
2025-01-30,PRODUCT_LIST_PRICE,3,3
2025-01-30,PRODUCT_LIST_REMOVE,1,1
2025-01-31,PRODUCT_FLAT_FILE_INVLOADER,6,6
2025-01-31,PRODUCT_LIST,6,6
2025-01-31,PRODUCT_LIST_IMAGE,6,6
2025-01-31,PRODUCT_LIST_INVENTORY,6,6
2025-01-31,PRODUCT_LIST_PRICE,6,6
2025-01-31,PRODUCT_LIST_REMOVE,3,3
2025-02-01,PRODUCT_FLAT_FILE_INVLOADER,2,2
2025-02-01,PRODUCT_LIST,2,2
2025-02-01,PRODUCT_LIST_IMAGE,2,2
2025-02-01,PRODUCT_LIST_INVENTORY,2,2
2025-02-01,PRODUCT_LIST_PRICE,2,2
2025-02-02,PRODUCT_FLAT_FILE_INVLOADER,4,4
2025-02-02,PRODUCT_LIST,4,4
2025-02-02,PRODUCT_LIST_IMAGE,4,4
2025-02-02,PRODUCT_LIST_INVENTORY,4,4
2025-02-02,PRODUCT_LIST_PRICE,4,4
2025-02-03,PRODUCT_FLAT_FILE_INVLOADER,7,7
2025-02-03,PRODUCT_LIST,9,9
2025-02-03,PRODUCT_LIST_IMAGE,7,7
2025-02-03,PRODUCT_LIST_INVENTORY,7,7
2025-02-03,PRODUCT_LIST_PRICE,7,7
2025-02-03,PRODUCT_LIST_REMOVE,1,1
2025-02-04,PRODUCT_FLAT_FILE_INVLOADER,8,8
2025-02-04,PRODUCT_LIST,6,6
2025-02-04,PRODUCT_LIST_IMAGE,8,8
2025-02-04,PRODUCT_LIST_INVENTORY,8,8
2025-02-04,PRODUCT_LIST_PRICE,8,8
2025-02-04,PRODUCT_LIST_REMOVE,1,1
2025-02-05,PRODUCT_FLAT_FILE_INVLOADER,3,3
2025-02-05,PRODUCT_LIST,3,3
2025-02-05,PRODUCT_LIST_IMAGE,3,3
2025-02-05,PRODUCT_LIST_INVENTORY,3,3
2025-02-05,PRODUCT_LIST_PRICE,3,3
2025-02-05,PRODUCT_LIST_REMOVE,16,16
2025-02-06,PRODUCT_FLAT_FILE_INVLOADER,4,4
2025-02-06,PRODUCT_LIST,4,4
2025-02-06,PRODUCT_LIST_IMAGE,4,4
2025-02-06,PRODUCT_LIST_INVENTORY,4,4
2025-02-06,PRODUCT_LIST_PRICE,4,4
2025-02-07,PRODUCT_FLAT_FILE_INVLOADER,26,26
2025-02-07,PRODUCT_LIST,27,27
2025-02-07,PRODUCT_LIST_IMAGE,26,26
2025-02-07,PRODUCT_LIST_INVENTORY,26,26
2025-02-07,PRODUCT_LIST_PRICE,26,26
2025-02-07,PRODUCT_LIST_REMOVE,1,1
2025-02-08,PRODUCT_FLAT_FILE_INVLOADER,3,3
2025-02-08,PRODUCT_LIST,3,3
2025-02-08,PRODUCT_LIST_IMAGE,3,3
2025-02-08,PRODUCT_LIST_INVENTORY,3,3
2025-02-08,PRODUCT_LIST_PRICE,3,3
2025-02-10,PRODUCT_FLAT_FILE_INVLOADER,7,7
2025-02-10,PRODUCT_LIST,7,7
2025-02-10,PRODUCT_LIST_IMAGE,7,7
2025-02-10,PRODUCT_LIST_INVENTORY,7,7
2025-02-10,PRODUCT_LIST_PRICE,7,7
2025-02-10,PRODUCT_LIST_REMOVE,6,6
2025-02-11,PRODUCT_FLAT_FILE_INVLOADER,2,2
2025-02-11,PRODUCT_LIST,2,2
2025-02-11,PRODUCT_LIST_IMAGE,2,2
2025-02-11,PRODUCT_LIST_INVENTORY,2,2
2025-02-11,PRODUCT_LIST_PRICE,2,2
2025-02-12,PRODUCT_FLAT_FILE_INVLOADER,5,5
2025-02-12,PRODUCT_LIST,5,5
2025-02-12,PRODUCT_LIST_IMAGE,5,5
2025-02-12,PRODUCT_LIST_INVENTORY,5,5
2025-02-12,PRODUCT_LIST_PRICE,5,5
2025-02-13,PRODUCT_FLAT_FILE_INVLOADER,1,1
2025-02-13,PRODUCT_LIST,1,1
2025-02-13,PRODUCT_LIST_IMAGE,1,1
2025-02-13,PRODUCT_LIST_INVENTORY,1,1
2025-02-13,PRODUCT_LIST_PRICE,1,1
2025-02-14,PRODUCT_FLAT_FILE_INVLOADER,7,7
2025-02-14,PRODUCT_LIST,7,7
2025-02-14,PRODUCT_LIST_IMAGE,7,7
2025-02-14,PRODUCT_LIST_INVENTORY,7,7
2025-02-14,PRODUCT_LIST_PRICE,7,7
2025-02-14,PRODUCT_LIST_REMOVE,1,1
2025-02-15,PRODUCT_FLAT_FILE_INVLOADER,5,5
2025-02-15,PRODUCT_LIST,5,5
2025-02-15,PRODUCT_LIST_IMAGE,5,5
2025-02-15,PRODUCT_LIST_INVENTORY,5,5
2025-02-15,PRODUCT_LIST_PRICE,5,5
2025-02-16,PRODUCT_FLAT_FILE_INVLOADER,1,1
2025-02-16,PRODUCT_LIST,1,1
2025-02-16,PRODUCT_LIST_IMAGE,1,1
2025-02-16,PRODUCT_LIST_INVENTORY,1,1
2025-02-16,PRODUCT_LIST_PRICE,1,1
2025-02-17,PRODUCT_FLAT_FILE_INVLOADER,11,11
2025-02-17,PRODUCT_LIST,11,11
2025-02-17,PRODUCT_LIST_IMAGE,11,11
2025-02-17,PRODUCT_LIST_INVENTORY,11,11
2025-02-17,PRODUCT_LIST_PRICE,11,11
2025-02-17,PRODUCT_LIST_REMOVE,4,4
2025-02-18,PRODUCT_FLAT_FILE_INVLOADER,16,16
2025-02-18,PRODUCT_LIST,16,16
2025-02-18,PRODUCT_LIST_IMAGE,16,16
2025-02-18,PRODUCT_LIST_INVENTORY,16,16
2025-02-18,PRODUCT_LIST_PRICE,16,16
2025-02-18,PRODUCT_LIST_REMOVE,3,3
2025-02-19,PRODUCT_FLAT_FILE_INVLOADER,3,3
2025-02-19,PRODUCT_LIST,3,3
2025-02-19,PRODUCT_LIST_IMAGE,3,3
2025-02-19,PRODUCT_LIST_INVENTORY,3,3
2025-02-19,PRODUCT_LIST_PRICE,3,3
2025-02-19,PRODUCT_LIST_REMOVE,2,2
2025-02-20,PRODUCT_FLAT_FILE_INVLOADER,15,15
2025-02-20,PRODUCT_LIST,15,15
2025-02-20,PRODUCT_LIST_IMAGE,15,15
2025-02-20,PRODUCT_LIST_INVENTORY,15,15
2025-02-20,PRODUCT_LIST_PRICE,15,15
2025-02-20,PRODUCT_LIST_REMOVE,39,39
2025-02-21,PRODUCT_FLAT_FILE_INVLOADER,7,7
2025-02-21,PRODUCT_LIST,7,7
2025-02-21,PRODUCT_LIST_IMAGE,7,7
2025-02-21,PRODUCT_LIST_INVENTORY,7,7
2025-02-21,PRODUCT_LIST_PRICE,7,7
2025-02-22,PRODUCT_FLAT_FILE_INVLOADER,6,6
2025-02-22,PRODUCT_LIST,6,6
2025-02-22,PRODUCT_LIST_IMAGE,6,6
2025-02-22,PRODUCT_LIST_INVENTORY,6,6
2025-02-22,PRODUCT_LIST_PRICE,6,6
2025-02-23,PRODUCT_FLAT_FILE_INVLOADER,6,6
2025-02-23,PRODUCT_LIST,6,6
2025-02-23,PRODUCT_LIST_IMAGE,6,6
2025-02-23,PRODUCT_LIST_INVENTORY,6,6
2025-02-23,PRODUCT_LIST_PRICE,6,6
2025-02-24,PRODUCT_FLAT_FILE_INVLOADER,31,31
2025-02-24,PRODUCT_LIST,31,31
2025-02-24,PRODUCT_LIST_IMAGE,31,31
2025-02-24,PRODUCT_LIST_INVENTORY,31,31
2025-02-24,PRODUCT_LIST_PRICE,31,31
2025-02-24,PRODUCT_LIST_REMOVE,1,1
2025-02-25,PRODUCT_FLAT_FILE_INVLOADER,8,8
2025-02-25,PRODUCT_LIST,8,8
2025-02-25,PRODUCT_LIST_IMAGE,8,8
2025-02-25,PRODUCT_LIST_INVENTORY,8,8
2025-02-25,PRODUCT_LIST_PRICE,8,8
2025-02-25,PRODUCT_LIST_REMOVE,18,18
2025-02-26,PRODUCT_FLAT_FILE_INVLOADER,3,3
2025-02-26,PRODUCT_LIST,3,3
2025-02-26,PRODUCT_LIST_IMAGE,3,3
2025-02-26,PRODUCT_LIST_INVENTORY,3,3
2025-02-26,PRODUCT_LIST_PRICE,3,3
2025-02-27,PRODUCT_FLAT_FILE_INVLOADER,8,8
2025-02-27,PRODUCT_LIST,8,8
2025-02-27,PRODUCT_LIST_IMAGE,8,8
2025-02-27,PRODUCT_LIST_INVENTORY,8,8
2025-02-27,PRODUCT_LIST_PRICE,8,8
2025-02-28,PRODUCT_FLAT_FILE_INVLOADER,12,12
2025-02-28,PRODUCT_LIST,13,13
2025-02-28,PRODUCT_LIST_IMAGE,12,12
2025-02-28,PRODUCT_LIST_INVENTORY,12,12
2025-02-28,PRODUCT_LIST_PRICE,12,12
2025-02-28,PRODUCT_LIST_REMOVE,2,2
2025-03-01,PRODUCT_FLAT_FILE_INVLOADER,1,1
2025-03-01,PRODUCT_LIST,1,1
2025-03-01,PRODUCT_LIST_IMAGE,1,1
2025-03-01,PRODUCT_LIST_INVENTORY,1,1
2025-03-01,PRODUCT_LIST_PRICE,1,1
2025-03-02,PRODUCT_FLAT_FILE_INVLOADER,3,3
2025-03-02,PRODUCT_LIST,3,3
2025-03-02,PRODUCT_LIST_IMAGE,3,3
2025-03-02,PRODUCT_LIST_INVENTORY,3,3
2025-03-02,PRODUCT_LIST_PRICE,3,3
2025-03-02,PRODUCT_LIST_REMOVE,2,2
2025-03-03,PRODUCT_FLAT_FILE_INVLOADER,5,5
2025-03-03,PRODUCT_LIST,5,5
2025-03-03,PRODUCT_LIST_IMAGE,5,5
2025-03-03,PRODUCT_LIST_INVENTORY,5,5
2025-03-03,PRODUCT_LIST_PRICE,5,5
2025-03-03,PRODUCT_LIST_REMOVE,1,1
2025-03-04,PRODUCT_FLAT_FILE_INVLOADER,5,5
2025-03-04,PRODUCT_LIST,5,5
2025-03-04,PRODUCT_LIST_IMAGE,5,5
2025-03-04,PRODUCT_LIST_INVENTORY,5,5
2025-03-04,PRODUCT_LIST_PRICE,5,5
2025-03-04,PRODUCT_LIST_REMOVE,2,2
2025-03-05,PRODUCT_FLAT_FILE_INVLOADER,46,46
2025-03-05,PRODUCT_LIST,46,46
2025-03-05,PRODUCT_LIST_IMAGE,46,46
2025-03-05,PRODUCT_LIST_INVENTORY,46,46
2025-03-05,PRODUCT_LIST_PRICE,46,46
2025-03-05,PRODUCT_LIST_REMOVE,5,5
2025-03-06,PRODUCT_FLAT_FILE_INVLOADER,14,14
2025-03-06,PRODUCT_LIST,14,14
2025-03-06,PRODUCT_LIST_IMAGE,14,14
2025-03-06,PRODUCT_LIST_INVENTORY,14,14
2025-03-06,PRODUCT_LIST_PRICE,14,14
2025-03-07,PRODUCT_FLAT_FILE_INVLOADER,16,16
2025-03-07,PRODUCT_LIST,16,16
2025-03-07,PRODUCT_LIST_IMAGE,16,16
2025-03-07,PRODUCT_LIST_INVENTORY,16,16
2025-03-07,PRODUCT_LIST_PRICE,16,16
2025-03-07,PRODUCT_LIST_REMOVE,3,3
2025-03-08,PRODUCT_FLAT_FILE_INVLOADER,3,3
2025-03-08,PRODUCT_LIST,3,3
2025-03-08,PRODUCT_LIST_IMAGE,3,3
2025-03-08,PRODUCT_LIST_INVENTORY,3,3
2025-03-08,PRODUCT_LIST_PRICE,3,3
2025-03-09,PRODUCT_FLAT_FILE_INVLOADER,6,6
2025-03-09,PRODUCT_LIST,6,6
2025-03-09,PRODUCT_LIST_IMAGE,6,6
2025-03-09,PRODUCT_LIST_INVENTORY,6,6
2025-03-09,PRODUCT_LIST_PRICE,6,6
2025-03-10,PRODUCT_FLAT_FILE_INVLOADER,3,3
2025-03-10,PRODUCT_LIST,3,3
2025-03-10,PRODUCT_LIST_IMAGE,3,3
2025-03-10,PRODUCT_LIST_INVENTORY,3,3
2025-03-10,PRODUCT_LIST_PRICE,3,3
2025-03-10,PRODUCT_LIST_REMOVE,1,1
2025-03-11,PRODUCT_FLAT_FILE_INVLOADER,3,3
2025-03-11,PRODUCT_LIST,4,4
2025-03-11,PRODUCT_LIST_IMAGE,3,3
2025-03-11,PRODUCT_LIST_INVENTORY,3,3
2025-03-11,PRODUCT_LIST_PRICE,3,3
2025-03-12,PRODUCT_FLAT_FILE_INVLOADER,5,5
2025-03-12,PRODUCT_LIST,4,4
2025-03-12,PRODUCT_LIST_IMAGE,5,5
2025-03-12,PRODUCT_LIST_INVENTORY,5,5
2025-03-12,PRODUCT_LIST_PRICE,5,5
2025-03-12,PRODUCT_LIST_REMOVE,2,2
2025-03-13,PRODUCT_FLAT_FILE_INVLOADER,3,3
2025-03-13,PRODUCT_LIST,3,3
2025-03-13,PRODUCT_LIST_IMAGE,3,3
2025-03-13,PRODUCT_LIST_INVENTORY,3,3
2025-03-13,PRODUCT_LIST_PRICE,3,3
2025-03-14,PRODUCT_FLAT_FILE_INVLOADER,4,4
2025-03-14,PRODUCT_LIST,4,4
2025-03-14,PRODUCT_LIST_IMAGE,4,4
2025-03-14,PRODUCT_LIST_INVENTORY,4,4
2025-03-14,PRODUCT_LIST_PRICE,4,4
2025-03-14,PRODUCT_LIST_REMOVE,4,4
2025-03-15,PRODUCT_FLAT_FILE_INVLOADER,4,4
2025-03-15,PRODUCT_LIST,4,4
2025-03-15,PRODUCT_LIST_IMAGE,4,4
2025-03-15,PRODUCT_LIST_INVENTORY,4,4
2025-03-15,PRODUCT_LIST_PRICE,4,4
2025-03-16,PRODUCT_FLAT_FILE_INVLOADER,5,5
2025-03-16,PRODUCT_LIST,5,5
2025-03-16,PRODUCT_LIST_IMAGE,5,5
2025-03-16,PRODUCT_LIST_INVENTORY,5,5
2025-03-16,PRODUCT_LIST_PRICE,5,5
2025-03-17,PRODUCT_FLAT_FILE_INVLOADER,3,3
2025-03-17,PRODUCT_LIST,3,3
2025-03-17,PRODUCT_LIST_IMAGE,3,3
2025-03-17,PRODUCT_LIST_INVENTORY,3,3
2025-03-17,PRODUCT_LIST_PRICE,3,3
2025-03-17,PRODUCT_LIST_REMOVE,4,4
2025-03-18,PRODUCT_FLAT_FILE_INVLOADER,4,4
2025-03-18,PRODUCT_LIST,4,4
2025-03-18,PRODUCT_LIST_IMAGE,4,4
2025-03-18,PRODUCT_LIST_INVENTORY,4,4
2025-03-18,PRODUCT_LIST_PRICE,4,4
2025-03-18,PRODUCT_LIST_REMOVE,1,1
2025-03-19,PRODUCT_FLAT_FILE_INVLOADER,5,5
2025-03-19,PRODUCT_LIST,5,5
2025-03-19,PRODUCT_LIST_IMAGE,5,5
2025-03-19,PRODUCT_LIST_INVENTORY,5,5
2025-03-19,PRODUCT_LIST_PRICE,5,5
2025-03-19,PRODUCT_LIST_REMOVE,3,3
2025-03-20,PRODUCT_FLAT_FILE_INVLOADER,1,1
2025-03-20,PRODUCT_LIST,1,1
2025-03-20,PRODUCT_LIST_IMAGE,1,1
2025-03-20,PRODUCT_LIST_INVENTORY,1,1
2025-03-20,PRODUCT_LIST_PRICE,1,1
2025-03-20,PRODUCT_LIST_REMOVE,1,1
2025-03-21,PRODUCT_FLAT_FILE_INVLOADER,5,5
2025-03-21,PRODUCT_LIST,5,5
2025-03-21,PRODUCT_LIST_IMAGE,5,5
2025-03-21,PRODUCT_LIST_INVENTORY,5,5
2025-03-21,PRODUCT_LIST_PRICE,5,5
2025-03-21,PRODUCT_LIST_REMOVE,3,3
2025-03-22,PRODUCT_FLAT_FILE_INVLOADER,7,7
2025-03-22,PRODUCT_LIST,7,7
2025-03-22,PRODUCT_LIST_IMAGE,7,7
2025-03-22,PRODUCT_LIST_INVENTORY,7,7
2025-03-22,PRODUCT_LIST_PRICE,7,7
2025-03-23,PRODUCT_FLAT_FILE_INVLOADER,1,1
2025-03-23,PRODUCT_LIST,1,1
2025-03-23,PRODUCT_LIST_IMAGE,1,1
2025-03-23,PRODUCT_LIST_INVENTORY,1,1
2025-03-23,PRODUCT_LIST_PRICE,1,1
2025-03-23,PRODUCT_LIST_REMOVE,1,1
2025-03-24,PRODUCT_FLAT_FILE_INVLOADER,3,3
2025-03-24,PRODUCT_LIST,3,3
2025-03-24,PRODUCT_LIST_IMAGE,3,3
2025-03-24,PRODUCT_LIST_INVENTORY,3,3
2025-03-24,PRODUCT_LIST_PRICE,3,3
2025-03-25,PRODUCT_FLAT_FILE_INVLOADER,8,8
2025-03-25,PRODUCT_LIST,8,8
2025-03-25,PRODUCT_LIST_IMAGE,8,8
2025-03-25,PRODUCT_LIST_INVENTORY,8,8
2025-03-25,PRODUCT_LIST_PRICE,8,8
2025-03-25,PRODUCT_LIST_REMOVE,2,2
2025-03-26,PRODUCT_FLAT_FILE_INVLOADER,6,6
2025-03-26,PRODUCT_LIST,6,6
2025-03-26,PRODUCT_LIST_IMAGE,6,6
2025-03-26,PRODUCT_LIST_INVENTORY,6,6
2025-03-26,PRODUCT_LIST_PRICE,6,6
2025-03-26,PRODUCT_LIST_REMOVE,3,3
2025-03-27,PRODUCT_FLAT_FILE_INVLOADER,4,4
2025-03-27,PRODUCT_LIST,4,4
2025-03-27,PRODUCT_LIST_IMAGE,4,4
2025-03-27,PRODUCT_LIST_INVENTORY,4,4
2025-03-27,PRODUCT_LIST_PRICE,4,4
2025-03-28,PRODUCT_FLAT_FILE_INVLOADER,2,2
2025-03-28,PRODUCT_LIST,2,2
2025-03-28,PRODUCT_LIST_IMAGE,2,2
2025-03-28,PRODUCT_LIST_INVENTORY,2,2
2025-03-28,PRODUCT_LIST_PRICE,2,2
2025-03-29,PRODUCT_FLAT_FILE_INVLOADER,11,11
2025-03-29,PRODUCT_LIST,11,11
2025-03-29,PRODUCT_LIST_IMAGE,11,11
2025-03-29,PRODUCT_LIST_INVENTORY,11,11
2025-03-29,PRODUCT_LIST_PRICE,11,11
2025-03-30,PRODUCT_FLAT_FILE_INVLOADER,6,6
2025-03-30,PRODUCT_LIST,6,6
2025-03-30,PRODUCT_LIST_IMAGE,6,6
2025-03-30,PRODUCT_LIST_INVENTORY,6,6
2025-03-30,PRODUCT_LIST_PRICE,6,6
2025-03-31,PRODUCT_FLAT_FILE_INVLOADER,8,8
2025-03-31,PRODUCT_LIST,8,8
2025-03-31,PRODUCT_LIST_IMAGE,8,8
2025-03-31,PRODUCT_LIST_INVENTORY,8,8
2025-03-31,PRODUCT_LIST_PRICE,8,8
2025-03-31,PRODUCT_LIST_REMOVE,7,7
2025-04-01,PRODUCT_FLAT_FILE_INVLOADER,14,14
2025-04-01,PRODUCT_LIST,14,14
2025-04-01,PRODUCT_LIST_IMAGE,14,14
2025-04-01,PRODUCT_LIST_INVENTORY,14,14
2025-04-01,PRODUCT_LIST_PRICE,14,14
2025-04-01,PRODUCT_LIST_REMOVE,7,7
2025-04-02,PRODUCT_FLAT_FILE_INVLOADER,9,9
2025-04-02,PRODUCT_LIST,9,9
2025-04-02,PRODUCT_LIST_IMAGE,9,9
2025-04-02,PRODUCT_LIST_INVENTORY,9,9
2025-04-02,PRODUCT_LIST_PRICE,9,9
2025-04-02,PRODUCT_LIST_REMOVE,1,1
2025-04-03,PRODUCT_FLAT_FILE_INVLOADER,6,6
2025-04-03,PRODUCT_LIST,6,6
2025-04-03,PRODUCT_LIST_IMAGE,6,6
2025-04-03,PRODUCT_LIST_INVENTORY,6,6
2025-04-03,PRODUCT_LIST_PRICE,6,6
2025-04-04,PRODUCT_FLAT_FILE_INVLOADER,9,9
2025-04-04,PRODUCT_LIST,9,9
2025-04-04,PRODUCT_LIST_IMAGE,9,9
2025-04-04,PRODUCT_LIST_INVENTORY,9,9
2025-04-04,PRODUCT_LIST_PRICE,9,9
2025-04-04,PRODUCT_LIST_REMOVE,1,1
2025-04-05,PRODUCT_FLAT_FILE_INVLOADER,5,5
2025-04-05,PRODUCT_LIST,5,5
2025-04-05,PRODUCT_LIST_IMAGE,5,5
2025-04-05,PRODUCT_LIST_INVENTORY,5,5
2025-04-05,PRODUCT_LIST_PRICE,5,5
2025-04-06,PRODUCT_FLAT_FILE_INVLOADER,5,5
2025-04-06,PRODUCT_LIST,6,6
2025-04-06,PRODUCT_LIST_IMAGE,5,5
2025-04-06,PRODUCT_LIST_INVENTORY,5,5
2025-04-06,PRODUCT_LIST_PRICE,5,5
2025-04-07,PRODUCT_FLAT_FILE_INVLOADER,16,16
2025-04-07,PRODUCT_LIST,15,15
2025-04-07,PRODUCT_LIST_IMAGE,16,16
2025-04-07,PRODUCT_LIST_INVENTORY,16,16
2025-04-07,PRODUCT_LIST_PRICE,16,16
2025-04-07,PRODUCT_LIST_REMOVE,2,2
2025-04-08,PRODUCT_FLAT_FILE_INVLOADER,6,6
2025-04-08,PRODUCT_LIST,6,6
2025-04-08,PRODUCT_LIST_IMAGE,6,6
2025-04-08,PRODUCT_LIST_INVENTORY,6,6
2025-04-08,PRODUCT_LIST_PRICE,6,6
2025-04-08,PRODUCT_LIST_REMOVE,2,2
2025-04-09,PRODUCT_FLAT_FILE_INVLOADER,2,2
2025-04-09,PRODUCT_LIST,2,2
2025-04-09,PRODUCT_LIST_IMAGE,2,2
2025-04-09,PRODUCT_LIST_INVENTORY,2,2
2025-04-09,PRODUCT_LIST_PRICE,2,2
2025-04-09,PRODUCT_LIST_REMOVE,1,1
2025-04-10,PRODUCT_FLAT_FILE_INVLOADER,7,7
2025-04-10,PRODUCT_LIST,7,7
2025-04-10,PRODUCT_LIST_IMAGE,7,7
2025-04-10,PRODUCT_LIST_INVENTORY,7,7
2025-04-10,PRODUCT_LIST_PRICE,7,7
2025-04-11,PRODUCT_FLAT_FILE_INVLOADER,11,11
2025-04-11,PRODUCT_LIST,11,11
2025-04-11,PRODUCT_LIST_IMAGE,11,11
2025-04-11,PRODUCT_LIST_INVENTORY,11,11
2025-04-11,PRODUCT_LIST_PRICE,11,11
2025-04-11,PRODUCT_LIST_REMOVE,3,3
2025-04-12,PRODUCT_FLAT_FILE_INVLOADER,13,13
2025-04-12,PRODUCT_LIST,13,13
2025-04-12,PRODUCT_LIST_IMAGE,13,13
2025-04-12,PRODUCT_LIST_INVENTORY,13,13
2025-04-12,PRODUCT_LIST_PRICE,13,13
2025-04-13,PRODUCT_FLAT_FILE_INVLOADER,5,5
2025-04-13,PRODUCT_LIST,5,5
2025-04-13,PRODUCT_LIST_IMAGE,5,5
2025-04-13,PRODUCT_LIST_INVENTORY,5,5
2025-04-13,PRODUCT_LIST_PRICE,5,5
2025-04-13,PRODUCT_LIST_REMOVE,1,1
2025-04-14,PRODUCT_FLAT_FILE_INVLOADER,7,7
2025-04-14,PRODUCT_LIST,7,7
2025-04-14,PRODUCT_LIST_IMAGE,7,7
2025-04-14,PRODUCT_LIST_INVENTORY,7,7
2025-04-14,PRODUCT_LIST_PRICE,7,7
2025-04-14,PRODUCT_LIST_REMOVE,5,5
2025-04-15,PRODUCT_FLAT_FILE_INVLOADER,32,32
2025-04-15,PRODUCT_LIST,33,33
2025-04-15,PRODUCT_LIST_IMAGE,32,32
2025-04-15,PRODUCT_LIST_INVENTORY,32,32
2025-04-15,PRODUCT_LIST_PRICE,32,32
2025-04-15,PRODUCT_LIST_REMOVE,4,4
2025-04-16,PRODUCT_FLAT_FILE_INVLOADER,6,6
2025-04-16,PRODUCT_LIST,6,6
2025-04-16,PRODUCT_LIST_IMAGE,6,6
2025-04-16,PRODUCT_LIST_INVENTORY,6,6
2025-04-16,PRODUCT_LIST_PRICE,6,6
2025-04-16,PRODUCT_LIST_REMOVE,2,2
2025-04-17,PRODUCT_FLAT_FILE_INVLOADER,7,7
2025-04-17,PRODUCT_LIST,7,7
2025-04-17,PRODUCT_LIST_IMAGE,7,7
2025-04-17,PRODUCT_LIST_INVENTORY,7,7
2025-04-17,PRODUCT_LIST_PRICE,7,7
2025-04-17,PRODUCT_LIST_REMOVE,1,1
2025-04-18,PRODUCT_FLAT_FILE_INVLOADER,3,3
2025-04-18,PRODUCT_LIST,3,3
2025-04-18,PRODUCT_LIST_IMAGE,3,3
2025-04-18,PRODUCT_LIST_INVENTORY,3,3
2025-04-18,PRODUCT_LIST_PRICE,3,3
2025-04-19,PRODUCT_FLAT_FILE_INVLOADER,6,6
2025-04-19,PRODUCT_LIST,7,7
2025-04-19,PRODUCT_LIST_IMAGE,6,6
2025-04-19,PRODUCT_LIST_INVENTORY,6,6
2025-04-19,PRODUCT_LIST_PRICE,6,6
2025-04-20,PRODUCT_FLAT_FILE_INVLOADER,4,4
2025-04-20,PRODUCT_LIST,4,4
2025-04-20,PRODUCT_LIST_IMAGE,4,4
2025-04-20,PRODUCT_LIST_INVENTORY,4,4
2025-04-20,PRODUCT_LIST_PRICE,4,4
2025-04-21,PRODUCT_FLAT_FILE_INVLOADER,4,4
2025-04-21,PRODUCT_LIST,4,4
2025-04-21,PRODUCT_LIST_IMAGE,4,4
2025-04-21,PRODUCT_LIST_INVENTORY,4,4
2025-04-21,PRODUCT_LIST_PRICE,4,4
2025-04-22,PRODUCT_FLAT_FILE_INVLOADER,19,19
2025-04-22,PRODUCT_LIST,25,25
2025-04-22,PRODUCT_LIST_IMAGE,19,19
2025-04-22,PRODUCT_LIST_INVENTORY,19,19
2025-04-22,PRODUCT_LIST_PRICE,19,19
2025-04-22,PRODUCT_LIST_REMOVE,2,2
2025-04-23,PRODUCT_FLAT_FILE_INVLOADER,19,19
2025-04-23,PRODUCT_LIST,15,15
2025-04-23,PRODUCT_LIST_IMAGE,19,19
2025-04-23,PRODUCT_LIST_INVENTORY,19,19
2025-04-23,PRODUCT_LIST_PRICE,19,19
2025-04-23,PRODUCT_LIST_REMOVE,7,7
2025-04-24,PRODUCT_FLAT_FILE_INVLOADER,17,17
2025-04-24,PRODUCT_LIST,17,17
2025-04-24,PRODUCT_LIST_IMAGE,17,17
2025-04-24,PRODUCT_LIST_INVENTORY,17,17
2025-04-24,PRODUCT_LIST_PRICE,17,17
2025-04-24,PRODUCT_LIST_REMOVE,7,7
2025-04-25,PRODUCT_FLAT_FILE_INVLOADER,15,15
2025-04-25,PRODUCT_LIST,15,15
2025-04-25,PRODUCT_LIST_IMAGE,15,15
2025-04-25,PRODUCT_LIST_INVENTORY,15,15
2025-04-25,PRODUCT_LIST_PRICE,15,15
2025-04-25,PRODUCT_LIST_REMOVE,5,5
2025-04-26,PRODUCT_FLAT_FILE_INVLOADER,8,8
2025-04-26,PRODUCT_LIST,7,7
2025-04-26,PRODUCT_LIST_IMAGE,8,8
2025-04-26,PRODUCT_LIST_INVENTORY,8,8
2025-04-26,PRODUCT_LIST_PRICE,8,8
2025-04-27,PRODUCT_FLAT_FILE_INVLOADER,5,5
2025-04-27,PRODUCT_LIST,5,5
2025-04-27,PRODUCT_LIST_IMAGE,5,5
2025-04-27,PRODUCT_LIST_INVENTORY,5,5
2025-04-27,PRODUCT_LIST_PRICE,5,5
2025-04-28,PRODUCT_FLAT_FILE_INVLOADER,12,12
2025-04-28,PRODUCT_LIST,12,12
2025-04-28,PRODUCT_LIST_IMAGE,12,12
2025-04-28,PRODUCT_LIST_INVENTORY,12,12
2025-04-28,PRODUCT_LIST_PRICE,12,12
2025-04-28,PRODUCT_LIST_REMOVE,3,3
2025-04-29,PRODUCT_FLAT_FILE_INVLOADER,6,6
2025-04-29,PRODUCT_LIST,7,7
2025-04-29,PRODUCT_LIST_IMAGE,6,6
2025-04-29,PRODUCT_LIST_INVENTORY,6,6
2025-04-29,PRODUCT_LIST_PRICE,6,6
2025-04-29,PRODUCT_LIST_REMOVE,16,16
2025-04-30,PRODUCT_FLAT_FILE_INVLOADER,1,1
2025-04-30,PRODUCT_LIST,1,1
2025-04-30,PRODUCT_LIST_IMAGE,1,1
2025-04-30,PRODUCT_LIST_INVENTORY,1,1
2025-04-30,PRODUCT_LIST_PRICE,1,1
2025-04-30,PRODUCT_LIST_REMOVE,2,2
2025-05-01,PRODUCT_FLAT_FILE_INVLOADER,2,2
2025-05-01,PRODUCT_LIST,2,2
2025-05-01,PRODUCT_LIST_IMAGE,2,2
2025-05-01,PRODUCT_LIST_INVENTORY,2,2
2025-05-01,PRODUCT_LIST_PRICE,2,2
2025-05-01,PRODUCT_LIST_REMOVE,9,9
2025-05-02,PRODUCT_FLAT_FILE_INVLOADER,2,2
2025-05-02,PRODUCT_LIST,2,2
2025-05-02,PRODUCT_LIST_IMAGE,2,2
2025-05-02,PRODUCT_LIST_INVENTORY,2,2
2025-05-02,PRODUCT_LIST_PRICE,2,2
2025-05-02,PRODUCT_LIST_REMOVE,18,18
2025-05-03,PRODUCT_FLAT_FILE_INVLOADER,13,13
2025-05-03,PRODUCT_LIST,13,13
2025-05-03,PRODUCT_LIST_IMAGE,13,13
2025-05-03,PRODUCT_LIST_INVENTORY,13,13
2025-05-03,PRODUCT_LIST_PRICE,13,13
2025-05-04,PRODUCT_FLAT_FILE_INVLOADER,5,5
2025-05-04,PRODUCT_LIST,5,5
2025-05-04,PRODUCT_LIST_IMAGE,5,5
2025-05-04,PRODUCT_LIST_INVENTORY,5,5
2025-05-04,PRODUCT_LIST_PRICE,5,5
2025-05-05,PRODUCT_FLAT_FILE_INVLOADER,4,4
2025-05-05,PRODUCT_LIST,6,6
2025-05-05,PRODUCT_LIST_IMAGE,4,4
2025-05-05,PRODUCT_LIST_INVENTORY,4,4
2025-05-05,PRODUCT_LIST_PRICE,4,4
2025-05-05,PRODUCT_LIST_REMOVE,2,2
2025-05-06,PRODUCT_FLAT_FILE_INVLOADER,4,4
2025-05-06,PRODUCT_LIST,3,3
2025-05-06,PRODUCT_LIST_IMAGE,4,4
2025-05-06,PRODUCT_LIST_INVENTORY,4,4
2025-05-06,PRODUCT_LIST_PRICE,4,4
2025-05-06,PRODUCT_LIST_REMOVE,1,1
2025-05-07,PRODUCT_FLAT_FILE_INVLOADER,10,10
2025-05-07,PRODUCT_LIST,10,10
2025-05-07,PRODUCT_LIST_IMAGE,10,10
2025-05-07,PRODUCT_LIST_INVENTORY,10,10
2025-05-07,PRODUCT_LIST_PRICE,10,10
2025-05-07,PRODUCT_LIST_REMOVE,1,1
2025-05-08,PRODUCT_FLAT_FILE_INVLOADER,12,12
2025-05-08,PRODUCT_LIST,12,12
2025-05-08,PRODUCT_LIST_IMAGE,12,12
2025-05-08,PRODUCT_LIST_INVENTORY,12,12
2025-05-08,PRODUCT_LIST_PRICE,12,12
2025-05-09,PRODUCT_FLAT_FILE_INVLOADER,3,3
2025-05-09,PRODUCT_LIST,3,3
2025-05-09,PRODUCT_LIST_IMAGE,3,3
2025-05-09,PRODUCT_LIST_INVENTORY,3,3
2025-05-09,PRODUCT_LIST_PRICE,3,3
2025-05-10,PRODUCT_FLAT_FILE_INVLOADER,3,3
2025-05-10,PRODUCT_LIST,3,3
2025-05-10,PRODUCT_LIST_IMAGE,3,3
2025-05-10,PRODUCT_LIST_INVENTORY,3,3
2025-05-10,PRODUCT_LIST_PRICE,3,3
2025-05-10,PRODUCT_LIST_REMOVE,2,2
2025-05-11,PRODUCT_FLAT_FILE_INVLOADER,4,4
2025-05-11,PRODUCT_LIST,4,4
2025-05-11,PRODUCT_LIST_IMAGE,4,4
2025-05-11,PRODUCT_LIST_INVENTORY,4,4
2025-05-11,PRODUCT_LIST_PRICE,4,4
2025-05-12,PRODUCT_FLAT_FILE_INVLOADER,10,10
2025-05-12,PRODUCT_LIST,10,10
2025-05-12,PRODUCT_LIST_IMAGE,10,10
2025-05-12,PRODUCT_LIST_INVENTORY,10,10
2025-05-12,PRODUCT_LIST_PRICE,10,10
2025-05-12,PRODUCT_LIST_REMOVE,1,1
2025-05-13,PRODUCT_FLAT_FILE_INVLOADER,10,10
2025-05-13,PRODUCT_LIST,11,11
2025-05-13,PRODUCT_LIST_IMAGE,10,10
2025-05-13,PRODUCT_LIST_INVENTORY,10,10
2025-05-13,PRODUCT_LIST_PRICE,10,10
2025-05-13,PRODUCT_LIST_REMOVE,3,3
2025-05-14,PRODUCT_FLAT_FILE_INVLOADER,7,7
2025-05-14,PRODUCT_LIST,6,6
2025-05-14,PRODUCT_LIST_IMAGE,7,7
2025-05-14,PRODUCT_LIST_INVENTORY,7,7
2025-05-14,PRODUCT_LIST_PRICE,7,7
2025-05-14,PRODUCT_LIST_REMOVE,1,1
2025-05-15,PRODUCT_FLAT_FILE_INVLOADER,6,6
2025-05-15,PRODUCT_LIST,6,6
2025-05-15,PRODUCT_LIST_IMAGE,6,6
2025-05-15,PRODUCT_LIST_INVENTORY,6,6
2025-05-15,PRODUCT_LIST_PRICE,6,6
2025-05-16,PRODUCT_FLAT_FILE_INVLOADER,3,3
2025-05-16,PRODUCT_LIST,3,3
2025-05-16,PRODUCT_LIST_IMAGE,3,3
2025-05-16,PRODUCT_LIST_INVENTORY,3,3
2025-05-16,PRODUCT_LIST_PRICE,3,3
2025-05-16,PRODUCT_LIST_REMOVE,23,23
2025-05-17,PRODUCT_FLAT_FILE_INVLOADER,4,4
2025-05-17,PRODUCT_LIST,4,4
2025-05-17,PRODUCT_LIST_IMAGE,4,4
2025-05-17,PRODUCT_LIST_INVENTORY,4,4
2025-05-17,PRODUCT_LIST_PRICE,4,4
2025-05-18,PRODUCT_FLAT_FILE_INVLOADER,8,8
2025-05-18,PRODUCT_LIST,8,8
2025-05-18,PRODUCT_LIST_IMAGE,8,8
2025-05-18,PRODUCT_LIST_INVENTORY,8,8
2025-05-18,PRODUCT_LIST_PRICE,8,8
2025-05-18,PRODUCT_LIST_REMOVE,1,1
2025-05-19,PRODUCT_FLAT_FILE_INVLOADER,4,4
2025-05-19,PRODUCT_LIST,4,4
2025-05-19,PRODUCT_LIST_IMAGE,4,4
2025-05-19,PRODUCT_LIST_INVENTORY,4,4
2025-05-19,PRODUCT_LIST_PRICE,4,4
2025-05-19,PRODUCT_LIST_REMOVE,2,2
2025-05-20,PRODUCT_FLAT_FILE_INVLOADER,4,4
2025-05-20,PRODUCT_LIST,6,6
2025-05-20,PRODUCT_LIST_IMAGE,4,4
2025-05-20,PRODUCT_LIST_INVENTORY,4,4
2025-05-20,PRODUCT_LIST_PRICE,4,4
2025-05-20,PRODUCT_LIST_REMOVE,1,1
2025-05-21,PRODUCT_FLAT_FILE_INVLOADER,12,12
2025-05-21,PRODUCT_LIST,13,13
2025-05-21,PRODUCT_LIST_IMAGE,12,12
2025-05-21,PRODUCT_LIST_INVENTORY,12,12
2025-05-21,PRODUCT_LIST_PRICE,12,12
2025-05-22,PRODUCT_FLAT_FILE_INVLOADER,5,5
2025-05-22,PRODUCT_LIST,4,4
2025-05-22,PRODUCT_LIST_IMAGE,5,5
2025-05-22,PRODUCT_LIST_INVENTORY,5,5
2025-05-22,PRODUCT_LIST_PRICE,5,5
2025-05-22,PRODUCT_LIST_REMOVE,1,1
2025-05-23,PRODUCT_FLAT_FILE_INVLOADER,5,5
2025-05-23,PRODUCT_LIST,5,5
2025-05-23,PRODUCT_LIST_IMAGE,5,5
2025-05-23,PRODUCT_LIST_INVENTORY,5,5
2025-05-23,PRODUCT_LIST_PRICE,5,5
2025-05-24,PRODUCT_FLAT_FILE_INVLOADER,6,6
2025-05-24,PRODUCT_LIST,6,6
2025-05-24,PRODUCT_LIST_IMAGE,6,6
2025-05-24,PRODUCT_LIST_INVENTORY,6,6
2025-05-24,PRODUCT_LIST_PRICE,6,6
2025-05-25,PRODUCT_FLAT_FILE_INVLOADER,1,1
2025-05-25,PRODUCT_LIST,1,1
2025-05-25,PRODUCT_LIST_IMAGE,1,1
2025-05-25,PRODUCT_LIST_INVENTORY,1,1
2025-05-25,PRODUCT_LIST_PRICE,1,1
2025-05-26,PRODUCT_FLAT_FILE_INVLOADER,5,5
2025-05-26,PRODUCT_LIST,5,5
2025-05-26,PRODUCT_LIST_IMAGE,5,5
2025-05-26,PRODUCT_LIST_INVENTORY,5,5
2025-05-26,PRODUCT_LIST_PRICE,5,5
2025-05-27,PRODUCT_FLAT_FILE_INVLOADER,3,3
2025-05-27,PRODUCT_LIST,3,3
2025-05-27,PRODUCT_LIST_IMAGE,3,3
2025-05-27,PRODUCT_LIST_INVENTORY,3,3
2025-05-27,PRODUCT_LIST_PRICE,3,3
2025-05-27,PRODUCT_LIST_REMOVE,1,1
2025-05-28,PRODUCT_FLAT_FILE_INVLOADER,7,7
2025-05-28,PRODUCT_LIST,7,7
2025-05-28,PRODUCT_LIST_IMAGE,7,7
2025-05-28,PRODUCT_LIST_INVENTORY,7,7
2025-05-28,PRODUCT_LIST_PRICE,7,7
2025-05-28,PRODUCT_LIST_REMOVE,5,5
2025-05-29,PRODUCT_FLAT_FILE_INVLOADER,251,50
2025-05-29,PRODUCT_LIST,301,50
2025-05-29,PRODUCT_LIST_IMAGE,251,50
2025-05-29,PRODUCT_LIST_INVENTORY,251,50
2025-05-29,PRODUCT_LIST_PRICE,251,50
2025-05-29,PRODUCT_LIST_REMOVE,1,1
2025-05-30,PRODUCT_FLAT_FILE_INVLOADER,1305,3
2025-05-30,PRODUCT_LIST,1295,3
2025-05-30,PRODUCT_LIST_IMAGE,1305,3
2025-05-30,PRODUCT_LIST_INVENTORY,1305,3
2025-05-30,PRODUCT_LIST_PRICE,1305,3
2025-05-31,PRODUCT_FLAT_FILE_INVLOADER,1312,9
2025-05-31,PRODUCT_LIST,1282,9
2025-05-31,PRODUCT_LIST_IMAGE,1312,9
2025-05-31,PRODUCT_LIST_INVENTORY,1312,9
2025-05-31,PRODUCT_LIST_PRICE,1312,9
2025-06-01,PRODUCT_FLAT_FILE_INVLOADER,1296,4
2025-06-01,PRODUCT_LIST,1296,5
2025-06-01,PRODUCT_LIST_IMAGE,1296,4
2025-06-01,PRODUCT_LIST_INVENTORY,1296,4
2025-06-01,PRODUCT_LIST_PRICE,1296,4
2025-06-02,PRODUCT_FLAT_FILE_INVLOADER,1201,11
2025-06-02,PRODUCT_LIST,1191,10
2025-06-02,PRODUCT_LIST_IMAGE,1201,11
2025-06-02,PRODUCT_LIST_INVENTORY,1201,11
2025-06-02,PRODUCT_LIST_PRICE,1201,11
2025-06-02,PRODUCT_LIST_REMOVE,2,2
2025-06-03,PRODUCT_FLAT_FILE_INVLOADER,1202,20
2025-06-03,PRODUCT_LIST,1248,20
2025-06-03,PRODUCT_LIST_IMAGE,1202,20
2025-06-03,PRODUCT_LIST_INVENTORY,1202,20
2025-06-03,PRODUCT_LIST_PRICE,1202,20
2025-06-03,PRODUCT_LIST_REMOVE,1,1
2025-06-04,PRODUCT_FLAT_FILE_INVLOADER,1091,3
2025-06-04,PRODUCT_LIST,1047,3
2025-06-04,PRODUCT_LIST_IMAGE,1091,3
2025-06-04,PRODUCT_LIST_INVENTORY,1091,3
2025-06-04,PRODUCT_LIST_PRICE,1091,3
2025-06-04,PRODUCT_LIST_REMOVE,5,5
2025-06-05,PRODUCT_FLAT_FILE_INVLOADER,8,8
2025-06-05,PRODUCT_LIST,9,9
2025-06-05,PRODUCT_LIST_IMAGE,8,8
2025-06-05,PRODUCT_LIST_INVENTORY,8,8
2025-06-05,PRODUCT_LIST_PRICE,8,8
2025-06-05,PRODUCT_LIST_REMOVE,2,2
2025-06-06,PRODUCT_FLAT_FILE_INVLOADER,15,15
2025-06-06,PRODUCT_LIST,15,15
2025-06-06,PRODUCT_LIST_IMAGE,15,15
2025-06-06,PRODUCT_LIST_INVENTORY,15,15
2025-06-06,PRODUCT_LIST_PRICE,15,15
2025-06-06,PRODUCT_LIST_REMOVE,4,4
2025-06-07,PRODUCT_FLAT_FILE_INVLOADER,6,6
2025-06-07,PRODUCT_LIST,6,6
2025-06-07,PRODUCT_LIST_IMAGE,6,6
2025-06-07,PRODUCT_LIST_INVENTORY,6,6
2025-06-07,PRODUCT_LIST_PRICE,6,6
2025-06-07,PRODUCT_LIST_REMOVE,2,2
2025-06-08,PRODUCT_FLAT_FILE_INVLOADER,9,9
2025-06-08,PRODUCT_LIST,10,10
2025-06-08,PRODUCT_LIST_IMAGE,9,9
2025-06-08,PRODUCT_LIST_INVENTORY,9,9
2025-06-08,PRODUCT_LIST_PRICE,9,9
2025-06-08,PRODUCT_LIST_REMOVE,1,1
2025-06-09,PRODUCT_FLAT_FILE_INVLOADER,10,10
2025-06-09,PRODUCT_LIST,10,10
2025-06-09,PRODUCT_LIST_IMAGE,10,10
2025-06-09,PRODUCT_LIST_INVENTORY,10,10
2025-06-09,PRODUCT_LIST_PRICE,10,10
2025-06-09,PRODUCT_LIST_REMOVE,1,1
2025-06-10,PRODUCT_FLAT_FILE_INVLOADER,4,4
2025-06-10,PRODUCT_LIST,4,4
2025-06-10,PRODUCT_LIST_IMAGE,4,4
2025-06-10,PRODUCT_LIST_INVENTORY,4,4
2025-06-10,PRODUCT_LIST_PRICE,4,4
2025-06-10,PRODUCT_LIST_REMOVE,1,1
2025-06-11,PRODUCT_FLAT_FILE_INVLOADER,9,9
2025-06-11,PRODUCT_LIST,9,9
2025-06-11,PRODUCT_LIST_IMAGE,9,9
2025-06-11,PRODUCT_LIST_INVENTORY,9,9
2025-06-11,PRODUCT_LIST_PRICE,9,9
2025-06-11,PRODUCT_LIST_REMOVE,4,4
2025-06-12,PRODUCT_FLAT_FILE_INVLOADER,6,6
2025-06-12,PRODUCT_LIST,6,6
2025-06-12,PRODUCT_LIST_IMAGE,6,6
2025-06-12,PRODUCT_LIST_INVENTORY,6,6
2025-06-12,PRODUCT_LIST_PRICE,6,6
2025-06-12,PRODUCT_LIST_REMOVE,1,1
2025-06-13,PRODUCT_FLAT_FILE_INVLOADER,11,11
2025-06-13,PRODUCT_LIST,11,11
2025-06-13,PRODUCT_LIST_IMAGE,11,11
2025-06-13,PRODUCT_LIST_INVENTORY,11,11
2025-06-13,PRODUCT_LIST_PRICE,11,11
2025-06-13,PRODUCT_LIST_REMOVE,3,3
2025-06-14,PRODUCT_FLAT_FILE_INVLOADER,7,7
2025-06-14,PRODUCT_LIST,7,7
2025-06-14,PRODUCT_LIST_IMAGE,7,7
2025-06-14,PRODUCT_LIST_INVENTORY,7,7
2025-06-14,PRODUCT_LIST_PRICE,7,7
2025-06-15,PRODUCT_FLAT_FILE_INVLOADER,6,6
2025-06-15,PRODUCT_LIST,6,6
2025-06-15,PRODUCT_LIST_IMAGE,6,6
2025-06-15,PRODUCT_LIST_INVENTORY,6,6
2025-06-15,PRODUCT_LIST_PRICE,6,6
2025-06-16,PRODUCT_FLAT_FILE_INVLOADER,7,7
2025-06-16,PRODUCT_LIST,8,8
2025-06-16,PRODUCT_LIST_IMAGE,7,7
2025-06-16,PRODUCT_LIST_INVENTORY,7,7
2025-06-16,PRODUCT_LIST_PRICE,7,7
2025-06-16,PRODUCT_LIST_REMOVE,1,1
2025-06-17,PRODUCT_FLAT_FILE_INVLOADER,7,7
2025-06-17,PRODUCT_LIST,7,7
2025-06-17,PRODUCT_LIST_IMAGE,7,7
2025-06-17,PRODUCT_LIST_INVENTORY,7,7
2025-06-17,PRODUCT_LIST_PRICE,7,7
2025-06-17,PRODUCT_LIST_REMOVE,10,10
2025-06-18,PRODUCT_FLAT_FILE_INVLOADER,1,1
2025-06-18,PRODUCT_LIST,1,1
2025-06-18,PRODUCT_LIST_IMAGE,1,1
2025-06-18,PRODUCT_LIST_INVENTORY,1,1
2025-06-18,PRODUCT_LIST_PRICE,1,1
2025-06-19,PRODUCT_FLAT_FILE_INVLOADER,6,6
2025-06-19,PRODUCT_LIST,5,5
2025-06-19,PRODUCT_LIST_IMAGE,6,6
2025-06-19,PRODUCT_LIST_INVENTORY,6,6
2025-06-19,PRODUCT_LIST_PRICE,6,6
2025-06-19,PRODUCT_LIST_REMOVE,5,5
2025-06-20,PRODUCT_FLAT_FILE_INVLOADER,4,4
2025-06-20,PRODUCT_LIST,4,4
2025-06-20,PRODUCT_LIST_IMAGE,4,4
2025-06-20,PRODUCT_LIST_INVENTORY,4,4
2025-06-20,PRODUCT_LIST_PRICE,4,4
2025-06-20,PRODUCT_LIST_REMOVE,5,5
2025-06-21,PRODUCT_FLAT_FILE_INVLOADER,2,2
2025-06-21,PRODUCT_LIST,2,2
2025-06-21,PRODUCT_LIST_IMAGE,2,2
2025-06-21,PRODUCT_LIST_INVENTORY,2,2
2025-06-21,PRODUCT_LIST_PRICE,2,2
2025-06-22,PRODUCT_FLAT_FILE_INVLOADER,10,10
2025-06-22,PRODUCT_LIST,11,11
2025-06-22,PRODUCT_LIST_IMAGE,10,10
2025-06-22,PRODUCT_LIST_INVENTORY,10,10
2025-06-22,PRODUCT_LIST_PRICE,10,10
2025-06-23,PRODUCT_FLAT_FILE_INVLOADER,7,7
2025-06-23,PRODUCT_LIST,6,6
2025-06-23,PRODUCT_LIST_IMAGE,7,7
2025-06-23,PRODUCT_LIST_INVENTORY,7,7
2025-06-23,PRODUCT_LIST_PRICE,7,7
2025-06-23,PRODUCT_LIST_REMOVE,4,4
2025-06-24,PRODUCT_FLAT_FILE_INVLOADER,6,6
2025-06-24,PRODUCT_LIST,6,6
2025-06-24,PRODUCT_LIST_IMAGE,6,6
2025-06-24,PRODUCT_LIST_INVENTORY,6,6
2025-06-24,PRODUCT_LIST_PRICE,6,6
2025-06-24,PRODUCT_LIST_REMOVE,1,1
2025-06-25,PRODUCT_FLAT_FILE_INVLOADER,12,12
2025-06-25,PRODUCT_LIST,12,12
2025-06-25,PRODUCT_LIST_IMAGE,12,12
2025-06-25,PRODUCT_LIST_INVENTORY,12,12
2025-06-25,PRODUCT_LIST_PRICE,12,12
2025-06-26,PRODUCT_FLAT_FILE_INVLOADER,4,4
2025-06-26,PRODUCT_LIST,4,4
2025-06-26,PRODUCT_LIST_IMAGE,4,4
2025-06-26,PRODUCT_LIST_INVENTORY,4,4
2025-06-26,PRODUCT_LIST_PRICE,4,4
2025-06-27,PRODUCT_FLAT_FILE_INVLOADER,5,5
2025-06-27,PRODUCT_LIST,5,5
2025-06-27,PRODUCT_LIST_IMAGE,5,5
2025-06-27,PRODUCT_LIST_INVENTORY,5,5
2025-06-27,PRODUCT_LIST_PRICE,5,5
2025-06-27,PRODUCT_LIST_REMOVE,11,11
2025-06-28,PRODUCT_FLAT_FILE_INVLOADER,1,1
2025-06-28,PRODUCT_LIST,1,1
2025-06-28,PRODUCT_LIST_IMAGE,1,1
2025-06-28,PRODUCT_LIST_INVENTORY,1,1
2025-06-28,PRODUCT_LIST_PRICE,1,1
2025-06-29,PRODUCT_FLAT_FILE_INVLOADER,7,7
2025-06-29,PRODUCT_LIST,7,7
2025-06-29,PRODUCT_LIST_IMAGE,7,7
2025-06-29,PRODUCT_LIST_INVENTORY,7,7
2025-06-29,PRODUCT_LIST_PRICE,7,7
2025-06-30,PRODUCT_FLAT_FILE_INVLOADER,9,9
2025-06-30,PRODUCT_LIST,9,9
2025-06-30,PRODUCT_LIST_IMAGE,9,9
2025-06-30,PRODUCT_LIST_INVENTORY,9,9
2025-06-30,PRODUCT_LIST_PRICE,9,9
2025-07-01,PRODUCT_FLAT_FILE_INVLOADER,3,3
2025-07-01,PRODUCT_LIST,3,3
2025-07-01,PRODUCT_LIST_IMAGE,3,3
2025-07-01,PRODUCT_LIST_INVENTORY,3,3
2025-07-01,PRODUCT_LIST_PRICE,3,3
2025-07-01,PRODUCT_LIST_REMOVE,3,3
2025-07-02,PRODUCT_FLAT_FILE_INVLOADER,7,7
2025-07-02,PRODUCT_LIST,7,7
2025-07-02,PRODUCT_LIST_IMAGE,7,7
2025-07-02,PRODUCT_LIST_INVENTORY,7,7
2025-07-02,PRODUCT_LIST_PRICE,7,7
2025-07-02,PRODUCT_LIST_REMOVE,3,3
2025-07-03,PRODUCT_FLAT_FILE_INVLOADER,2,2
2025-07-03,PRODUCT_LIST,2,2
2025-07-03,PRODUCT_LIST_IMAGE,2,2
2025-07-03,PRODUCT_LIST_INVENTORY,2,2
2025-07-03,PRODUCT_LIST_PRICE,2,2
2025-07-03,PRODUCT_LIST_REMOVE,4,4
2025-07-04,PRODUCT_FLAT_FILE_INVLOADER,9,9
2025-07-04,PRODUCT_LIST,9,9
2025-07-04,PRODUCT_LIST_IMAGE,9,9
2025-07-04,PRODUCT_LIST_INVENTORY,9,9
2025-07-04,PRODUCT_LIST_PRICE,9,9
2025-07-05,PRODUCT_FLAT_FILE_INVLOADER,5,5
2025-07-05,PRODUCT_LIST,5,5
2025-07-05,PRODUCT_LIST_IMAGE,5,5
2025-07-05,PRODUCT_LIST_INVENTORY,5,5
2025-07-05,PRODUCT_LIST_PRICE,5,5
2025-07-06,PRODUCT_FLAT_FILE_INVLOADER,5,5
2025-07-06,PRODUCT_LIST,5,5
2025-07-06,PRODUCT_LIST_IMAGE,5,5
2025-07-06,PRODUCT_LIST_INVENTORY,5,5
2025-07-06,PRODUCT_LIST_PRICE,5,5
2025-07-07,PRODUCT_FLAT_FILE_INVLOADER,4,4
2025-07-07,PRODUCT_LIST,4,4
2025-07-07,PRODUCT_LIST_IMAGE,4,4
2025-07-07,PRODUCT_LIST_INVENTORY,4,4
2025-07-07,PRODUCT_LIST_PRICE,4,4
2025-07-07,PRODUCT_LIST_REMOVE,1,1
2025-07-08,PRODUCT_FLAT_FILE_INVLOADER,5,5
2025-07-08,PRODUCT_LIST,5,5
2025-07-08,PRODUCT_LIST_IMAGE,5,5
2025-07-08,PRODUCT_LIST_INVENTORY,5,5
2025-07-08,PRODUCT_LIST_PRICE,5,5
2025-07-09,PRODUCT_FLAT_FILE_INVLOADER,3,3
2025-07-09,PRODUCT_LIST,3,3
2025-07-09,PRODUCT_LIST_IMAGE,3,3
2025-07-09,PRODUCT_LIST_INVENTORY,3,3
2025-07-09,PRODUCT_LIST_PRICE,3,3
2025-07-10,PRODUCT_FLAT_FILE_INVLOADER,2,2
2025-07-10,PRODUCT_LIST,2,2
2025-07-10,PRODUCT_LIST_IMAGE,2,2
2025-07-10,PRODUCT_LIST_INVENTORY,2,2
2025-07-10,PRODUCT_LIST_PRICE,2,2
2025-07-11,PRODUCT_FLAT_FILE_INVLOADER,3,3
2025-07-11,PRODUCT_LIST,3,3
2025-07-11,PRODUCT_LIST_IMAGE,3,3
2025-07-11,PRODUCT_LIST_INVENTORY,3,3
2025-07-11,PRODUCT_LIST_PRICE,3,3
2025-07-12,PRODUCT_FLAT_FILE_INVLOADER,2,2
2025-07-12,PRODUCT_LIST,2,2
2025-07-12,PRODUCT_LIST_IMAGE,2,2
2025-07-12,PRODUCT_LIST_INVENTORY,2,2
2025-07-12,PRODUCT_LIST_PRICE,2,2
2025-07-13,PRODUCT_FLAT_FILE_INVLOADER,6,6
2025-07-13,PRODUCT_LIST,6,6
2025-07-13,PRODUCT_LIST_IMAGE,6,6
2025-07-13,PRODUCT_LIST_INVENTORY,6,6
2025-07-13,PRODUCT_LIST_PRICE,6,6
2025-07-13,PRODUCT_LIST_REMOVE,1,1
2025-07-14,PRODUCT_FLAT_FILE_INVLOADER,7,7
2025-07-14,PRODUCT_LIST,8,8
2025-07-14,PRODUCT_LIST_IMAGE,7,7
2025-07-14,PRODUCT_LIST_INVENTORY,7,7
2025-07-14,PRODUCT_LIST_PRICE,7,7
2025-07-15,PRODUCT_FLAT_FILE_INVLOADER,10,10
2025-07-15,PRODUCT_LIST,9,9
2025-07-15,PRODUCT_LIST_IMAGE,10,10
2025-07-15,PRODUCT_LIST_INVENTORY,10,10
2025-07-15,PRODUCT_LIST_PRICE,10,10
2025-07-15,PRODUCT_LIST_REMOVE,1,1
2025-07-17,PRODUCT_FLAT_FILE_INVLOADER,6,6
2025-07-17,PRODUCT_LIST,6,6
2025-07-17,PRODUCT_LIST_IMAGE,6,6
2025-07-17,PRODUCT_LIST_INVENTORY,6,6
2025-07-17,PRODUCT_LIST_PRICE,6,6
2025-07-17,PRODUCT_LIST_REMOVE,1,1
2025-07-18,PRODUCT_FLAT_FILE_INVLOADER,1,1
2025-07-18,PRODUCT_LIST,1,1
2025-07-18,PRODUCT_LIST_IMAGE,1,1
2025-07-18,PRODUCT_LIST_INVENTORY,1,1
2025-07-18,PRODUCT_LIST_PRICE,1,1
2025-07-18,PRODUCT_LIST_REMOVE,1,1
2025-07-19,PRODUCT_FLAT_FILE_INVLOADER,5,5
2025-07-19,PRODUCT_LIST,7,7
2025-07-19,PRODUCT_LIST_IMAGE,5,5
2025-07-19,PRODUCT_LIST_INVENTORY,5,5
2025-07-19,PRODUCT_LIST_PRICE,5,5
2025-07-20,PRODUCT_FLAT_FILE_INVLOADER,7,7
2025-07-20,PRODUCT_LIST,7,7
2025-07-20,PRODUCT_LIST_IMAGE,7,7
2025-07-20,PRODUCT_LIST_INVENTORY,7,7
2025-07-20,PRODUCT_LIST_PRICE,7,7
2025-07-21,PRODUCT_FLAT_FILE_INVLOADER,7,7
2025-07-21,PRODUCT_LIST,7,7
2025-07-21,PRODUCT_LIST_IMAGE,7,7
2025-07-21,PRODUCT_LIST_INVENTORY,7,7
2025-07-21,PRODUCT_LIST_PRICE,7,7
2025-07-21,PRODUCT_LIST_REMOVE,3,3
2025-07-22,PRODUCT_FLAT_FILE_INVLOADER,1,1
2025-07-22,PRODUCT_LIST,1,1
2025-07-22,PRODUCT_LIST_IMAGE,1,1
2025-07-22,PRODUCT_LIST_INVENTORY,1,1
2025-07-22,PRODUCT_LIST_PRICE,1,1
2025-07-23,PRODUCT_FLAT_FILE_INVLOADER,5,5
2025-07-23,PRODUCT_LIST,6,6
2025-07-23,PRODUCT_LIST_IMAGE,5,5
2025-07-23,PRODUCT_LIST_INVENTORY,5,5
2025-07-23,PRODUCT_LIST_PRICE,5,5
2025-07-23,PRODUCT_LIST_REMOVE,3,3
2025-07-24,PRODUCT_FLAT_FILE_INVLOADER,2,2
2025-07-24,PRODUCT_LIST,2,2
2025-07-24,PRODUCT_LIST_IMAGE,2,2
2025-07-24,PRODUCT_LIST_INVENTORY,2,2
2025-07-24,PRODUCT_LIST_PRICE,2,2
2025-07-24,PRODUCT_LIST_REMOVE,3,3
2025-07-25,PRODUCT_FLAT_FILE_INVLOADER,3,3
2025-07-25,PRODUCT_LIST,3,3
2025-07-25,PRODUCT_LIST_IMAGE,3,3
2025-07-25,PRODUCT_LIST_INVENTORY,3,3
2025-07-25,PRODUCT_LIST_PRICE,3,3
2025-07-26,PRODUCT_FLAT_FILE_INVLOADER,8,8
2025-07-26,PRODUCT_LIST,8,8
2025-07-26,PRODUCT_LIST_IMAGE,8,8
2025-07-26,PRODUCT_LIST_INVENTORY,8,8
2025-07-26,PRODUCT_LIST_PRICE,8,8
2025-07-27,PRODUCT_FLAT_FILE_INVLOADER,6,6
2025-07-27,PRODUCT_LIST,6,6
2025-07-27,PRODUCT_LIST_IMAGE,6,6
2025-07-27,PRODUCT_LIST_INVENTORY,6,6
2025-07-27,PRODUCT_LIST_PRICE,6,6
2025-07-28,PRODUCT_FLAT_FILE_INVLOADER,2,2
2025-07-28,PRODUCT_LIST,2,2
2025-07-28,PRODUCT_LIST_IMAGE,2,2
2025-07-28,PRODUCT_LIST_INVENTORY,2,2
2025-07-28,PRODUCT_LIST_PRICE,2,2
2025-07-28,PRODUCT_LIST_REMOVE,3,3
2025-07-29,PRODUCT_FLAT_FILE_INVLOADER,1,1
2025-07-29,PRODUCT_LIST,1,1
2025-07-29,PRODUCT_LIST_IMAGE,1,1
2025-07-29,PRODUCT_LIST_INVENTORY,1,1
2025-07-29,PRODUCT_LIST_PRICE,1,1
2025-07-29,PRODUCT_LIST_REMOVE,1,1
2025-07-30,PRODUCT_FLAT_FILE_INVLOADER,2,2
2025-07-30,PRODUCT_LIST,2,2
2025-07-30,PRODUCT_LIST_IMAGE,2,2
2025-07-30,PRODUCT_LIST_INVENTORY,2,2
2025-07-30,PRODUCT_LIST_PRICE,2,2
2025-07-30,PRODUCT_LIST_REMOVE,1,1
2025-07-31,PRODUCT_FLAT_FILE_INVLOADER,2,2
2025-07-31,PRODUCT_LIST,3,3
2025-07-31,PRODUCT_LIST_IMAGE,2,2
2025-07-31,PRODUCT_LIST_INVENTORY,2,2
2025-07-31,PRODUCT_LIST_PRICE,2,2
2025-07-31,PRODUCT_LIST_REMOVE,2,2
2025-08-01,PRODUCT_LIST,5,5
2025-08-01,PRODUCT_LIST_REMOVE,2,2
2025-08-02,PRODUCT_LIST,4,4
2025-08-03,PRODUCT_LIST,7,7
2025-08-04,PRODUCT_LIST,9,9
2025-08-04,PRODUCT_LIST_REMOVE,1,1
2025-08-05,PRODUCT_LIST,1,1
2025-08-06,PRODUCT_FLAT_FILE_INVLOADER,1,1
2025-08-06,PRODUCT_LIST,2,2
2025-08-06,PRODUCT_LIST_IMAGE,1,1
2025-08-06,PRODUCT_LIST_INVENTORY,1,1
2025-08-06,PRODUCT_LIST_PRICE,1,1
2025-08-06,PRODUCT_LIST_REMOVE,1,1
2025-08-07,PRODUCT_LIST,3,3
2025-08-07,PRODUCT_LIST_REMOVE,1,1
2025-08-08,PRODUCT_LIST,1,1
2025-08-09,PRODUCT_LIST,8,8
2025-08-11,PRODUCT_LIST,2,2
2025-08-11,PRODUCT_LIST_REMOVE,1,1
2025-08-12,PRODUCT_LIST,2,2
2025-08-12,PRODUCT_LIST_REMOVE,2,2
2025-08-13,PRODUCT_LIST,3,3
2025-08-14,PRODUCT_LIST,3,3
2025-08-14,PRODUCT_LIST_REMOVE,2,2
