Last login: Mon May 12 06:29:58 on ttys007
➜  ~ cd
➜  ~ rbenv versions
  system
  2.4.5
  2.7.8
  3.1.2
  3.2.6
  3.3.6
* 3.4.1 (set by /Users/c-johan.tique/.rbenv/version)
➜  ~ nano .zshrc
➜  ~ ls
202501071333-blurb_staging.sql
202502110826-blurb_dev.sql
202502110826-blurb_dev.sql.zip
202502121550-blurb_dev.sql
202502121812-blurb_test.sql
202502180919-blurb_production.sql
202502191733-blurb_staging.sql
202502191750-blurb_test_b.sql
202505040923-blurb_test_b.sql
202505041046-blurb_test_b.sql
Applications
Desktop
Dev
Documents
Downloads
Library
Movies
Music
Pictures
Public
Y_2006_order_report_blurb_production_filtered_books_book_order_status_public_bookstore_books_public_b_202505041739.csv
Y_2007_order_report_blurb_production_filtered_books_book_order_status_public_bookstore_books_public_b_202505041742.csv
Y_2008_order_report_blurb_production_filtered_books_book_order_status_public_bookstore_books_public_b_202505041744.csv
Y_2009_order_report_blurb_production_filtered_books_book_order_status_public_bookstore_books_public_b_202505041752.csv
Y_2010_order_report_blurb_production_filtered_books_book_order_status_public_bookstore_books_public_b_202505041846.csv
Y_2011_order_report_blurb_production_filtered_books_book_order_status_public_bookstore_books_public_b_202505041844.csv
Y_2012_order_report_blurb_production_filtered_books_book_order_status_public_bookstore_books_public_b_202505041842.csv
Y_2013_order_report_blurb_production_filtered_books_book_order_status_public_bookstore_books_public_b_202505041839.csv
Y_2014_order_report_blurb_production_filtered_books_book_order_status_public_bookstore_books_public_b_202505041831.csv
Y_2015_order_report_blurb_production_filtered_books_book_order_status_public_bookstore_books_public_b_202505041828.csv
Y_2016_order_report_blurb_production_filtered_books_book_order_status_public_bookstore_books_public_b_202505041825.csv
Y_2017_order_report_blurb_production_filtered_books_book_order_status_public_bookstore_books_public_b_202505041821.csv
Y_2018_order_report_blurb_production_filtered_books_book_order_status_public_bookstore_books_public_b_202505041818.csv
Y_2019_order_report_blurb_production_filtered_books_book_order_status_public_bookstore_books_public_b_202505041811.csv
Y_2020_order_report_blurb_production_filtered_books_book_order_status_public_bookstore_books_public_b_202505041809.csv
Y_2021_order_report_blurb_production_filtered_books_book_order_status_public_bookstore_books_public_b_202505041807.csv
Y_2022_order_report_blurb_production_filtered_books_book_order_status_public_bookstore_books_public_b_202505041806.csv
Y_2023_order_report_blurb_production_filtered_books_book_order_status_public_bookstore_books_public_b_202505041804.csv
Y_2024_order_report_blurb_production_filtered_books_book_order_status_public_bookstore_books_public_b_202505041803.csv
Y_2025_order_report_blurb_production_filtered_books_book_order_status_public_bookstore_books_public_b_202505041801.csv
blurb_production_coupons_202504011821.csv
blurb_staging_coupons_202504011820.csv
blurby-auth-schema-blurb_staging-202501071058.sql
dump-blurb_staging-202501061204.sql
dump-blurb_staging-202501061222.sql
dump-blurb_staging-202501061234.sql
eclipse
gem_repo.zip
old report
report_blurb_production_addresses_202504090644.csv
schema-all-blurb_staging-202501061146.sql
schema-blurby-blurb_staging-202501061132.sql
tax-service.war
xml?xpath=%2F%2FbuildsByBranchName%2F*[ends-with(name(),'master')]%2Frevision%2FSHA1%2Ftext()
yaml.Z
yaml.Z.1
yaml.Z.2
yaml.Z.3
yaml.Z.4
yaml.Z.5
yaml.Z.6
➜  ~ rm xml\?xpath=%2F%2FbuildsByBranchName%2F\*\[ends-with\(name\(\),\'master\'\)\]%2Frevision%2FSHA1%2Ftext\(\)
➜  ~ rm yaml.Z*
➜  ~ ls
202501071333-blurb_staging.sql
202502110826-blurb_dev.sql
202502110826-blurb_dev.sql.zip
202502121550-blurb_dev.sql
202502121812-blurb_test.sql
202502180919-blurb_production.sql
202502191733-blurb_staging.sql
202502191750-blurb_test_b.sql
202505040923-blurb_test_b.sql
202505041046-blurb_test_b.sql
Applications
Desktop
Dev
Documents
Downloads
Library
Movies
Music
Pictures
Public
Y_2006_order_report_blurb_production_filtered_books_book_order_status_public_bookstore_books_public_b_202505041739.csv
Y_2007_order_report_blurb_production_filtered_books_book_order_status_public_bookstore_books_public_b_202505041742.csv
Y_2008_order_report_blurb_production_filtered_books_book_order_status_public_bookstore_books_public_b_202505041744.csv
Y_2009_order_report_blurb_production_filtered_books_book_order_status_public_bookstore_books_public_b_202505041752.csv
Y_2010_order_report_blurb_production_filtered_books_book_order_status_public_bookstore_books_public_b_202505041846.csv
Y_2011_order_report_blurb_production_filtered_books_book_order_status_public_bookstore_books_public_b_202505041844.csv
Y_2012_order_report_blurb_production_filtered_books_book_order_status_public_bookstore_books_public_b_202505041842.csv
Y_2013_order_report_blurb_production_filtered_books_book_order_status_public_bookstore_books_public_b_202505041839.csv
Y_2014_order_report_blurb_production_filtered_books_book_order_status_public_bookstore_books_public_b_202505041831.csv
Y_2015_order_report_blurb_production_filtered_books_book_order_status_public_bookstore_books_public_b_202505041828.csv
Y_2016_order_report_blurb_production_filtered_books_book_order_status_public_bookstore_books_public_b_202505041825.csv
Y_2017_order_report_blurb_production_filtered_books_book_order_status_public_bookstore_books_public_b_202505041821.csv
Y_2018_order_report_blurb_production_filtered_books_book_order_status_public_bookstore_books_public_b_202505041818.csv
Y_2019_order_report_blurb_production_filtered_books_book_order_status_public_bookstore_books_public_b_202505041811.csv
Y_2020_order_report_blurb_production_filtered_books_book_order_status_public_bookstore_books_public_b_202505041809.csv
Y_2021_order_report_blurb_production_filtered_books_book_order_status_public_bookstore_books_public_b_202505041807.csv
Y_2022_order_report_blurb_production_filtered_books_book_order_status_public_bookstore_books_public_b_202505041806.csv
Y_2023_order_report_blurb_production_filtered_books_book_order_status_public_bookstore_books_public_b_202505041804.csv
Y_2024_order_report_blurb_production_filtered_books_book_order_status_public_bookstore_books_public_b_202505041803.csv
Y_2025_order_report_blurb_production_filtered_books_book_order_status_public_bookstore_books_public_b_202505041801.csv
blurb_production_coupons_202504011821.csv
blurb_staging_coupons_202504011820.csv
blurby-auth-schema-blurb_staging-202501071058.sql
dump-blurb_staging-202501061204.sql
dump-blurb_staging-202501061222.sql
dump-blurb_staging-202501061234.sql
eclipse
gem_repo.zip
old report
report_blurb_production_addresses_202504090644.csv
schema-all-blurb_staging-202501061146.sql
schema-blurby-blurb_staging-202501061132.sql
tax-service.war
➜  ~ ls /opt/homebrew/bin/
2to3-3.12@                             initdb@                                pk1sign@
411toppm@                              innochecksum@                          pk_decrypt@
4channels@                             ismindex@                              pk_encrypt@
Magick++-config@                       jasper@                                pk_sign@
MagickCore-config@                     jbig2dec@                              pk_verify@
MagickWand-config@                     jbigtopnm@                             pkcs1-conv@
ProtocolBench@                         jiv@                                   pkg-config@
SvtAv1EncApp@                          jpeg2ktopam@                           pkgconf@
aarch64-apple-darwin23-c++-14@         jpegtopnm@                             pkix-errcodes@
aarch64-apple-darwin23-g++-14@         jpegtran@                              pktdumper@
aarch64-apple-darwin23-gcc-14@         jpgicc@                                pktopbm@
aarch64-apple-darwin23-gcc-ar-14@      jxl_from_tree@                         plookup@
aarch64-apple-darwin23-gcc-nm-14@      jxlinfo@                               plotframes@
aarch64-apple-darwin23-gcc-ranlib-14@  kbxutil@                               pmix_info@
aarch64-apple-darwin23-gfortran-14@    key_app@                               pmixcc@
aarch64-apple-darwin23-gm2-14@         key_app_writer@                        png-fix-itxt@
aclocal@                               key_ladder_demo@                       pngfix@
aclocal-1.17@                          key_ladder_demo.sh@                    pngtogd@
acyclic@                               ksba-config@                           pngtogd2@
addbuiltin@                            lame@                                  pngtopam@
adig@                                  leaftoppm@                             pngtopnm@
aead_demo@                             libassuan-config@                      pnmalias@
ahost@                                 libav-merge-next-commit@               pnmarith@
ambiguous_words@                       libdeflate-gunzip@                     pnmcat@
animate@                               libdeflate-gzip@                       pnmcolormap@
annotate@                              libgcrypt-config@                      pnmcomp@
anytopnm@                              libpng-config@                         pnmconvol@
aomdec@                                libpng16-config@                       pnmcrop@
aomenc@                                linkicc@                               pnmcut@
asciitopgm@                            lispmtopgm@                            pnmdepth@
asn1Coding@                            listsuites@                            pnmenlarge@
asn1Decoding@                          load_roots@                            pnmfile@
asn1Parser@                            local_tone_map@                        pnmflip@
atktopbm@                              localstack@                            pnmgamma@
atob@                                  loudnorm.rb@                           pnmhisteq@
autoconf@                              lprsetup.sh@                           pnmhistmap@
autoheader@                            lstmeval@                              pnmindex@
autom4te@                              lstmtraining@                          pnminterp@
automake@                              lstopo@                                pnminterp-gen@
automake-1.17@                         lstopo-no-graphics@                    pnminvert@
autopoint@                             lto-dump-14@                           pnmmargin@
autoreconf@                            lz4@                                   pnmmercator@
autoscan@                              lz4c@                                  pnmmontage@
autoupdate@                            lz4cat@                                pnmnlfilt@
avifdec@                               lzcat@                                 pnmnoraw@
avifenc@                               lzcmp@                                 pnmnorm@
aviocat@                               lzdiff@                                pnmpad@
avstopam@                              lzegrep@                               pnmpaste@
aws@                                   lzfgrep@                               pnmpsnr@
aws_completer@                         lzgrep@                                pnmquant@
baddbdir@                              lzless@                                pnmquantall@
bat@                                   lzma@                                  pnmremap@
bcomps@                                lzmadec@                               pnmrotate@
bd_info@                               lzmainfo@                              pnmscale@
bd_list_titles@                        lzmore@                                pnmscalefixed@
bd_splice@                             macptopbm@                             pnmshear@
bdftogd@                               magick@                                pnmsmooth@
benchmark_xl@                          magick-script@                         pnmsplit@
bioradtopgm@                           make_chlayout_test@                    pnmstitch@
bisect-create@                         makepqg@                               pnmtile@
bjoentegaard@                          mangle@                                pnmtoddif@
bltest@                                manweb@                                pnmtofiasco@
bmptopnm@                              matdump@                               pnmtofits@
bmptoppm@                              mbedtls-benchmark@                     pnmtojbig@
bomtool@                               mbedtls-selftest@                      pnmtojpeg@
brew*                                  md_hmac_demo@                          pnmtopalm@
brotli@                                mdatopbm@                              pnmtopclxl@
brushtopbm@                            mem_image@                             pnmtoplainpnm@
btoa@                                  memcached@                             pnmtopng@
butteraugli_main@                      merge_unicharsets@                     pnmtopnm@
c++-14@                                metaflac@                              pnmtops@
c_rehash@                              metatest@                              pnmtorast@
cairo-trace@                           mftraining@                            pnmtorle@
cameratopam@                           mgrtopbm@                              pnmtosgi@
ccmake@                                mini_client@                           pnmtosir@
ccomps@                                mirror_server@                         pnmtotiff@
cert_app@                              mirror_server_stop@                    pnmtotiffcmyk@
cert_req@                              missing_codec_desc@                    pnmtoxwd@
cert_write@                            mm2gv@                                 postgres@
certutil@                              modutil@                               postmaster@
chktest@                               mogrify@                               postprocessing_benchmark@
cipher_aead_demo@                      montage@                               pp@
circo@                                 mpg123@                                pphs@
cistopbm@                              mpg123-id3dump@                        ppm2tiff@
cjpeg@                                 mpg123-strip@                          ppm3d@
cjxl@                                  mpic++@                                ppmbrighten@
classifier_tester@                     mpicalc@                               ppmchange@
clean-diff@                            mpicc@                                 ppmcie@
cluster@                               mpicxx@                                ppmcolormask@
clusterdb@                             mpiexec@                               ppmcolors@
cmake@                                 mpif77@                                ppmdcfont@
cmsutil@                               mpif90@                                ppmddumpfont@
cmuwmtopbm@                            mpifort@                               ppmdim@
cntraining@                            mpirun@                                ppmdist@
combine_lang_model@                    mrftopbm@                              ppmdither@
combine_tessdata@                      msgattrib@                             ppmdmkfont@
comp_err@                              msgcat@                                ppmdraw@
compare@                               msgcmp@                                ppmfade@
composite@                             msgcomm@                               ppmflash@
conflict@                              msgconv@                               ppmforge@
conjure@                               msgen@                                 ppmglobe@
convert@                               msgexec@                               ppmhist@
convertfilestopdf@                     msgfilter@                             ppmlabel@
convertfilestops@                      msgfmt@                                ppmmake@
convertformat@                         msggrep@                               ppmmix@
convertsegfilestopdf@                  msginit@                               ppmnorm@
convertsegfilestops@                   msgmerge@                              ppmntsc@
converttopdf@                          msgunfmt@                              ppmpat@
converttops@                           msguniq@                               ppmquant@
corepack@                              mtvtoppm@                              ppmquantall@
cpack@                                 multinit@                              ppmrainbow@
cpp-14@                                multirender_test@                      ppmrelief@
createdb@                              murge@                                 ppmrough@
createuser@                            my_print_defaults@                     ppmshadow@
crl_app@                               myisam_ftdump@                         ppmshift@
crlutil@                               myisamchk@                             ppmspread@
crmftest@                              myisamlog@                             ppmtoacad@
crypt_and_hash@                        myisampack@                            ppmtoapplevol@
crypto_bench@                          mysql@                                 ppmtoarbtxt@
crypto_examples@                       mysql.server@                          ppmtoascii@
ctest@                                 mysql_client_test@                     ppmtobmp@
curve_keygen@                          mysql_config@                          ppmtoeyuv@
cwebp@                                 mysql_config_editor@                   ppmtogif@
cws2fws@                               mysql_keyring_encryption_test@         ppmtoicr@
danetool@                              mysql_migrate_keyring@                 ppmtoilbm@
dav1d@                                 mysql_secure_installation@             ppmtojpeg@
dawg2wordlist@                         mysql_test_event_tracking@             ppmtoleaf@
dbtest@                                mysql_tzinfo_to_sql@                   ppmtolj@
dbtool@                                mysqladmin@                            ppmtomap@
dcm-dump@                              mysqlbinlog@                           ppmtomitsu@
dcm-getframe@                          mysqlcheck@                            ppmtompeg@
dcraw_emu@                             mysqld@                                ppmtoneo@
dcraw_half@                            mysqld_multi@                          ppmtopcx@
ddbugtopbm@                            mysqld_safe@                           ppmtopgm@
decode_and_encode@                     mysqldump@                             ppmtopi1@
delaunay@                              mysqldumpslow@                         ppmtopict@
delta@                                 mysqlimport@                           ppmtopj@
derdump@                               mysqlrouter@                           ppmtopjxl@
dertimetest@                           mysqlrouter_keyring@                   ppmtoppm@
dh_client@                             mysqlrouter_passwd@                    ppmtopuzz@
dh_genprime@                           mysqlrouter_plugin_info@               ppmtorgb3@
dh_server@                             mysqlshow@                             ppmtosixel@
diff-so-fancy@                         mysqlslap@                             ppmtospu@
diffimg@                               mysqltest@                             ppmtoterm@
digest@                                mysqltest_safe_process@                ppmtotga@
dijkstra@                              mysqlxtest@                            ppmtouil@
dirmngr@                               neato@                                 ppmtowinicon@
dirmngr-client@                        neotoppm@                              ppmtoxpm@
display@                               nettle-hash@                           ppmtoyuv@
display_to_hlg@                        nettle-lfib-stream@                    ppmtoyuvsplit@
djpeg@                                 nettle-pbkdf2@                         ppmtv@
djxl@                                  ngettext@                              ppmwheel@
djxl_fuzzer_corpus@                    ngrep@                                 pps@
dot@                                   node@                                  pq_to_hlg@
dot2gxl@                               node-build@                            pquery@
dot_builtins@                          nodeenv@                               printafm@
dot_sandbox@                           nodenv@                                probetest@
dropdb@                                nodenv-install@                        procs@
dropuser@                              nodenv-uninstall@                      protoc@
dtls_client@                           nonspr10@                              protoc-29.3.0@
dtls_server@                           nop@                                   protoc-gen-upb@
duckdb@                                normalize.py@                          protoc-gen-upb-29.3.0@
duckdb_cli@                            npm@                                   protoc-gen-upb_minitable@
duff@                                  npx@                                   protoc-gen-upb_minitable-29.3.0@
dumpsexp@                              nspr-config@                           protoc-gen-upbdefs@
dvd2concat@                            nss-config@                            protoc-gen-upbdefs-29.3.0@
dvipdf@                                nss-policy-check@                      prte@
dwebp@                                 nssdefaults@                           prte-term@
ecdh_curve25519@                       ocspclnt@                              prte_info@
ecdsa@                                 ocspresp@                              prted@
ecperf@                                ocsptool@                              prterun@
ecpg@                                  oid2name@                              prun@
edgepaint@                             oidcalc@                               prune@
enc_recon_frame_test@                  ollama@                                ps2ascii@
encodeinttest@                         ompi_info@                             ps2epsi@
enum_options@                          onig-config@                           ps2pdf@
envsubst@                              opal_wrapper@                          ps2pdf12@
eps2eps@                               openslide-quickhash1sum@               ps2pdf13@
escp2topbm@                            openslide-show-properties@             ps2pdf14@
event_rpcgen.py@                       openslide-write-png@                   ps2pdfwr@
exiftool@                              openssl@                               ps2ps@
exr2aces@                              opj_compress@                          ps2ps2@
exr_to_pq@                             opj_decompress@                        psa_constant_names@
exrenvmap@                             opj_dump@                              psa_hash@
exrheader@                             osage@                                 psicc@
exrinfo@                               oshrun@                                psidtopgm@
exrmakepreview@                        out123@                                psktool@
exrmaketiled@                          p11-kit@                               psql@
exrmanifest@                           p11tool@                               pstopnm@
exrmetrics@                            p7content@                             pwdecrypt@
exrmultipart@                          p7env@                                 pydoc3@
exrmultiview@                          p7sign@                                pydoc3.12@
exrstdattr@                            p7verify@                              pydoc3.13@
eyuvtoppm@                             pal2rgb@                               python3@
fax2ps@                                palloc@                                python3-config@
fax2tiff@                              palmtopnm@                             python3.12@
fbectest@                              pamaddnoise@                           python3.12-config@
fc-cache@                              pamaltsat@                             python3.13@
fc-cat@                                pamarith@                              python3.13-config@
fc-conflist@                           pambackground@                         pzstd@
fc-list@                               pambayer@                              qoitopam@
fc-match@                              pambrighten@                           qrttoppm@
fc-pattern@                            pamcat@                                qt-faststart@
fc-query@                              pamchannel@                            query_compile_time_config@
fc-scan@                               pamcomp@                               query_included_headers@
fc-validate@                           pamcrater@                             rasttopnm@
fdp@                                   pamcut@                                rav1e@
ffescape@                              pamdeinterlace@                        raw-identify@
ffeval@                                pamdepth@                              raw2tiff@
ffhash@                                pamdice@                               rawtextdump@
ffmpeg@                                pamditherbw@                           rawtopgm@
ffplay@                                pamedge@                               rawtoppm@
ffprobe@                               pamendian@                             rbenv@
fftw-wisdom@                           pamenlarge@                            rbenv-install@
fftw-wisdom-to-conf@                   pamexec@                               rbenv-uninstall@
fftwf-wisdom@                          pamfile@                               rd-curves@
fftwl-wisdom@                          pamfind@                               rdjpgcom@
fiascotopnm@                           pamfix@                                recode-sr-latin@
fileinfo@                              pamfixtrunc@                           redis-benchmark@
fipstest@                              pamflip@                               redis-check-aof@
fitstopnm@                             pamfunc@                               redis-check-rdb@
fizz@                                  pamgauss@                              redis-cli@
fizz-bogoshim@                         pamgetcolor@                           redis-sentinel@
fizz-encryptedrecordbench@             pamgradient@                           redis-server@
flac@                                  pamhomography@                         reindexdb@
fourcc2pixfmt@                         pamhue@                                remtest@
freetype-config@                       pamlevels@                             render_hlg@
fribidi@                               pamlookup@                             repomix@
fstopgm@                               pammasksharpen@                        req_app@
fzf@                                   pammixinterlace@                       rgb3toppm@
fzf-preview.sh@                        pammixmulti@                           rist2rist@
fzf-tmux@                              pammosaicknit@                         ristreceiver@
g++-14@                                pamoil@                                ristsender@
g3topbm@                               pampaintspill@                         ristsrppasswd@
gc@                                    pamperspective@                        rlatopam@
gcc-14@                                pampick@                               rletopnm@
gcc-ar-14@                             pampop9@                               rsa_decrypt@
gcc-nm-14@                             pamrecolor@                            rsa_encrypt@
gcc-ranlib-14@                         pamrestack@                            rsa_genkey@
gcov-14@                               pamrgbatopng@                          rsa_sign@
gcov-dump-14@                          pamrubber@                             rsa_sign_pss@
gcov-tool-14@                          pamscale@                              rsa_verify@
gd2copypal@                            pamseq@                                rsa_verify_pss@
gd2togif@                              pamshadedrelief@                       rsaperf@
gd2topng@                              pamsharpmap@                           rsapoptst@
gdbus@                                 pamsharpness@                          rsvg-convert@
gdbus-codegen@                         pamshuffle@                            rtmpdump@
gdcmpgif@                              pamsistoaglyph@                        rtmpgw@
gdk-pixbuf-csource@                    pamslice@                              rtmpsrv@
gdk-pixbuf-pixdata@                    pamsplit@                              rtmpsuck@
gdk-pixbuf-query-loaders@              pamstack@                              rubberband@
gdk-pixbuf-thumbnailer@                pamstereogram@                         rubberband-r3@
gdparttopng@                           pamstretch@                            ruby-build@
gdtopng@                               pamstretch-gen@                        sam@
gemtopbm@                              pamsumm@                               sbigtopgm@
gemtopnm@                              pamsummcol@                            scalar@
gen-enc-table@                         pamtable@                              scale_slice_test@
gen-rc@                                pamthreshold@                          sccmap@
gen_entropy@                           pamtilt@                               sdbthreadtst@
gen_key@                               pamtoavs@                              sdl2-config@
gen_random_ctr_drbg@                   pamtodjvurle@                          sdrtest@
general_assembly.pl@                   pamtofits@                             secmodtest@
generate_lut_template@                 pamtogif@                              seek_print@
generic_sum@                           pamtohdiff@                            selfserv@
gettext@                               pamtohtmltbl@                          set_unicharset_properties@
gettext.sh@                            pamtojpeg2k@                           sexp-conv@
gettextize@                            pamtompfont@                           sfdp@
gflags_completions.sh@                 pamtooctaveimg@                        sgitopnm@
gfortran@                              pamtopam@                              shapeclustering@
gfortran-14@                           pamtopdbimg@                           shlibsign@
gh@                                    pamtopfm@                              sidxindex@
gi-compile-repository@                 pamtopng@                              signtool@
gi-decompile-typelib@                  pamtopnm@                              signver@
gi-inspect-typelib@                    pamtoqoi@                              simple_dcraw@
gif2rgb@                               pamtosrf@                              sirtopnm@
gif2webp@                              pamtosvg@                              sldtoppm@
gifbuild@                              pamtotga@                              slidetool@
gifclrmp@                              pamtotiff@                             sndfile-cmp@
giffix@                                pamtouil@                              sndfile-concat@
giftext@                               pamtowinicon@                          sndfile-convert@
giftogd2@                              pamtoxvmini@                           sndfile-deinterleave@
giftool@                               pamtris@                               sndfile-info@
giftopnm@                              pamundice@                             sndfile-interleave@
gio@                                   pamunlookup@                           sndfile-metadata-get@
gio-querymodules@                      pamvalidate@                           sndfile-metadata-set@
git@                                   pamwipeout@                            sndfile-play@
git-cvsserver@                         pango-list@                            sndfile-salvage@
git-receive-pack@                      pango-segmentation@                    source2c@
git-shell@                             pango-view@                            spctoppm@
git-upload-archive@                    patcheck@                              speexdec@
git-upload-pack@                       patchwork@                             speexenc@
git2@                                  pattrs@                                spottopgm@
glib-compile-resources@                pbmclean@                              sputoppm@
glib-compile-schemas@                  pbmlife@                               srftopam@
glib-genmarshal@                       pbmmake@                               srt-ffplay@
glib-gettextize@                       pbmmask@                               srt-file-transmit@
glib-mkenums@                          pbmminkowski@                          srt-live-transmit@
glibtool@                              pbmnoise@                              srt-tunnel@
glibtoolize@                           pbmpage@                               ssimulacra2@
gm2@                                   pbmpscale@                             ssimulacra_main@
gm2-14@                                pbmreduce@                             ssl_client1@
gmake@                                 pbmtext@                               ssl_client2@
gml2gv@                                pbmtextps@                             ssl_context_info@
gnutls-certtool@                       pbmto10x@                              ssl_fork_server@
gnutls-cli@                            pbmto4425@                             ssl_mail_client@
gnutls-cli-debug@                      pbmtoascii@                            ssl_pthread_server@
gnutls-serv@                           pbmtoatk@                              ssl_server@
gobject-query@                         pbmtobbnbg@                            ssl_server2@
gouldtoppm@                            pbmtocis@                              ssltap@
gpcl6@                                 pbmtocmuwm@                            st4topgm@
gpcl6c@                                pbmtodjvurle@                          stl2gts@
gpdlc@                                 pbmtoepsi@                             stream@
gpg@                                   pbmtoepson@                            strerror@
gpg-agent@                             pbmtoescp2@                            strsclnt@
gpg-card@                              pbmtog3@                               sunicontopnm@
gpg-connect-agent@                     pbmtogem@                              svgtopam@
gpg-error@                             pbmtogo@                               symkeyutil@
gpg-error-config@                      pbmtoibm23xx@                          target_dec_fate.sh@
gpg-mail-tube@                         pbmtoicon@                             tesseract@
gpg-wks-client@                        pbmtolj@                               text2image@
gpg-wks-server@                        pbmtoln03@                             texture_to_cube@
gpgconf@                               pbmtolps@                              tgatoppm@
gpgme-config@                          pbmtomacp@                             thinkjettopbm@
gpgme-json@                            pbmtomatrixorbital@                    thrift1@
gpgme-tool@                            pbmtomda@                              tiff2bw@
gpgparsemail@                          pbmtomgr@                              tiff2pdf@
gpgrt-config@                          pbmtomrf@                              tiff2ps@
gpgscm@                                pbmtonokia@                            tiff2rgba@
gpgsm@                                 pbmtopgm@                              tiffcmp@
gpgsplit@                              pbmtopi3@                              tiffcp@
gpgtar@                                pbmtopk@                               tiffcrop@
gpgv@                                  pbmtoplot@                             tiffdither@
gr2fonttest@                           pbmtoppa@                              tiffdump@
graph2dot@                             pbmtopsg3@                             tiffinfo@
graphml2gv@                            pbmtoptx@                              tiffmedian@
gresource@                             pbmtosunicon@                          tiffset@
gs@                                    pbmtowbmp@                             tiffsplit@
gsbj@                                  pbmtox10bm@                            tifftopnm@
gsc@                                   pbmtoxbm@                              tificc@
gsdj@                                  pbmtoybm@                              tjbench@
gsdj500@                               pbmtozinc@                             tone_map@
gsettings@                             pbmupc@                                transform@
gslj@                                  pc1toppm@                              transicc@
gslp@                                  pcc@                                   trasher@
gsnd@                                  pcdindex@                              tred@
gsx@                                   pcdovtoppm@                            tree@
gtester@                               pcre2-config@                          trust@
gtester-report@                        pcre2grep@                             tstclnt@
gts-config@                            pcre2test@                             twopi@
gts2dxf@                               pctrl@                                 udp_proxy@
gts2oogl@                              pcxtoppm@                              uncoded_frame@
gts2stl@                               pdbimgtopam@                           unflatten@
gtscheck@                              pdf2dsc@                               unicharset_extractor@
gtscompare@                            pdf2ps@                                unix-lpr.sh@
gtstemplate@                           pdfattach@                             unlz4@
gv2gml@                                pdfdetach@                             unlzma@
gv2gxl@                                pdffonts@                              unprocessed_raw@
gvcolor@                               pdfimages@                             unwrap-diff@
gvgen@                                 pdfinfo@                               unxz@
gvmap@                                 pdfseparate@                           unzstd@
gvmap.sh@                              pdfsig@                                update-mime-database@
gvpack@                                pdftocairo@                            vacuumdb@
gvpr@                                  pdftohtml@                             vacuumlo@
gxl2dot@                               pdftoppm@                              validation@
gxl2gv@                                pdftops@                               venc_data_dump@
gxps@                                  pdftotext@                             vfychain@
gxpsc@                                 pdfunite@                              vfyserv@
h5c++@                                 pem2der@                               vips@
h5cc@                                  perror@                                vipsedit@
h5clear@                               pevent@                                vipsheader@
h5copy@                                pf2afm@                                vipsprofile@
h5debug@                               pfbtopfa@                              vipsthumbnail@
h5delete@                              pfmtopam@                              vlc@
h5diff@                                pg_amcheck@                            vmaf@
h5dump@                                pg_archivecleanup@                     vwebp@
h5fc@                                  pg_basebackup@                         watchgnupg@
h5format_convert@                      pg_checksums@                          watchman@
h5fuse@                                pg_config@                             watchman-diag@
h5hlc++@                               pg_controldata@                        watchman-make@
h5hlcc@                                pg_ctl@                                watchman-replicate-subscription@
h5hlfc@                                pg_dump@                               watchman-wait@
h5import@                              pg_dumpall@                            watchmanctl@
h5jam@                                 pg_isready@                            wbmptopbm@
h5ls@                                  pg_receivewal@                         webpinfo@
h5mkgrp@                               pg_recvlogical@                        webpmux@
h5perf_serial@                         pg_resetwal@                           webpng@
h5repack@                              pg_restore@                            wget@
h5repart@                              pg_rewind@                             wheel3@
h5stat@                                pg_test_fsync@                         wheel3.12@
h5unjam@                               pg_test_timing@                        wheel3.13@
h5watch@                               pg_upgrade@                            winicontopam@
half_mt@                               pg_verifybackup@                       winicontoppm@
happrox@                               pg_waldump@                            wordlist2dawg@
hb-info@                               pgbench@                               wrjpgcom@
hb-shape@                              pgcli@                                 x264@
hb-subset@                             pgmabel@                               x265@
hb-view@                               pgmbentley@                            xbmtopbm@
hdifftopam@                            pgmcrater@                             xgettext@
heif-convert@                          pgmdeshadow@                           ximtoppm@
heif-dec@                              pgmedge@                               xpmtoppm@
heif-enc@                              pgmenhance@                            xtractprotos@
heif-info@                             pgmhist@                               xvminitoppm@
heif-thumbnailer@                      pgmkernel@                             xwdtopnm@
hipstopgm@                             pgmmake@                               xxh128sum@
hmac256@                               pgmmedian@                             xxh32sum@
hmac_demo@                             pgmminkowski@                          xxh3sum@
hpcdtoppm@                             pgmmorphconv@                          xxh64sum@
httpserv@                              pgmnoise@                              xxhsum@
hwloc-annotate@                        pgmnorm@                               xyb_range@
hwloc-bind@                            pgmoil@                                xz@
hwloc-calc@                            pgmramp@                               xzcat@
hwloc-compress-dir@                    pgmslice@                              xzcmp@
hwloc-diff@                            pgmtexture@                            xzdec@
hwloc-distrib@                         pgmtofs@                               xzdiff@
hwloc-info@                            pgmtolispm@                            xzegrep@
hwloc-ls@                              pgmtopbm@                              xzfgrep@
hwloc-patch@                           pgmtopgm@                              xzgrep@
hwloc-ps@                              pgmtoppm@                              xzless@
ibd2sdi@                               pgmtosbig@                             xzmore@
icc_simplify@                          pgmtost4@                              yarn@
icontopbm@                             pi1toppm@                              yarnpkg@
identify@                              pi3topbm@                              yat2m@
idle3@                                 picttoppm@                             ybmtopbm@
idle3.12@                              pinentry@                              yuv-distortion@
idle3.13@                              pinentry-curses@                       yuvsplittoppm@
idn@                                   pinentry-tty@                          yuvtoppm@
idn2@                                  pip3@                                  yuy2topam@
ifnames@                               pip3.12@                               zeisstopnm@
ilbmtoppm@                             pip3.13@                               zeroize@
imagetops@                             pipx@                                  zmqsend@
img2webp@                              pjtoppm@                               zmqshell.py@
imgcmp@                                pk11ectest@                            zstd@
imginfo@                               pk11gcmtest@                           zstdcat@
imgtoppm@                              pk11importtest@                        zstdgrep@
import@                                pk11mode@                              zstdless@
infotopam@                             pk12util@                              zstdmt@
➜  ~ ls /opt/homebrew/bin
2to3-3.12                            initdb                               pk1sign
411toppm                             innochecksum                         pk_decrypt
4channels                            ismindex                             pk_encrypt
Magick++-config                      jasper                               pk_sign
MagickCore-config                    jbig2dec                             pk_verify
MagickWand-config                    jbigtopnm                            pkcs1-conv
ProtocolBench                        jiv                                  pkg-config
SvtAv1EncApp                         jpeg2ktopam                          pkgconf
aarch64-apple-darwin23-c++-14        jpegtopnm                            pkix-errcodes
aarch64-apple-darwin23-g++-14        jpegtran                             pktdumper
aarch64-apple-darwin23-gcc-14        jpgicc                               pktopbm
aarch64-apple-darwin23-gcc-ar-14     jxl_from_tree                        plookup
aarch64-apple-darwin23-gcc-nm-14     jxlinfo                              plotframes
aarch64-apple-darwin23-gcc-ranlib-14 kbxutil                              pmix_info
aarch64-apple-darwin23-gfortran-14   key_app                              pmixcc
aarch64-apple-darwin23-gm2-14        key_app_writer                       png-fix-itxt
aclocal                              key_ladder_demo                      pngfix
aclocal-1.17                         key_ladder_demo.sh                   pngtogd
acyclic                              ksba-config                          pngtogd2
addbuiltin                           lame                                 pngtopam
adig                                 leaftoppm                            pngtopnm
aead_demo                            libassuan-config                     pnmalias
ahost                                libav-merge-next-commit              pnmarith
ambiguous_words                      libdeflate-gunzip                    pnmcat
animate                              libdeflate-gzip                      pnmcolormap
annotate                             libgcrypt-config                     pnmcomp
anytopnm                             libpng-config                        pnmconvol
aomdec                               libpng16-config                      pnmcrop
aomenc                               linkicc                              pnmcut
asciitopgm                           lispmtopgm                           pnmdepth
asn1Coding                           listsuites                           pnmenlarge
asn1Decoding                         load_roots                           pnmfile
asn1Parser                           local_tone_map                       pnmflip
atktopbm                             localstack                           pnmgamma
atob                                 loudnorm.rb                          pnmhisteq
autoconf                             lprsetup.sh                          pnmhistmap
autoheader                           lstmeval                             pnmindex
autom4te                             lstmtraining                         pnminterp
automake                             lstopo                               pnminterp-gen
automake-1.17                        lstopo-no-graphics                   pnminvert
autopoint                            lto-dump-14                          pnmmargin
autoreconf                           lz4                                  pnmmercator
autoscan                             lz4c                                 pnmmontage
autoupdate                           lz4cat                               pnmnlfilt
avifdec                              lzcat                                pnmnoraw
avifenc                              lzcmp                                pnmnorm
aviocat                              lzdiff                               pnmpad
avstopam                             lzegrep                              pnmpaste
aws                                  lzfgrep                              pnmpsnr
aws_completer                        lzgrep                               pnmquant
baddbdir                             lzless                               pnmquantall
bat                                  lzma                                 pnmremap
bcomps                               lzmadec                              pnmrotate
bd_info                              lzmainfo                             pnmscale
bd_list_titles                       lzmore                               pnmscalefixed
bd_splice                            macptopbm                            pnmshear
bdftogd                              magick                               pnmsmooth
benchmark_xl                         magick-script                        pnmsplit
bioradtopgm                          make_chlayout_test                   pnmstitch
bisect-create                        makepqg                              pnmtile
bjoentegaard                         mangle                               pnmtoddif
bltest                               manweb                               pnmtofiasco
bmptopnm                             matdump                              pnmtofits
bmptoppm                             mbedtls-benchmark                    pnmtojbig
bomtool                              mbedtls-selftest                     pnmtojpeg
brew                                 md_hmac_demo                         pnmtopalm
brotli                               mdatopbm                             pnmtopclxl
brushtopbm                           mem_image                            pnmtoplainpnm
btoa                                 memcached                            pnmtopng
butteraugli_main                     merge_unicharsets                    pnmtopnm
c++-14                               metaflac                             pnmtops
c_rehash                             metatest                             pnmtorast
cairo-trace                          mftraining                           pnmtorle
cameratopam                          mgrtopbm                             pnmtosgi
ccmake                               mini_client                          pnmtosir
ccomps                               mirror_server                        pnmtotiff
cert_app                             mirror_server_stop                   pnmtotiffcmyk
cert_req                             missing_codec_desc                   pnmtoxwd
cert_write                           mm2gv                                postgres
certutil                             modutil                              postmaster
chktest                              mogrify                              postprocessing_benchmark
cipher_aead_demo                     montage                              pp
circo                                mpg123                               pphs
cistopbm                             mpg123-id3dump                       ppm2tiff
cjpeg                                mpg123-strip                         ppm3d
cjxl                                 mpic++                               ppmbrighten
classifier_tester                    mpicalc                              ppmchange
clean-diff                           mpicc                                ppmcie
cluster                              mpicxx                               ppmcolormask
clusterdb                            mpiexec                              ppmcolors
cmake                                mpif77                               ppmdcfont
cmsutil                              mpif90                               ppmddumpfont
cmuwmtopbm                           mpifort                              ppmdim
cntraining                           mpirun                               ppmdist
combine_lang_model                   mrftopbm                             ppmdither
combine_tessdata                     msgattrib                            ppmdmkfont
comp_err                             msgcat                               ppmdraw
compare                              msgcmp                               ppmfade
composite                            msgcomm                              ppmflash
conflict                             msgconv                              ppmforge
conjure                              msgen                                ppmglobe
convert                              msgexec                              ppmhist
convertfilestopdf                    msgfilter                            ppmlabel
convertfilestops                     msgfmt                               ppmmake
convertformat                        msggrep                              ppmmix
convertsegfilestopdf                 msginit                              ppmnorm
convertsegfilestops                  msgmerge                             ppmntsc
converttopdf                         msgunfmt                             ppmpat
converttops                          msguniq                              ppmquant
corepack                             mtvtoppm                             ppmquantall
cpack                                multinit                             ppmrainbow
cpp-14                               multirender_test                     ppmrelief
createdb                             murge                                ppmrough
createuser                           my_print_defaults                    ppmshadow
crl_app                              myisam_ftdump                        ppmshift
crlutil                              myisamchk                            ppmspread
crmftest                             myisamlog                            ppmtoacad
crypt_and_hash                       myisampack                           ppmtoapplevol
crypto_bench                         mysql                                ppmtoarbtxt
crypto_examples                      mysql.server                         ppmtoascii
ctest                                mysql_client_test                    ppmtobmp
curve_keygen                         mysql_config                         ppmtoeyuv
cwebp                                mysql_config_editor                  ppmtogif
cws2fws                              mysql_keyring_encryption_test        ppmtoicr
danetool                             mysql_migrate_keyring                ppmtoilbm
dav1d                                mysql_secure_installation            ppmtojpeg
dawg2wordlist                        mysql_test_event_tracking            ppmtoleaf
dbtest                               mysql_tzinfo_to_sql                  ppmtolj
dbtool                               mysqladmin                           ppmtomap
dcm-dump                             mysqlbinlog                          ppmtomitsu
dcm-getframe                         mysqlcheck                           ppmtompeg
dcraw_emu                            mysqld                               ppmtoneo
dcraw_half                           mysqld_multi                         ppmtopcx
ddbugtopbm                           mysqld_safe                          ppmtopgm
decode_and_encode                    mysqldump                            ppmtopi1
delaunay                             mysqldumpslow                        ppmtopict
delta                                mysqlimport                          ppmtopj
derdump                              mysqlrouter                          ppmtopjxl
dertimetest                          mysqlrouter_keyring                  ppmtoppm
dh_client                            mysqlrouter_passwd                   ppmtopuzz
dh_genprime                          mysqlrouter_plugin_info              ppmtorgb3
dh_server                            mysqlshow                            ppmtosixel
diff-so-fancy                        mysqlslap                            ppmtospu
diffimg                              mysqltest                            ppmtoterm
digest                               mysqltest_safe_process               ppmtotga
dijkstra                             mysqlxtest                           ppmtouil
dirmngr                              neato                                ppmtowinicon
dirmngr-client                       neotoppm                             ppmtoxpm
display                              nettle-hash                          ppmtoyuv
display_to_hlg                       nettle-lfib-stream                   ppmtoyuvsplit
djpeg                                nettle-pbkdf2                        ppmtv
djxl                                 ngettext                             ppmwheel
djxl_fuzzer_corpus                   ngrep                                pps
dot                                  node                                 pq_to_hlg
dot2gxl                              node-build                           pquery
dot_builtins                         nodeenv                              printafm
dot_sandbox                          nodenv                               probetest
dropdb                               nodenv-install                       procs
dropuser                             nodenv-uninstall                     protoc
dtls_client                          nonspr10                             protoc-29.3.0
dtls_server                          nop                                  protoc-gen-upb
duckdb                               normalize.py                         protoc-gen-upb-29.3.0
duckdb_cli                           npm                                  protoc-gen-upb_minitable
duff                                 npx                                  protoc-gen-upb_minitable-29.3.0
dumpsexp                             nspr-config                          protoc-gen-upbdefs
dvd2concat                           nss-config                           protoc-gen-upbdefs-29.3.0
dvipdf                               nss-policy-check                     prte
dwebp                                nssdefaults                          prte-term
ecdh_curve25519                      ocspclnt                             prte_info
ecdsa                                ocspresp                             prted
ecperf                               ocsptool                             prterun
ecpg                                 oid2name                             prun
edgepaint                            oidcalc                              prune
enc_recon_frame_test                 ollama                               ps2ascii
encodeinttest                        ompi_info                            ps2epsi
enum_options                         onig-config                          ps2pdf
envsubst                             opal_wrapper                         ps2pdf12
eps2eps                              openslide-quickhash1sum              ps2pdf13
escp2topbm                           openslide-show-properties            ps2pdf14
event_rpcgen.py                      openslide-write-png                  ps2pdfwr
exiftool                             openssl                              ps2ps
exr2aces                             opj_compress                         ps2ps2
exr_to_pq                            opj_decompress                       psa_constant_names
exrenvmap                            opj_dump                             psa_hash
exrheader                            osage                                psicc
exrinfo                              oshrun                               psidtopgm
exrmakepreview                       out123                               psktool
exrmaketiled                         p11-kit                              psql
exrmanifest                          p11tool                              pstopnm
exrmetrics                           p7content                            pwdecrypt
exrmultipart                         p7env                                pydoc3
exrmultiview                         p7sign                               pydoc3.12
exrstdattr                           p7verify                             pydoc3.13
eyuvtoppm                            pal2rgb                              python3
fax2ps                               palloc                               python3-config
fax2tiff                             palmtopnm                            python3.12
fbectest                             pamaddnoise                          python3.12-config
fc-cache                             pamaltsat                            python3.13
fc-cat                               pamarith                             python3.13-config
fc-conflist                          pambackground                        pzstd
fc-list                              pambayer                             qoitopam
fc-match                             pambrighten                          qrttoppm
fc-pattern                           pamcat                               qt-faststart
fc-query                             pamchannel                           query_compile_time_config
fc-scan                              pamcomp                              query_included_headers
fc-validate                          pamcrater                            rasttopnm
fdp                                  pamcut                               rav1e
ffescape                             pamdeinterlace                       raw-identify
ffeval                               pamdepth                             raw2tiff
ffhash                               pamdice                              rawtextdump
ffmpeg                               pamditherbw                          rawtopgm
ffplay                               pamedge                              rawtoppm
ffprobe                              pamendian                            rbenv
fftw-wisdom                          pamenlarge                           rbenv-install
fftw-wisdom-to-conf                  pamexec                              rbenv-uninstall
fftwf-wisdom                         pamfile                              rd-curves
fftwl-wisdom                         pamfind                              rdjpgcom
fiascotopnm                          pamfix                               recode-sr-latin
fileinfo                             pamfixtrunc                          redis-benchmark
fipstest                             pamflip                              redis-check-aof
fitstopnm                            pamfunc                              redis-check-rdb
fizz                                 pamgauss                             redis-cli
fizz-bogoshim                        pamgetcolor                          redis-sentinel
fizz-encryptedrecordbench            pamgradient                          redis-server
flac                                 pamhomography                        reindexdb
fourcc2pixfmt                        pamhue                               remtest
freetype-config                      pamlevels                            render_hlg
fribidi                              pamlookup                            repomix
fstopgm                              pammasksharpen                       req_app
fzf                                  pammixinterlace                      rgb3toppm
fzf-preview.sh                       pammixmulti                          rist2rist
fzf-tmux                             pammosaicknit                        ristreceiver
g++-14                               pamoil                               ristsender
g3topbm                              pampaintspill                        ristsrppasswd
gc                                   pamperspective                       rlatopam
gcc-14                               pampick                              rletopnm
gcc-ar-14                            pampop9                              rsa_decrypt
gcc-nm-14                            pamrecolor                           rsa_encrypt
gcc-ranlib-14                        pamrestack                           rsa_genkey
gcov-14                              pamrgbatopng                         rsa_sign
gcov-dump-14                         pamrubber                            rsa_sign_pss
gcov-tool-14                         pamscale                             rsa_verify
gd2copypal                           pamseq                               rsa_verify_pss
gd2togif                             pamshadedrelief                      rsaperf
gd2topng                             pamsharpmap                          rsapoptst
gdbus                                pamsharpness                         rsvg-convert
gdbus-codegen                        pamshuffle                           rtmpdump
gdcmpgif                             pamsistoaglyph                       rtmpgw
gdk-pixbuf-csource                   pamslice                             rtmpsrv
gdk-pixbuf-pixdata                   pamsplit                             rtmpsuck
gdk-pixbuf-query-loaders             pamstack                             rubberband
gdk-pixbuf-thumbnailer               pamstereogram                        rubberband-r3
gdparttopng                          pamstretch                           ruby-build
gdtopng                              pamstretch-gen                       sam
gemtopbm                             pamsumm                              sbigtopgm
gemtopnm                             pamsummcol                           scalar
gen-enc-table                        pamtable                             scale_slice_test
gen-rc                               pamthreshold                         sccmap
gen_entropy                          pamtilt                              sdbthreadtst
gen_key                              pamtoavs                             sdl2-config
gen_random_ctr_drbg                  pamtodjvurle                         sdrtest
general_assembly.pl                  pamtofits                            secmodtest
generate_lut_template                pamtogif                             seek_print
generic_sum                          pamtohdiff                           selfserv
gettext                              pamtohtmltbl                         set_unicharset_properties
gettext.sh                           pamtojpeg2k                          sexp-conv
gettextize                           pamtompfont                          sfdp
gflags_completions.sh                pamtooctaveimg                       sgitopnm
gfortran                             pamtopam                             shapeclustering
gfortran-14                          pamtopdbimg                          shlibsign
gh                                   pamtopfm                             sidxindex
gi-compile-repository                pamtopng                             signtool
gi-decompile-typelib                 pamtopnm                             signver
gi-inspect-typelib                   pamtoqoi                             simple_dcraw
gif2rgb                              pamtosrf                             sirtopnm
gif2webp                             pamtosvg                             sldtoppm
gifbuild                             pamtotga                             slidetool
gifclrmp                             pamtotiff                            sndfile-cmp
giffix                               pamtouil                             sndfile-concat
giftext                              pamtowinicon                         sndfile-convert
giftogd2                             pamtoxvmini                          sndfile-deinterleave
giftool                              pamtris                              sndfile-info
giftopnm                             pamundice                            sndfile-interleave
gio                                  pamunlookup                          sndfile-metadata-get
gio-querymodules                     pamvalidate                          sndfile-metadata-set
git                                  pamwipeout                           sndfile-play
git-cvsserver                        pango-list                           sndfile-salvage
git-receive-pack                     pango-segmentation                   source2c
git-shell                            pango-view                           spctoppm
git-upload-archive                   patcheck                             speexdec
git-upload-pack                      patchwork                            speexenc
git2                                 pattrs                               spottopgm
glib-compile-resources               pbmclean                             sputoppm
glib-compile-schemas                 pbmlife                              srftopam
glib-genmarshal                      pbmmake                              srt-ffplay
glib-gettextize                      pbmmask                              srt-file-transmit
glib-mkenums                         pbmminkowski                         srt-live-transmit
glibtool                             pbmnoise                             srt-tunnel
glibtoolize                          pbmpage                              ssimulacra2
gm2                                  pbmpscale                            ssimulacra_main
gm2-14                               pbmreduce                            ssl_client1
gmake                                pbmtext                              ssl_client2
gml2gv                               pbmtextps                            ssl_context_info
gnutls-certtool                      pbmto10x                             ssl_fork_server
gnutls-cli                           pbmto4425                            ssl_mail_client
gnutls-cli-debug                     pbmtoascii                           ssl_pthread_server
gnutls-serv                          pbmtoatk                             ssl_server
gobject-query                        pbmtobbnbg                           ssl_server2
gouldtoppm                           pbmtocis                             ssltap
gpcl6                                pbmtocmuwm                           st4topgm
gpcl6c                               pbmtodjvurle                         stl2gts
gpdlc                                pbmtoepsi                            stream
gpg                                  pbmtoepson                           strerror
gpg-agent                            pbmtoescp2                           strsclnt
gpg-card                             pbmtog3                              sunicontopnm
gpg-connect-agent                    pbmtogem                             svgtopam
gpg-error                            pbmtogo                              symkeyutil
gpg-error-config                     pbmtoibm23xx                         target_dec_fate.sh
gpg-mail-tube                        pbmtoicon                            tesseract
gpg-wks-client                       pbmtolj                              text2image
gpg-wks-server                       pbmtoln03                            texture_to_cube
gpgconf                              pbmtolps                             tgatoppm
gpgme-config                         pbmtomacp                            thinkjettopbm
gpgme-json                           pbmtomatrixorbital                   thrift1
gpgme-tool                           pbmtomda                             tiff2bw
gpgparsemail                         pbmtomgr                             tiff2pdf
gpgrt-config                         pbmtomrf                             tiff2ps
gpgscm                               pbmtonokia                           tiff2rgba
gpgsm                                pbmtopgm                             tiffcmp
gpgsplit                             pbmtopi3                             tiffcp
gpgtar                               pbmtopk                              tiffcrop
gpgv                                 pbmtoplot                            tiffdither
gr2fonttest                          pbmtoppa                             tiffdump
graph2dot                            pbmtopsg3                            tiffinfo
graphml2gv                           pbmtoptx                             tiffmedian
gresource                            pbmtosunicon                         tiffset
gs                                   pbmtowbmp                            tiffsplit
gsbj                                 pbmtox10bm                           tifftopnm
gsc                                  pbmtoxbm                             tificc
gsdj                                 pbmtoybm                             tjbench
gsdj500                              pbmtozinc                            tone_map
gsettings                            pbmupc                               transform
gslj                                 pc1toppm                             transicc
gslp                                 pcc                                  trasher
gsnd                                 pcdindex                             tred
gsx                                  pcdovtoppm                           tree
gtester                              pcre2-config                         trust
gtester-report                       pcre2grep                            tstclnt
gts-config                           pcre2test                            twopi
gts2dxf                              pctrl                                udp_proxy
gts2oogl                             pcxtoppm                             uncoded_frame
gts2stl                              pdbimgtopam                          unflatten
gtscheck                             pdf2dsc                              unicharset_extractor
gtscompare                           pdf2ps                               unix-lpr.sh
gtstemplate                          pdfattach                            unlz4
gv2gml                               pdfdetach                            unlzma
gv2gxl                               pdffonts                             unprocessed_raw
gvcolor                              pdfimages                            unwrap-diff
gvgen                                pdfinfo                              unxz
gvmap                                pdfseparate                          unzstd
gvmap.sh                             pdfsig                               update-mime-database
gvpack                               pdftocairo                           vacuumdb
gvpr                                 pdftohtml                            vacuumlo
gxl2dot                              pdftoppm                             validation
gxl2gv                               pdftops                              venc_data_dump
gxps                                 pdftotext                            vfychain
gxpsc                                pdfunite                             vfyserv
h5c++                                pem2der                              vips
h5cc                                 perror                               vipsedit
h5clear                              pevent                               vipsheader
h5copy                               pf2afm                               vipsprofile
h5debug                              pfbtopfa                             vipsthumbnail
h5delete                             pfmtopam                             vlc
h5diff                               pg_amcheck                           vmaf
h5dump                               pg_archivecleanup                    vwebp
h5fc                                 pg_basebackup                        watchgnupg
h5format_convert                     pg_checksums                         watchman
h5fuse                               pg_config                            watchman-diag
h5hlc++                              pg_controldata                       watchman-make
h5hlcc                               pg_ctl                               watchman-replicate-subscription
h5hlfc                               pg_dump                              watchman-wait
h5import                             pg_dumpall                           watchmanctl
h5jam                                pg_isready                           wbmptopbm
h5ls                                 pg_receivewal                        webpinfo
h5mkgrp                              pg_recvlogical                       webpmux
h5perf_serial                        pg_resetwal                          webpng
h5repack                             pg_restore                           wget
h5repart                             pg_rewind                            wheel3
h5stat                               pg_test_fsync                        wheel3.12
h5unjam                              pg_test_timing                       wheel3.13
h5watch                              pg_upgrade                           winicontopam
half_mt                              pg_verifybackup                      winicontoppm
happrox                              pg_waldump                           wordlist2dawg
hb-info                              pgbench                              wrjpgcom
hb-shape                             pgcli                                x264
hb-subset                            pgmabel                              x265
hb-view                              pgmbentley                           xbmtopbm
hdifftopam                           pgmcrater                            xgettext
heif-convert                         pgmdeshadow                          ximtoppm
heif-dec                             pgmedge                              xpmtoppm
heif-enc                             pgmenhance                           xtractprotos
heif-info                            pgmhist                              xvminitoppm
heif-thumbnailer                     pgmkernel                            xwdtopnm
hipstopgm                            pgmmake                              xxh128sum
hmac256                              pgmmedian                            xxh32sum
hmac_demo                            pgmminkowski                         xxh3sum
hpcdtoppm                            pgmmorphconv                         xxh64sum
httpserv                             pgmnoise                             xxhsum
hwloc-annotate                       pgmnorm                              xyb_range
hwloc-bind                           pgmoil                               xz
hwloc-calc                           pgmramp                              xzcat
hwloc-compress-dir                   pgmslice                             xzcmp
hwloc-diff                           pgmtexture                           xzdec
hwloc-distrib                        pgmtofs                              xzdiff
hwloc-info                           pgmtolispm                           xzegrep
hwloc-ls                             pgmtopbm                             xzfgrep
hwloc-patch                          pgmtopgm                             xzgrep
hwloc-ps                             pgmtoppm                             xzless
ibd2sdi                              pgmtosbig                            xzmore
icc_simplify                         pgmtost4                             yarn
icontopbm                            pi1toppm                             yarnpkg
identify                             pi3topbm                             yat2m
idle3                                picttoppm                            ybmtopbm
idle3.12                             pinentry                             yuv-distortion
idle3.13                             pinentry-curses                      yuvsplittoppm
idn                                  pinentry-tty                         yuvtoppm
idn2                                 pip3                                 yuy2topam
ifnames                              pip3.12                              zeisstopnm
ilbmtoppm                            pip3.13                              zeroize
imagetops                            pipx                                 zmqsend
img2webp                             pjtoppm                              zmqshell.py
imgcmp                               pk11ectest                           zstd
imginfo                              pk11gcmtest                          zstdcat
imgtoppm                             pk11importtest                       zstdgrep
import                               pk11mode                             zstdless
infotopam                            pk12util                             zstdmt
➜  ~ cd Dev/
➜  Dev ls
apps        code        drivers     local       others      shared-utm
aws         downloads   images      meetings    resources   transcripts
➜  Dev mkdir ruby
➜  Dev ls
apps        code        drivers     local       others      ruby        transcripts
aws         downloads   images      meetings    resources   shared-utm
➜  Dev cd ruby
➜  ruby curl -O https://www.openssl.org/source/old/1.0.2/openssl-1.0.2u.tar.gz
  % Total    % Received % Xferd  Average Speed   Time    Time     Time  Current
                                 Dload  Upload   Total   Spent    Left  Speed
100   169  100   169    0     0    347      0 --:--:-- --:--:-- --:--:--   347
➜  ruby tar xzf openssl-1.0.2u.tar.gz
tar: Error opening archive: Unrecognized archive format
➜  ruby ls
openssl-1.0.2u.tar.gz
➜  ruby tar xzf openssl-1.0.2u.tar.gz
tar: Error opening archive: Unrecognized archive format
➜  ruby rm openssl-1.0.2u.tar.gz
➜  ruby wget https://www.openssl.org/source/old/1.0.2/openssl-1.0.2u.tar.gz
--2025-05-12 08:36:36--  https://www.openssl.org/source/old/1.0.2/openssl-1.0.2u.tar.gz
Resolving www.openssl.org (www.openssl.org)... 34.49.79.89
Connecting to www.openssl.org (www.openssl.org)|34.49.79.89|:443... connected.
HTTP request sent, awaiting response... 301 Moved Permanently
Location: https://github.com/openssl/openssl/releases/download/OpenSSL_1_0_2u/openssl-1.0.2u.tar.gz [following]
--2025-05-12 08:36:36--  https://github.com/openssl/openssl/releases/download/OpenSSL_1_0_2u/openssl-1.0.2u.tar.gz
Resolving github.com (github.com)... 140.82.116.3
Connecting to github.com (github.com)|140.82.116.3|:443... connected.
HTTP request sent, awaiting response... 302 Found
Location: https://objects.githubusercontent.com/github-production-release-asset-2e65be/7634677/6d9c987f-2288-418d-b8cf-8c6eb3f32c97?X-Amz-Algorithm=AWS4-HMAC-SHA256&X-Amz-Credential=releaseassetproduction%2F20250512%2Fus-east-1%2Fs3%2Faws4_request&X-Amz-Date=20250512T133637Z&X-Amz-Expires=300&X-Amz-Signature=f589ad2e328a30a2fd26ac912346a5c5f1d30c8bbc1abedcc763ac98e55e4b6a&X-Amz-SignedHeaders=host&response-content-disposition=attachment%3B%20filename%3Dopenssl-1.0.2u.tar.gz&response-content-type=application%2Foctet-stream [following]
--2025-05-12 08:36:37--  https://objects.githubusercontent.com/github-production-release-asset-2e65be/7634677/6d9c987f-2288-418d-b8cf-8c6eb3f32c97?X-Amz-Algorithm=AWS4-HMAC-SHA256&X-Amz-Credential=releaseassetproduction%2F20250512%2Fus-east-1%2Fs3%2Faws4_request&X-Amz-Date=20250512T133637Z&X-Amz-Expires=300&X-Amz-Signature=f589ad2e328a30a2fd26ac912346a5c5f1d30c8bbc1abedcc763ac98e55e4b6a&X-Amz-SignedHeaders=host&response-content-disposition=attachment%3B%20filename%3Dopenssl-1.0.2u.tar.gz&response-content-type=application%2Foctet-stream
Resolving objects.githubusercontent.com (objects.githubusercontent.com)... 185.199.109.133, 185.199.111.133, 185.199.110.133, ...
Connecting to objects.githubusercontent.com (objects.githubusercontent.com)|185.199.109.133|:443... connected.
HTTP request sent, awaiting response... 200 OK
Length: 5355412 (5.1M) [application/octet-stream]
Saving to: ‘openssl-1.0.2u.tar.gz’

openssl-1.0.2u.tar.gz           100%[=====================================================>]   5.11M  4.72MB/s    in 1.1s

2025-05-12 08:36:39 (4.72 MB/s) - ‘openssl-1.0.2u.tar.gz’ saved [5355412/5355412]

➜  ruby tar xzf openssl-1.0.2u.tar.gz
➜  ruby cd openssl-1.0.2u
➜  openssl-1.0.2u ./config --prefix="$HOME/openssl-1.0.2u" shared
Operating system: i686-apple-darwinDarwin Kernel Version 23.4.0: Wed Feb 21 21:44:54 PST 2024; root:xnu-10063.101.15~2/RELEASE_ARM64_T6030
Configuring for darwin-i386-cc
Configuring for darwin-i386-cc
    no-ec_nistp_64_gcc_128 [default]  OPENSSL_NO_EC_NISTP_64_GCC_128 (skip dir)
    no-gmp          [default]  OPENSSL_NO_GMP (skip dir)
    no-jpake        [experimental] OPENSSL_NO_JPAKE (skip dir)
    no-krb5         [krb5-flavor not specified] OPENSSL_NO_KRB5
    no-libunbound   [experimental] OPENSSL_NO_LIBUNBOUND (skip dir)
    no-md2          [default]  OPENSSL_NO_MD2 (skip dir)
    no-rc5          [default]  OPENSSL_NO_RC5 (skip dir)
    no-rfc3779      [default]  OPENSSL_NO_RFC3779 (skip dir)
    no-sctp         [default]  OPENSSL_NO_SCTP (skip dir)
    no-ssl-trace    [default]  OPENSSL_NO_SSL_TRACE (skip dir)
    no-ssl2         [default]  OPENSSL_NO_SSL2 (skip dir)
    no-store        [experimental] OPENSSL_NO_STORE (skip dir)
    no-unit-test    [default]  OPENSSL_NO_UNIT_TEST (skip dir)
    no-weak-ssl-ciphers [default]  OPENSSL_NO_WEAK_SSL_CIPHERS (skip dir)
    no-zlib         [default]
    no-zlib-dynamic [default]
IsMK1MF=0
CC            =cc
CFLAG         =-fPIC -fno-common -DOPENSSL_PIC -DOPENSSL_THREADS -D_REENTRANT -DDSO_DLFCN -DHAVE_DLFCN_H -arch i386 -O3 -fomit-frame-pointer -DL_ENDIAN -DOPENSSL_BN_ASM_PART_WORDS -DOPENSSL_IA32_SSE2 -DOPENSSL_BN_ASM_MONT -DOPENSSL_BN_ASM_GF2m -DRC4_ASM -DSHA1_ASM -DSHA256_ASM -DSHA512_ASM -DMD5_ASM -DRMD160_ASM -DAES_ASM -DVPAES_ASM -DWHIRLPOOL_ASM -DGHASH_ASM
EX_LIBS       =
CPUID_OBJ     =x86cpuid.o
BN_ASM        =bn-586.o co-586.o x86-mont.o x86-gf2m.o
EC_ASM        =
DES_ENC       =des-586.o crypt586.o
AES_ENC       =aes-586.o vpaes-x86.o aesni-x86.o
BF_ENC        =bf-586.o
CAST_ENC      =c_enc.o
RC4_ENC       =rc4-586.o
RC5_ENC       =rc5-586.o
MD5_OBJ_ASM   =md5-586.o
SHA1_OBJ_ASM  =sha1-586.o sha256-586.o sha512-586.o
RMD160_OBJ_ASM=rmd-586.o
CMLL_ENC      =cmll-x86.o
MODES_OBJ     =ghash-x86.o
ENGINES_OBJ   =
PROCESSOR     =
RANLIB        =/usr/bin/ranlib
ARFLAGS       =
PERL          =/usr/bin/perl
THIRTY_TWO_BIT mode
DES_UNROLL used
BN_LLONG mode
RC4_CHUNK is unsigned long
BF_PTR used
created directory `include/openssl'
e_os2.h => include/openssl/e_os2.h
making links in crypto...
crypto.h => ../include/openssl/crypto.h
opensslv.h => ../include/openssl/opensslv.h
opensslconf.h => ../include/openssl/opensslconf.h
ebcdic.h => ../include/openssl/ebcdic.h
symhacks.h => ../include/openssl/symhacks.h
ossl_typ.h => ../include/openssl/ossl_typ.h
constant_time_test.c => ../test/constant_time_test.c
making links in crypto/objects...
objects.h => ../../include/openssl/objects.h
obj_mac.h => ../../include/openssl/obj_mac.h
making links in crypto/md4...
md4.h => ../../include/openssl/md4.h
md4test.c => ../../test/md4test.c
md4.c => ../../apps/md4.c
making links in crypto/md5...
md5.h => ../../include/openssl/md5.h
md5test.c => ../../test/md5test.c
making links in crypto/sha...
sha.h => ../../include/openssl/sha.h
shatest.c => ../../test/shatest.c
sha1test.c => ../../test/sha1test.c
sha256t.c => ../../test/sha256t.c
sha512t.c => ../../test/sha512t.c
making links in crypto/mdc2...
mdc2.h => ../../include/openssl/mdc2.h
mdc2test.c => ../../test/mdc2test.c
making links in crypto/hmac...
hmac.h => ../../include/openssl/hmac.h
hmactest.c => ../../test/hmactest.c
making links in crypto/ripemd...
ripemd.h => ../../include/openssl/ripemd.h
rmdtest.c => ../../test/rmdtest.c
making links in crypto/whrlpool...
whrlpool.h => ../../include/openssl/whrlpool.h
wp_test.c => ../../test/wp_test.c
making links in crypto/des...
des.h => ../../include/openssl/des.h
des_old.h => ../../include/openssl/des_old.h
destest.c => ../../test/destest.c
making links in crypto/aes...
aes.h => ../../include/openssl/aes.h
making links in crypto/rc2...
rc2.h => ../../include/openssl/rc2.h
rc2test.c => ../../test/rc2test.c
making links in crypto/rc4...
rc4.h => ../../include/openssl/rc4.h
rc4test.c => ../../test/rc4test.c
making links in crypto/idea...
idea.h => ../../include/openssl/idea.h
ideatest.c => ../../test/ideatest.c
making links in crypto/bf...
blowfish.h => ../../include/openssl/blowfish.h
bftest.c => ../../test/bftest.c
making links in crypto/cast...
cast.h => ../../include/openssl/cast.h
casttest.c => ../../test/casttest.c
making links in crypto/camellia...
camellia.h => ../../include/openssl/camellia.h
making links in crypto/seed...
seed.h => ../../include/openssl/seed.h
making links in crypto/modes...
modes.h => ../../include/openssl/modes.h
making links in crypto/bn...
bn.h => ../../include/openssl/bn.h
bntest.c => ../../test/bntest.c
exptest.c => ../../test/exptest.c
making links in crypto/ec...
ec.h => ../../include/openssl/ec.h
ectest.c => ../../test/ectest.c
making links in crypto/rsa...
rsa.h => ../../include/openssl/rsa.h
rsa_test.c => ../../test/rsa_test.c
making links in crypto/dsa...
dsa.h => ../../include/openssl/dsa.h
dsatest.c => ../../test/dsatest.c
making links in crypto/ecdsa...
ecdsa.h => ../../include/openssl/ecdsa.h
ecdsatest.c => ../../test/ecdsatest.c
making links in crypto/dh...
dh.h => ../../include/openssl/dh.h
dhtest.c => ../../test/dhtest.c
making links in crypto/ecdh...
ecdh.h => ../../include/openssl/ecdh.h
ecdhtest.c => ../../test/ecdhtest.c
making links in crypto/dso...
dso.h => ../../include/openssl/dso.h
making links in crypto/engine...
engine.h => ../../include/openssl/engine.h
enginetest.c => ../../test/enginetest.c
making links in crypto/buffer...
buffer.h => ../../include/openssl/buffer.h
making links in crypto/bio...
bio.h => ../../include/openssl/bio.h
making links in crypto/stack...
stack.h => ../../include/openssl/stack.h
safestack.h => ../../include/openssl/safestack.h
making links in crypto/lhash...
lhash.h => ../../include/openssl/lhash.h
making links in crypto/rand...
rand.h => ../../include/openssl/rand.h
randtest.c => ../../test/randtest.c
making links in crypto/err...
err.h => ../../include/openssl/err.h
making links in crypto/evp...
evp.h => ../../include/openssl/evp.h
evp_test.c => ../../test/evp_test.c
evp_extra_test.c => ../../test/evp_extra_test.c
evptests.txt -> ../../test/evptests.txt
making links in crypto/asn1...
asn1.h => ../../include/openssl/asn1.h
asn1_mac.h => ../../include/openssl/asn1_mac.h
asn1t.h => ../../include/openssl/asn1t.h
making links in crypto/pem...
pem.h => ../../include/openssl/pem.h
pem2.h => ../../include/openssl/pem2.h
making links in crypto/x509...
x509.h => ../../include/openssl/x509.h
x509_vfy.h => ../../include/openssl/x509_vfy.h
verify_extra_test.c => ../../test/verify_extra_test.c
making links in crypto/x509v3...
x509v3.h => ../../include/openssl/x509v3.h
v3nametest.c => ../../test/v3nametest.c
making links in crypto/conf...
conf.h => ../../include/openssl/conf.h
conf_api.h => ../../include/openssl/conf_api.h
making links in crypto/txt_db...
txt_db.h => ../../include/openssl/txt_db.h
making links in crypto/pkcs7...
pkcs7.h => ../../include/openssl/pkcs7.h
making links in crypto/pkcs12...
pkcs12.h => ../../include/openssl/pkcs12.h
making links in crypto/comp...
comp.h => ../../include/openssl/comp.h
making links in crypto/ocsp...
ocsp.h => ../../include/openssl/ocsp.h
making links in crypto/ui...
ui.h => ../../include/openssl/ui.h
ui_compat.h => ../../include/openssl/ui_compat.h
making links in crypto/krb5...
krb5_asn.h => ../../include/openssl/krb5_asn.h
making links in crypto/cms...
cms.h => ../../include/openssl/cms.h
making links in crypto/pqueue...
pqueue.h => ../../include/openssl/pqueue.h
making links in crypto/ts...
ts.h => ../../include/openssl/ts.h
making links in crypto/srp...
srp.h => ../../include/openssl/srp.h
srptest.c => ../../test/srptest.c
making links in crypto/cmac...
cmac.h => ../../include/openssl/cmac.h
making links in ssl...
ssl.h => ../include/openssl/ssl.h
ssl2.h => ../include/openssl/ssl2.h
ssl3.h => ../include/openssl/ssl3.h
ssl23.h => ../include/openssl/ssl23.h
tls1.h => ../include/openssl/tls1.h
dtls1.h => ../include/openssl/dtls1.h
kssl.h => ../include/openssl/kssl.h
srtp.h => ../include/openssl/srtp.h
ssltest.c => ../test/ssltest.c
heartbeat_test.c => ../test/heartbeat_test.c
clienthellotest.c => ../test/clienthellotest.c
sslv2conftest.c => ../test/sslv2conftest.c
dtlstest.c => ../test/dtlstest.c
bad_dtls_test.c => ../test/bad_dtls_test.c
fatalerrtest.c => ../test/fatalerrtest.c
making links in engines...
making links in engines/ccgost...
make[2]: Nothing to be done for `links'.
making links in apps...
make[1]: Nothing to be done for `links'.
making links in test...
make[1]: Nothing to be done for `links'.
making links in tools...
make[1]: Nothing to be done for `links'.
generating dummy tests (if needed)...
md2test.c => dummytest.c
rc5test.c => dummytest.c
jpaketest.c => dummytest.c

Configured for darwin-i386-cc.
➜  openssl-1.0.2u sysctl -n hw.ncpu
12
➜  openssl-1.0.2u make -j"$(sysctl -n hw.ncpu)"
making all in crypto...
/usr/bin/perl ../util/mkbuildinf.pl "cc -I. -I.. -I../include  -fPIC -fno-common -DOPENSSL_PIC -DOPENSSL_THREADS -D_REENTRANT -DDSO_DLFCN -DHAVE_DLFCN_H -arch i386 -O3 -fomit-frame-pointer -DL_ENDIAN -DOPENSSL_BN_ASM_PART_WORDS -DOPENSSL_IA32_SSE2 -DOPENSSL_BN_ASM_MONT -DOPENSSL_BN_ASM_GF2m -DRC4_ASM -DSHA1_ASM -DSHA256_ASM -DSHA512_ASM -DMD5_ASM -DRMD160_ASM -DAES_ASM -DVPAES_ASM -DWHIRLPOOL_ASM -DGHASH_ASM" "darwin-i386-cc" >buildinf.h
cc -I. -I.. -I../include  -fPIC -fno-common -DOPENSSL_PIC -DOPENSSL_THREADS -D_REENTRANT -DDSO_DLFCN -DHAVE_DLFCN_H -arch i386 -O3 -fomit-frame-pointer -DL_ENDIAN -DOPENSSL_BN_ASM_PART_WORDS -DOPENSSL_IA32_SSE2 -DOPENSSL_BN_ASM_MONT -DOPENSSL_BN_ASM_GF2m -DRC4_ASM -DSHA1_ASM -DSHA256_ASM -DSHA512_ASM -DMD5_ASM -DRMD160_ASM -DAES_ASM -DVPAES_ASM -DWHIRLPOOL_ASM -DGHASH_ASM -I/opt/homebrew/opt/libxml2/include -I/opt/homebrew/opt/libxslt/include  -c -o cryptlib.o cryptlib.c
cc -I. -I.. -I../include  -fPIC -fno-common -DOPENSSL_PIC -DOPENSSL_THREADS -D_REENTRANT -DDSO_DLFCN -DHAVE_DLFCN_H -arch i386 -O3 -fomit-frame-pointer -DL_ENDIAN -DOPENSSL_BN_ASM_PART_WORDS -DOPENSSL_IA32_SSE2 -DOPENSSL_BN_ASM_MONT -DOPENSSL_BN_ASM_GF2m -DRC4_ASM -DSHA1_ASM -DSHA256_ASM -DSHA512_ASM -DMD5_ASM -DRMD160_ASM -DAES_ASM -DVPAES_ASM -DWHIRLPOOL_ASM -DGHASH_ASM -I/opt/homebrew/opt/libxml2/include -I/opt/homebrew/opt/libxslt/include  -c -o mem.o mem.c
cc -I. -I.. -I../include  -fPIC -fno-common -DOPENSSL_PIC -DOPENSSL_THREADS -D_REENTRANT -DDSO_DLFCN -DHAVE_DLFCN_H -arch i386 -O3 -fomit-frame-pointer -DL_ENDIAN -DOPENSSL_BN_ASM_PART_WORDS -DOPENSSL_IA32_SSE2 -DOPENSSL_BN_ASM_MONT -DOPENSSL_BN_ASM_GF2m -DRC4_ASM -DSHA1_ASM -DSHA256_ASM -DSHA512_ASM -DMD5_ASM -DRMD160_ASM -DAES_ASM -DVPAES_ASM -DWHIRLPOOL_ASM -DGHASH_ASM -I/opt/homebrew/opt/libxml2/include -I/opt/homebrew/opt/libxslt/include  -c -o mem_dbg.o mem_dbg.c
cc -I. -I.. -I../include  -fPIC -fno-common -DOPENSSL_PIC -DOPENSSL_THREADS -D_REENTRANT -DDSO_DLFCN -DHAVE_DLFCN_H -arch i386 -O3 -fomit-frame-pointer -DL_ENDIAN -DOPENSSL_BN_ASM_PART_WORDS -DOPENSSL_IA32_SSE2 -DOPENSSL_BN_ASM_MONT -DOPENSSL_BN_ASM_GF2m -DRC4_ASM -DSHA1_ASM -DSHA256_ASM -DSHA512_ASM -DMD5_ASM -DRMD160_ASM -DAES_ASM -DVPAES_ASM -DWHIRLPOOL_ASM -DGHASH_ASM -I/opt/homebrew/opt/libxml2/include -I/opt/homebrew/opt/libxslt/include  -c -o ex_data.o ex_data.c
cc -I. -I.. -I../include  -fPIC -fno-common -DOPENSSL_PIC -DOPENSSL_THREADS -D_REENTRANT -DDSO_DLFCN -DHAVE_DLFCN_H -arch i386 -O3 -fomit-frame-pointer -DL_ENDIAN -DOPENSSL_BN_ASM_PART_WORDS -DOPENSSL_IA32_SSE2 -DOPENSSL_BN_ASM_MONT -DOPENSSL_BN_ASM_GF2m -DRC4_ASM -DSHA1_ASM -DSHA256_ASM -DSHA512_ASM -DMD5_ASM -DRMD160_ASM -DAES_ASM -DVPAES_ASM -DWHIRLPOOL_ASM -DGHASH_ASM -I/opt/homebrew/opt/libxml2/include -I/opt/homebrew/opt/libxslt/include  -c -o cpt_err.o cpt_err.c
cc -I. -I.. -I../include  -fPIC -fno-common -DOPENSSL_PIC -DOPENSSL_THREADS -D_REENTRANT -DDSO_DLFCN -DHAVE_DLFCN_H -arch i386 -O3 -fomit-frame-pointer -DL_ENDIAN -DOPENSSL_BN_ASM_PART_WORDS -DOPENSSL_IA32_SSE2 -DOPENSSL_BN_ASM_MONT -DOPENSSL_BN_ASM_GF2m -DRC4_ASM -DSHA1_ASM -DSHA256_ASM -DSHA512_ASM -DMD5_ASM -DRMD160_ASM -DAES_ASM -DVPAES_ASM -DWHIRLPOOL_ASM -DGHASH_ASM -I/opt/homebrew/opt/libxml2/include -I/opt/homebrew/opt/libxslt/include  -c -o ebcdic.o ebcdic.c
cc -I. -I.. -I../include  -fPIC -fno-common -DOPENSSL_PIC -DOPENSSL_THREADS -D_REENTRANT -DDSO_DLFCN -DHAVE_DLFCN_H -arch i386 -O3 -fomit-frame-pointer -DL_ENDIAN -DOPENSSL_BN_ASM_PART_WORDS -DOPENSSL_IA32_SSE2 -DOPENSSL_BN_ASM_MONT -DOPENSSL_BN_ASM_GF2m -DRC4_ASM -DSHA1_ASM -DSHA256_ASM -DSHA512_ASM -DMD5_ASM -DRMD160_ASM -DAES_ASM -DVPAES_ASM -DWHIRLPOOL_ASM -DGHASH_ASM -I/opt/homebrew/opt/libxml2/include -I/opt/homebrew/opt/libxslt/include  -c -o uid.o uid.c
cc -I. -I.. -I../include  -fPIC -fno-common -DOPENSSL_PIC -DOPENSSL_THREADS -D_REENTRANT -DDSO_DLFCN -DHAVE_DLFCN_H -arch i386 -O3 -fomit-frame-pointer -DL_ENDIAN -DOPENSSL_BN_ASM_PART_WORDS -DOPENSSL_IA32_SSE2 -DOPENSSL_BN_ASM_MONT -DOPENSSL_BN_ASM_GF2m -DRC4_ASM -DSHA1_ASM -DSHA256_ASM -DSHA512_ASM -DMD5_ASM -DRMD160_ASM -DAES_ASM -DVPAES_ASM -DWHIRLPOOL_ASM -DGHASH_ASM -I/opt/homebrew/opt/libxml2/include -I/opt/homebrew/opt/libxslt/include  -c -o o_time.o o_time.c
cc -I. -I.. -I../include  -fPIC -fno-common -DOPENSSL_PIC -DOPENSSL_THREADS -D_REENTRANT -DDSO_DLFCN -DHAVE_DLFCN_H -arch i386 -O3 -fomit-frame-pointer -DL_ENDIAN -DOPENSSL_BN_ASM_PART_WORDS -DOPENSSL_IA32_SSE2 -DOPENSSL_BN_ASM_MONT -DOPENSSL_BN_ASM_GF2m -DRC4_ASM -DSHA1_ASM -DSHA256_ASM -DSHA512_ASM -DMD5_ASM -DRMD160_ASM -DAES_ASM -DVPAES_ASM -DWHIRLPOOL_ASM -DGHASH_ASM -I/opt/homebrew/opt/libxml2/include -I/opt/homebrew/opt/libxslt/include  -c -o o_str.o o_str.c
cc -I. -I.. -I../include  -fPIC -fno-common -DOPENSSL_PIC -DOPENSSL_THREADS -D_REENTRANT -DDSO_DLFCN -DHAVE_DLFCN_H -arch i386 -O3 -fomit-frame-pointer -DL_ENDIAN -DOPENSSL_BN_ASM_PART_WORDS -DOPENSSL_IA32_SSE2 -DOPENSSL_BN_ASM_MONT -DOPENSSL_BN_ASM_GF2m -DRC4_ASM -DSHA1_ASM -DSHA256_ASM -DSHA512_ASM -DMD5_ASM -DRMD160_ASM -DAES_ASM -DVPAES_ASM -DWHIRLPOOL_ASM -DGHASH_ASM -I/opt/homebrew/opt/libxml2/include -I/opt/homebrew/opt/libxslt/include  -c -o o_dir.o o_dir.c
cc -I. -I.. -I../include  -fPIC -fno-common -DOPENSSL_PIC -DOPENSSL_THREADS -D_REENTRANT -DDSO_DLFCN -DHAVE_DLFCN_H -arch i386 -O3 -fomit-frame-pointer -DL_ENDIAN -DOPENSSL_BN_ASM_PART_WORDS -DOPENSSL_IA32_SSE2 -DOPENSSL_BN_ASM_MONT -DOPENSSL_BN_ASM_GF2m -DRC4_ASM -DSHA1_ASM -DSHA256_ASM -DSHA512_ASM -DMD5_ASM -DRMD160_ASM -DAES_ASM -DVPAES_ASM -DWHIRLPOOL_ASM -DGHASH_ASM -I/opt/homebrew/opt/libxml2/include -I/opt/homebrew/opt/libxslt/include  -c -o o_fips.o o_fips.c
cc -I. -I.. -I../include  -fPIC -fno-common -DOPENSSL_PIC -DOPENSSL_THREADS -D_REENTRANT -DDSO_DLFCN -DHAVE_DLFCN_H -arch i386 -O3 -fomit-frame-pointer -DL_ENDIAN -DOPENSSL_BN_ASM_PART_WORDS -DOPENSSL_IA32_SSE2 -DOPENSSL_BN_ASM_MONT -DOPENSSL_BN_ASM_GF2m -DRC4_ASM -DSHA1_ASM -DSHA256_ASM -DSHA512_ASM -DMD5_ASM -DRMD160_ASM -DAES_ASM -DVPAES_ASM -DWHIRLPOOL_ASM -DGHASH_ASM -I/opt/homebrew/opt/libxml2/include -I/opt/homebrew/opt/libxslt/include  -c -o o_init.o o_init.c
cc -I. -I.. -I../include  -fPIC -fno-common -DOPENSSL_PIC -DOPENSSL_THREADS -D_REENTRANT -DDSO_DLFCN -DHAVE_DLFCN_H -arch i386 -O3 -fomit-frame-pointer -DL_ENDIAN -DOPENSSL_BN_ASM_PART_WORDS -DOPENSSL_IA32_SSE2 -DOPENSSL_BN_ASM_MONT -DOPENSSL_BN_ASM_GF2m -DRC4_ASM -DSHA1_ASM -DSHA256_ASM -DSHA512_ASM -DMD5_ASM -DRMD160_ASM -DAES_ASM -DVPAES_ASM -DWHIRLPOOL_ASM -DGHASH_ASM -I/opt/homebrew/opt/libxml2/include -I/opt/homebrew/opt/libxslt/include  -c -o fips_ers.o fips_ers.c
cc -I. -I.. -I../include  -fPIC -fno-common -DOPENSSL_PIC -DOPENSSL_THREADS -D_REENTRANT -DDSO_DLFCN -DHAVE_DLFCN_H -arch i386 -O3 -fomit-frame-pointer -DL_ENDIAN -DOPENSSL_BN_ASM_PART_WORDS -DOPENSSL_IA32_SSE2 -DOPENSSL_BN_ASM_MONT -DOPENSSL_BN_ASM_GF2m -DRC4_ASM -DSHA1_ASM -DSHA256_ASM -DSHA512_ASM -DMD5_ASM -DRMD160_ASM -DAES_ASM -DVPAES_ASM -DWHIRLPOOL_ASM -DGHASH_ASM -I/opt/homebrew/opt/libxml2/include -I/opt/homebrew/opt/libxslt/include  -c -o getenv.o getenv.c
/usr/bin/perl x86cpuid.pl macosx -I. -I.. -I../include  -fPIC -fno-common -DOPENSSL_PIC -DOPENSSL_THREADS -D_REENTRANT -DDSO_DLFCN -DHAVE_DLFCN_H -arch i386 -O3 -fomit-frame-pointer -DL_ENDIAN -DOPENSSL_BN_ASM_PART_WORDS -DOPENSSL_IA32_SSE2 -DOPENSSL_BN_ASM_MONT -DOPENSSL_BN_ASM_GF2m -DRC4_ASM -DSHA1_ASM -DSHA256_ASM -DSHA512_ASM -DMD5_ASM -DRMD160_ASM -DAES_ASM -DVPAES_ASM -DWHIRLPOOL_ASM -DGHASH_ASM  > x86cpuid.s
cc -I. -I.. -I../include  -fPIC -fno-common -DOPENSSL_PIC -DOPENSSL_THREADS -D_REENTRANT -DDSO_DLFCN -DHAVE_DLFCN_H -arch i386 -O3 -fomit-frame-pointer -DL_ENDIAN -DOPENSSL_BN_ASM_PART_WORDS -DOPENSSL_IA32_SSE2 -DOPENSSL_BN_ASM_MONT -DOPENSSL_BN_ASM_GF2m -DRC4_ASM -DSHA1_ASM -DSHA256_ASM -DSHA512_ASM -DMD5_ASM -DRMD160_ASM -DAES_ASM -DVPAES_ASM -DWHIRLPOOL_ASM -DGHASH_ASM -I/opt/homebrew/opt/libxml2/include -I/opt/homebrew/opt/libxslt/include  -c -o cversion.o cversion.c
making all in crypto/objects...
cc -I.. -I../.. -I../modes -I../asn1 -I../evp -I../../include  -fPIC -fno-common -DOPENSSL_PIC -DOPENSSL_THREADS -D_REENTRANT -DDSO_DLFCN -DHAVE_DLFCN_H -arch i386 -O3 -fomit-frame-pointer -DL_ENDIAN -DOPENSSL_BN_ASM_PART_WORDS -DOPENSSL_IA32_SSE2 -DOPENSSL_BN_ASM_MONT -DOPENSSL_BN_ASM_GF2m -DRC4_ASM -DSHA1_ASM -DSHA256_ASM -DSHA512_ASM -DMD5_ASM -DRMD160_ASM -DAES_ASM -DVPAES_ASM -DWHIRLPOOL_ASM -DGHASH_ASM -I/opt/homebrew/opt/libxml2/include -I/opt/homebrew/opt/libxslt/include  -c -o o_names.o o_names.c
cc -I.. -I../.. -I../modes -I../asn1 -I../evp -I../../include  -fPIC -fno-common -DOPENSSL_PIC -DOPENSSL_THREADS -D_REENTRANT -DDSO_DLFCN -DHAVE_DLFCN_H -arch i386 -O3 -fomit-frame-pointer -DL_ENDIAN -DOPENSSL_BN_ASM_PART_WORDS -DOPENSSL_IA32_SSE2 -DOPENSSL_BN_ASM_MONT -DOPENSSL_BN_ASM_GF2m -DRC4_ASM -DSHA1_ASM -DSHA256_ASM -DSHA512_ASM -DMD5_ASM -DRMD160_ASM -DAES_ASM -DVPAES_ASM -DWHIRLPOOL_ASM -DGHASH_ASM -I/opt/homebrew/opt/libxml2/include -I/opt/homebrew/opt/libxslt/include  -c -o obj_dat.o obj_dat.c
cc -I.. -I../.. -I../modes -I../asn1 -I../evp -I../../include  -fPIC -fno-common -DOPENSSL_PIC -DOPENSSL_THREADS -D_REENTRANT -DDSO_DLFCN -DHAVE_DLFCN_H -arch i386 -O3 -fomit-frame-pointer -DL_ENDIAN -DOPENSSL_BN_ASM_PART_WORDS -DOPENSSL_IA32_SSE2 -DOPENSSL_BN_ASM_MONT -DOPENSSL_BN_ASM_GF2m -DRC4_ASM -DSHA1_ASM -DSHA256_ASM -DSHA512_ASM -DMD5_ASM -DRMD160_ASM -DAES_ASM -DVPAES_ASM -DWHIRLPOOL_ASM -DGHASH_ASM -I/opt/homebrew/opt/libxml2/include -I/opt/homebrew/opt/libxslt/include  -c -o obj_lib.o obj_lib.c
cc -I.. -I../.. -I../modes -I../asn1 -I../evp -I../../include  -fPIC -fno-common -DOPENSSL_PIC -DOPENSSL_THREADS -D_REENTRANT -DDSO_DLFCN -DHAVE_DLFCN_H -arch i386 -O3 -fomit-frame-pointer -DL_ENDIAN -DOPENSSL_BN_ASM_PART_WORDS -DOPENSSL_IA32_SSE2 -DOPENSSL_BN_ASM_MONT -DOPENSSL_BN_ASM_GF2m -DRC4_ASM -DSHA1_ASM -DSHA256_ASM -DSHA512_ASM -DMD5_ASM -DRMD160_ASM -DAES_ASM -DVPAES_ASM -DWHIRLPOOL_ASM -DGHASH_ASM -I/opt/homebrew/opt/libxml2/include -I/opt/homebrew/opt/libxslt/include  -c -o obj_err.o obj_err.c
cc -I.. -I../.. -I../modes -I../asn1 -I../evp -I../../include  -fPIC -fno-common -DOPENSSL_PIC -DOPENSSL_THREADS -D_REENTRANT -DDSO_DLFCN -DHAVE_DLFCN_H -arch i386 -O3 -fomit-frame-pointer -DL_ENDIAN -DOPENSSL_BN_ASM_PART_WORDS -DOPENSSL_IA32_SSE2 -DOPENSSL_BN_ASM_MONT -DOPENSSL_BN_ASM_GF2m -DRC4_ASM -DSHA1_ASM -DSHA256_ASM -DSHA512_ASM -DMD5_ASM -DRMD160_ASM -DAES_ASM -DVPAES_ASM -DWHIRLPOOL_ASM -DGHASH_ASM -I/opt/homebrew/opt/libxml2/include -I/opt/homebrew/opt/libxslt/include  -c -o obj_xref.o obj_xref.c
cc -I. -I.. -I../include  -fPIC -fno-common -DOPENSSL_PIC -DOPENSSL_THREADS -D_REENTRANT -DDSO_DLFCN -DHAVE_DLFCN_H -arch i386 -O3 -fomit-frame-pointer -DL_ENDIAN -DOPENSSL_BN_ASM_PART_WORDS -DOPENSSL_IA32_SSE2 -DOPENSSL_BN_ASM_MONT -DOPENSSL_BN_ASM_GF2m -DRC4_ASM -DSHA1_ASM -DSHA256_ASM -DSHA512_ASM -DMD5_ASM -DRMD160_ASM -DAES_ASM -DVPAES_ASM -DWHIRLPOOL_ASM -DGHASH_ASM -c  -o x86cpuid.o x86cpuid.s
ar  r ../libcrypto.a cryptlib.o mem.o mem_dbg.o cversion.o ex_data.o cpt_err.o ebcdic.o uid.o o_time.o o_str.o o_dir.o o_fips.o o_init.o fips_ers.o getenv.o x86cpuid.o
ar: creating archive ../libcrypto.a
ar  r ../../libcrypto.a o_names.o obj_dat.o obj_lib.o obj_err.o obj_xref.o
/Library/Developer/CommandLineTools/usr/bin/ranlib: /Library/Developer/CommandLineTools/usr/bin/ranlib: file: ../libcrypto.a(ebcdic.o) file: ../../libcrypto.a(ebcdic.o) has no symbolshas no symbols

/Library/Developer/CommandLineTools/usr/bin/ranlib: /Library/Developer/CommandLineTools/usr/bin/ranlib: file: ../libcrypto.a(fips_ers.o) file: ../../libcrypto.a(fips_ers.o) has no symbolshas no symbols

/usr/bin/ranlib ../../libcrypto.a || echo Never mind.
test -z "" || ar  r ../libcrypto.a fipscanister.o
/usr/bin/ranlib ../libcrypto.a || echo Never mind.
/Library/Developer/CommandLineTools/usr/bin/ranlib: /Library/Developer/CommandLineTools/usr/bin/ranlib: file: ../libcrypto.a(ebcdic.o) file: ../../libcrypto.a(ebcdic.o) has no symbolshas no symbols

/Library/Developer/CommandLineTools/usr/bin/ranlib: /Library/Developer/CommandLineTools/usr/bin/ranlib: file: ../libcrypto.a(fips_ers.o) file: ../../libcrypto.a(fips_ers.o) has no symbolshas no symbols

making all in crypto/md4...
cc -I.. -I../.. -I../modes -I../asn1 -I../evp -I../../include  -fPIC -fno-common -DOPENSSL_PIC -DOPENSSL_THREADS -D_REENTRANT -DDSO_DLFCN -DHAVE_DLFCN_H -arch i386 -O3 -fomit-frame-pointer -DL_ENDIAN -DOPENSSL_BN_ASM_PART_WORDS -DOPENSSL_IA32_SSE2 -DOPENSSL_BN_ASM_MONT -DOPENSSL_BN_ASM_GF2m -DRC4_ASM -DSHA1_ASM -DSHA256_ASM -DSHA512_ASM -DMD5_ASM -DRMD160_ASM -DAES_ASM -DVPAES_ASM -DWHIRLPOOL_ASM -DGHASH_ASM -I/opt/homebrew/opt/libxml2/include -I/opt/homebrew/opt/libxslt/include  -c -o md4_dgst.o md4_dgst.c
cc -I.. -I../.. -I../modes -I../asn1 -I../evp -I../../include  -fPIC -fno-common -DOPENSSL_PIC -DOPENSSL_THREADS -D_REENTRANT -DDSO_DLFCN -DHAVE_DLFCN_H -arch i386 -O3 -fomit-frame-pointer -DL_ENDIAN -DOPENSSL_BN_ASM_PART_WORDS -DOPENSSL_IA32_SSE2 -DOPENSSL_BN_ASM_MONT -DOPENSSL_BN_ASM_GF2m -DRC4_ASM -DSHA1_ASM -DSHA256_ASM -DSHA512_ASM -DMD5_ASM -DRMD160_ASM -DAES_ASM -DVPAES_ASM -DWHIRLPOOL_ASM -DGHASH_ASM -I/opt/homebrew/opt/libxml2/include -I/opt/homebrew/opt/libxslt/include  -c -o md4_one.o md4_one.c
ar  r ../../libcrypto.a md4_dgst.o md4_one.o
/Library/Developer/CommandLineTools/usr/bin/ranlib: file: ../../libcrypto.a(ebcdic.o) has no symbols
/Library/Developer/CommandLineTools/usr/bin/ranlib: file: ../../libcrypto.a(fips_ers.o) has no symbols
/usr/bin/ranlib ../../libcrypto.a || echo Never mind.
/Library/Developer/CommandLineTools/usr/bin/ranlib: file: ../../libcrypto.a(ebcdic.o) has no symbols
/Library/Developer/CommandLineTools/usr/bin/ranlib: file: ../../libcrypto.a(fips_ers.o) has no symbols
making all in crypto/md5...
cc -I.. -I../.. -I../modes -I../asn1 -I../evp -I../../include  -fPIC -fno-common -DOPENSSL_PIC -DOPENSSL_THREADS -D_REENTRANT -DDSO_DLFCN -DHAVE_DLFCN_H -arch i386 -O3 -fomit-frame-pointer -DL_ENDIAN -DOPENSSL_BN_ASM_PART_WORDS -DOPENSSL_IA32_SSE2 -DOPENSSL_BN_ASM_MONT -DOPENSSL_BN_ASM_GF2m -DRC4_ASM -DSHA1_ASM -DSHA256_ASM -DSHA512_ASM -DMD5_ASM -DRMD160_ASM -DAES_ASM -DVPAES_ASM -DWHIRLPOOL_ASM -DGHASH_ASM -I/opt/homebrew/opt/libxml2/include -I/opt/homebrew/opt/libxslt/include  -c -o md5_dgst.o md5_dgst.c
cc -I.. -I../.. -I../modes -I../asn1 -I../evp -I../../include  -fPIC -fno-common -DOPENSSL_PIC -DOPENSSL_THREADS -D_REENTRANT -DDSO_DLFCN -DHAVE_DLFCN_H -arch i386 -O3 -fomit-frame-pointer -DL_ENDIAN -DOPENSSL_BN_ASM_PART_WORDS -DOPENSSL_IA32_SSE2 -DOPENSSL_BN_ASM_MONT -DOPENSSL_BN_ASM_GF2m -DRC4_ASM -DSHA1_ASM -DSHA256_ASM -DSHA512_ASM -DMD5_ASM -DRMD160_ASM -DAES_ASM -DVPAES_ASM -DWHIRLPOOL_ASM -DGHASH_ASM -I/opt/homebrew/opt/libxml2/include -I/opt/homebrew/opt/libxslt/include  -c -o md5_one.o md5_one.c
/usr/bin/perl asm/md5-586.pl macosx -I.. -I../.. -I../modes -I../asn1 -I../evp -I../../include  -fPIC -fno-common -DOPENSSL_PIC -DOPENSSL_THREADS -D_REENTRANT -DDSO_DLFCN -DHAVE_DLFCN_H -arch i386 -O3 -fomit-frame-pointer -DL_ENDIAN -DOPENSSL_BN_ASM_PART_WORDS -DOPENSSL_IA32_SSE2 -DOPENSSL_BN_ASM_MONT -DOPENSSL_BN_ASM_GF2m -DRC4_ASM -DSHA1_ASM -DSHA256_ASM -DSHA512_ASM -DMD5_ASM -DRMD160_ASM -DAES_ASM -DVPAES_ASM -DWHIRLPOOL_ASM -DGHASH_ASM > md5-586.s
cc -I.. -I../.. -I../modes -I../asn1 -I../evp -I../../include  -fPIC -fno-common -DOPENSSL_PIC -DOPENSSL_THREADS -D_REENTRANT -DDSO_DLFCN -DHAVE_DLFCN_H -arch i386 -O3 -fomit-frame-pointer -DL_ENDIAN -DOPENSSL_BN_ASM_PART_WORDS -DOPENSSL_IA32_SSE2 -DOPENSSL_BN_ASM_MONT -DOPENSSL_BN_ASM_GF2m -DRC4_ASM -DSHA1_ASM -DSHA256_ASM -DSHA512_ASM -DMD5_ASM -DRMD160_ASM -DAES_ASM -DVPAES_ASM -DWHIRLPOOL_ASM -DGHASH_ASM -c  -o md5-586.o md5-586.s
ar  r ../../libcrypto.a md5_dgst.o md5_one.o md5-586.o
/Library/Developer/CommandLineTools/usr/bin/ranlib: file: ../../libcrypto.a(ebcdic.o) has no symbols
/Library/Developer/CommandLineTools/usr/bin/ranlib: file: ../../libcrypto.a(fips_ers.o) has no symbols
/usr/bin/ranlib ../../libcrypto.a || echo Never mind.
/Library/Developer/CommandLineTools/usr/bin/ranlib: file: ../../libcrypto.a(ebcdic.o) has no symbols
/Library/Developer/CommandLineTools/usr/bin/ranlib: file: ../../libcrypto.a(fips_ers.o) has no symbols
making all in crypto/sha...
cc -I.. -I../.. -I../modes -I../asn1 -I../evp -I../../include  -fPIC -fno-common -DOPENSSL_PIC -DOPENSSL_THREADS -D_REENTRANT -DDSO_DLFCN -DHAVE_DLFCN_H -arch i386 -O3 -fomit-frame-pointer -DL_ENDIAN -DOPENSSL_BN_ASM_PART_WORDS -DOPENSSL_IA32_SSE2 -DOPENSSL_BN_ASM_MONT -DOPENSSL_BN_ASM_GF2m -DRC4_ASM -DSHA1_ASM -DSHA256_ASM -DSHA512_ASM -DMD5_ASM -DRMD160_ASM -DAES_ASM -DVPAES_ASM -DWHIRLPOOL_ASM -DGHASH_ASM -I/opt/homebrew/opt/libxml2/include -I/opt/homebrew/opt/libxslt/include  -c -o sha_dgst.o sha_dgst.c
cc -I.. -I../.. -I../modes -I../asn1 -I../evp -I../../include  -fPIC -fno-common -DOPENSSL_PIC -DOPENSSL_THREADS -D_REENTRANT -DDSO_DLFCN -DHAVE_DLFCN_H -arch i386 -O3 -fomit-frame-pointer -DL_ENDIAN -DOPENSSL_BN_ASM_PART_WORDS -DOPENSSL_IA32_SSE2 -DOPENSSL_BN_ASM_MONT -DOPENSSL_BN_ASM_GF2m -DRC4_ASM -DSHA1_ASM -DSHA256_ASM -DSHA512_ASM -DMD5_ASM -DRMD160_ASM -DAES_ASM -DVPAES_ASM -DWHIRLPOOL_ASM -DGHASH_ASM -I/opt/homebrew/opt/libxml2/include -I/opt/homebrew/opt/libxslt/include  -c -o sha1dgst.o sha1dgst.c
cc -I.. -I../.. -I../modes -I../asn1 -I../evp -I../../include  -fPIC -fno-common -DOPENSSL_PIC -DOPENSSL_THREADS -D_REENTRANT -DDSO_DLFCN -DHAVE_DLFCN_H -arch i386 -O3 -fomit-frame-pointer -DL_ENDIAN -DOPENSSL_BN_ASM_PART_WORDS -DOPENSSL_IA32_SSE2 -DOPENSSL_BN_ASM_MONT -DOPENSSL_BN_ASM_GF2m -DRC4_ASM -DSHA1_ASM -DSHA256_ASM -DSHA512_ASM -DMD5_ASM -DRMD160_ASM -DAES_ASM -DVPAES_ASM -DWHIRLPOOL_ASM -DGHASH_ASM -I/opt/homebrew/opt/libxml2/include -I/opt/homebrew/opt/libxslt/include  -c -o sha_one.o sha_one.c
cc -I.. -I../.. -I../modes -I../asn1 -I../evp -I../../include  -fPIC -fno-common -DOPENSSL_PIC -DOPENSSL_THREADS -D_REENTRANT -DDSO_DLFCN -DHAVE_DLFCN_H -arch i386 -O3 -fomit-frame-pointer -DL_ENDIAN -DOPENSSL_BN_ASM_PART_WORDS -DOPENSSL_IA32_SSE2 -DOPENSSL_BN_ASM_MONT -DOPENSSL_BN_ASM_GF2m -DRC4_ASM -DSHA1_ASM -DSHA256_ASM -DSHA512_ASM -DMD5_ASM -DRMD160_ASM -DAES_ASM -DVPAES_ASM -DWHIRLPOOL_ASM -DGHASH_ASM -I/opt/homebrew/opt/libxml2/include -I/opt/homebrew/opt/libxslt/include  -c -o sha1_one.o sha1_one.c
cc -I.. -I../.. -I../modes -I../asn1 -I../evp -I../../include  -fPIC -fno-common -DOPENSSL_PIC -DOPENSSL_THREADS -D_REENTRANT -DDSO_DLFCN -DHAVE_DLFCN_H -arch i386 -O3 -fomit-frame-pointer -DL_ENDIAN -DOPENSSL_BN_ASM_PART_WORDS -DOPENSSL_IA32_SSE2 -DOPENSSL_BN_ASM_MONT -DOPENSSL_BN_ASM_GF2m -DRC4_ASM -DSHA1_ASM -DSHA256_ASM -DSHA512_ASM -DMD5_ASM -DRMD160_ASM -DAES_ASM -DVPAES_ASM -DWHIRLPOOL_ASM -DGHASH_ASM -I/opt/homebrew/opt/libxml2/include -I/opt/homebrew/opt/libxslt/include  -c -o sha256.o sha256.c
cc -I.. -I../.. -I../modes -I../asn1 -I../evp -I../../include  -fPIC -fno-common -DOPENSSL_PIC -DOPENSSL_THREADS -D_REENTRANT -DDSO_DLFCN -DHAVE_DLFCN_H -arch i386 -O3 -fomit-frame-pointer -DL_ENDIAN -DOPENSSL_BN_ASM_PART_WORDS -DOPENSSL_IA32_SSE2 -DOPENSSL_BN_ASM_MONT -DOPENSSL_BN_ASM_GF2m -DRC4_ASM -DSHA1_ASM -DSHA256_ASM -DSHA512_ASM -DMD5_ASM -DRMD160_ASM -DAES_ASM -DVPAES_ASM -DWHIRLPOOL_ASM -DGHASH_ASM -I/opt/homebrew/opt/libxml2/include -I/opt/homebrew/opt/libxslt/include  -c -o sha512.o sha512.c
/usr/bin/perl asm/sha1-586.pl macosx -I.. -I../.. -I../modes -I../asn1 -I../evp -I../../include  -fPIC -fno-common -DOPENSSL_PIC -DOPENSSL_THREADS -D_REENTRANT -DDSO_DLFCN -DHAVE_DLFCN_H -arch i386 -O3 -fomit-frame-pointer -DL_ENDIAN -DOPENSSL_BN_ASM_PART_WORDS -DOPENSSL_IA32_SSE2 -DOPENSSL_BN_ASM_MONT -DOPENSSL_BN_ASM_GF2m -DRC4_ASM -DSHA1_ASM -DSHA256_ASM -DSHA512_ASM -DMD5_ASM -DRMD160_ASM -DAES_ASM -DVPAES_ASM -DWHIRLPOOL_ASM -DGHASH_ASM  > sha1-586.s
/usr/bin/perl asm/sha256-586.pl macosx -I.. -I../.. -I../modes -I../asn1 -I../evp -I../../include  -fPIC -fno-common -DOPENSSL_PIC -DOPENSSL_THREADS -D_REENTRANT -DDSO_DLFCN -DHAVE_DLFCN_H -arch i386 -O3 -fomit-frame-pointer -DL_ENDIAN -DOPENSSL_BN_ASM_PART_WORDS -DOPENSSL_IA32_SSE2 -DOPENSSL_BN_ASM_MONT -DOPENSSL_BN_ASM_GF2m -DRC4_ASM -DSHA1_ASM -DSHA256_ASM -DSHA512_ASM -DMD5_ASM -DRMD160_ASM -DAES_ASM -DVPAES_ASM -DWHIRLPOOL_ASM -DGHASH_ASM  > sha256-586.s
/usr/bin/perl asm/sha512-586.pl macosx -I.. -I../.. -I../modes -I../asn1 -I../evp -I../../include  -fPIC -fno-common -DOPENSSL_PIC -DOPENSSL_THREADS -D_REENTRANT -DDSO_DLFCN -DHAVE_DLFCN_H -arch i386 -O3 -fomit-frame-pointer -DL_ENDIAN -DOPENSSL_BN_ASM_PART_WORDS -DOPENSSL_IA32_SSE2 -DOPENSSL_BN_ASM_MONT -DOPENSSL_BN_ASM_GF2m -DRC4_ASM -DSHA1_ASM -DSHA256_ASM -DSHA512_ASM -DMD5_ASM -DRMD160_ASM -DAES_ASM -DVPAES_ASM -DWHIRLPOOL_ASM -DGHASH_ASM  > sha512-586.s
cc -I.. -I../.. -I../modes -I../asn1 -I../evp -I../../include  -fPIC -fno-common -DOPENSSL_PIC -DOPENSSL_THREADS -D_REENTRANT -DDSO_DLFCN -DHAVE_DLFCN_H -arch i386 -O3 -fomit-frame-pointer -DL_ENDIAN -DOPENSSL_BN_ASM_PART_WORDS -DOPENSSL_IA32_SSE2 -DOPENSSL_BN_ASM_MONT -DOPENSSL_BN_ASM_GF2m -DRC4_ASM -DSHA1_ASM -DSHA256_ASM -DSHA512_ASM -DMD5_ASM -DRMD160_ASM -DAES_ASM -DVPAES_ASM -DWHIRLPOOL_ASM -DGHASH_ASM -c  -o sha512-586.o sha512-586.s
cc -I.. -I../.. -I../modes -I../asn1 -I../evp -I../../include  -fPIC -fno-common -DOPENSSL_PIC -DOPENSSL_THREADS -D_REENTRANT -DDSO_DLFCN -DHAVE_DLFCN_H -arch i386 -O3 -fomit-frame-pointer -DL_ENDIAN -DOPENSSL_BN_ASM_PART_WORDS -DOPENSSL_IA32_SSE2 -DOPENSSL_BN_ASM_MONT -DOPENSSL_BN_ASM_GF2m -DRC4_ASM -DSHA1_ASM -DSHA256_ASM -DSHA512_ASM -DMD5_ASM -DRMD160_ASM -DAES_ASM -DVPAES_ASM -DWHIRLPOOL_ASM -DGHASH_ASM -c  -o sha1-586.o sha1-586.s
cc -I.. -I../.. -I../modes -I../asn1 -I../evp -I../../include  -fPIC -fno-common -DOPENSSL_PIC -DOPENSSL_THREADS -D_REENTRANT -DDSO_DLFCN -DHAVE_DLFCN_H -arch i386 -O3 -fomit-frame-pointer -DL_ENDIAN -DOPENSSL_BN_ASM_PART_WORDS -DOPENSSL_IA32_SSE2 -DOPENSSL_BN_ASM_MONT -DOPENSSL_BN_ASM_GF2m -DRC4_ASM -DSHA1_ASM -DSHA256_ASM -DSHA512_ASM -DMD5_ASM -DRMD160_ASM -DAES_ASM -DVPAES_ASM -DWHIRLPOOL_ASM -DGHASH_ASM -c  -o sha256-586.o sha256-586.s
ar  r ../../libcrypto.a sha_dgst.o sha1dgst.o sha_one.o sha1_one.o sha256.o sha512.o sha1-586.o sha256-586.o sha512-586.o
/Library/Developer/CommandLineTools/usr/bin/ranlib: file: ../../libcrypto.a(ebcdic.o) has no symbols
/Library/Developer/CommandLineTools/usr/bin/ranlib: file: ../../libcrypto.a(fips_ers.o) has no symbols
/usr/bin/ranlib ../../libcrypto.a || echo Never mind.
/Library/Developer/CommandLineTools/usr/bin/ranlib: file: ../../libcrypto.a(ebcdic.o) has no symbols
/Library/Developer/CommandLineTools/usr/bin/ranlib: file: ../../libcrypto.a(fips_ers.o) has no symbols
making all in crypto/mdc2...
cc -I.. -I../.. -I../modes -I../asn1 -I../evp -I../../include  -fPIC -fno-common -DOPENSSL_PIC -DOPENSSL_THREADS -D_REENTRANT -DDSO_DLFCN -DHAVE_DLFCN_H -arch i386 -O3 -fomit-frame-pointer -DL_ENDIAN -DOPENSSL_BN_ASM_PART_WORDS -DOPENSSL_IA32_SSE2 -DOPENSSL_BN_ASM_MONT -DOPENSSL_BN_ASM_GF2m -DRC4_ASM -DSHA1_ASM -DSHA256_ASM -DSHA512_ASM -DMD5_ASM -DRMD160_ASM -DAES_ASM -DVPAES_ASM -DWHIRLPOOL_ASM -DGHASH_ASM -I/opt/homebrew/opt/libxml2/include -I/opt/homebrew/opt/libxslt/include  -c -o mdc2dgst.o mdc2dgst.c
cc -I.. -I../.. -I../modes -I../asn1 -I../evp -I../../include  -fPIC -fno-common -DOPENSSL_PIC -DOPENSSL_THREADS -D_REENTRANT -DDSO_DLFCN -DHAVE_DLFCN_H -arch i386 -O3 -fomit-frame-pointer -DL_ENDIAN -DOPENSSL_BN_ASM_PART_WORDS -DOPENSSL_IA32_SSE2 -DOPENSSL_BN_ASM_MONT -DOPENSSL_BN_ASM_GF2m -DRC4_ASM -DSHA1_ASM -DSHA256_ASM -DSHA512_ASM -DMD5_ASM -DRMD160_ASM -DAES_ASM -DVPAES_ASM -DWHIRLPOOL_ASM -DGHASH_ASM -I/opt/homebrew/opt/libxml2/include -I/opt/homebrew/opt/libxslt/include  -c -o mdc2_one.o mdc2_one.c
ar  r ../../libcrypto.a mdc2dgst.o mdc2_one.o
/Library/Developer/CommandLineTools/usr/bin/ranlib: file: ../../libcrypto.a(ebcdic.o) has no symbols
/Library/Developer/CommandLineTools/usr/bin/ranlib: file: ../../libcrypto.a(fips_ers.o) has no symbols
/usr/bin/ranlib ../../libcrypto.a || echo Never mind.
/Library/Developer/CommandLineTools/usr/bin/ranlib: file: ../../libcrypto.a(ebcdic.o) has no symbols
/Library/Developer/CommandLineTools/usr/bin/ranlib: file: ../../libcrypto.a(fips_ers.o) has no symbols
making all in crypto/hmac...
cc -I.. -I../.. -I../modes -I../asn1 -I../evp -I../../include  -fPIC -fno-common -DOPENSSL_PIC -DOPENSSL_THREADS -D_REENTRANT -DDSO_DLFCN -DHAVE_DLFCN_H -arch i386 -O3 -fomit-frame-pointer -DL_ENDIAN -DOPENSSL_BN_ASM_PART_WORDS -DOPENSSL_IA32_SSE2 -DOPENSSL_BN_ASM_MONT -DOPENSSL_BN_ASM_GF2m -DRC4_ASM -DSHA1_ASM -DSHA256_ASM -DSHA512_ASM -DMD5_ASM -DRMD160_ASM -DAES_ASM -DVPAES_ASM -DWHIRLPOOL_ASM -DGHASH_ASM -I/opt/homebrew/opt/libxml2/include -I/opt/homebrew/opt/libxslt/include  -c -o hmac.o hmac.c
cc -I.. -I../.. -I../modes -I../asn1 -I../evp -I../../include  -fPIC -fno-common -DOPENSSL_PIC -DOPENSSL_THREADS -D_REENTRANT -DDSO_DLFCN -DHAVE_DLFCN_H -arch i386 -O3 -fomit-frame-pointer -DL_ENDIAN -DOPENSSL_BN_ASM_PART_WORDS -DOPENSSL_IA32_SSE2 -DOPENSSL_BN_ASM_MONT -DOPENSSL_BN_ASM_GF2m -DRC4_ASM -DSHA1_ASM -DSHA256_ASM -DSHA512_ASM -DMD5_ASM -DRMD160_ASM -DAES_ASM -DVPAES_ASM -DWHIRLPOOL_ASM -DGHASH_ASM -I/opt/homebrew/opt/libxml2/include -I/opt/homebrew/opt/libxslt/include  -c -o hm_ameth.o hm_ameth.c
cc -I.. -I../.. -I../modes -I../asn1 -I../evp -I../../include  -fPIC -fno-common -DOPENSSL_PIC -DOPENSSL_THREADS -D_REENTRANT -DDSO_DLFCN -DHAVE_DLFCN_H -arch i386 -O3 -fomit-frame-pointer -DL_ENDIAN -DOPENSSL_BN_ASM_PART_WORDS -DOPENSSL_IA32_SSE2 -DOPENSSL_BN_ASM_MONT -DOPENSSL_BN_ASM_GF2m -DRC4_ASM -DSHA1_ASM -DSHA256_ASM -DSHA512_ASM -DMD5_ASM -DRMD160_ASM -DAES_ASM -DVPAES_ASM -DWHIRLPOOL_ASM -DGHASH_ASM -I/opt/homebrew/opt/libxml2/include -I/opt/homebrew/opt/libxslt/include  -c -o hm_pmeth.o hm_pmeth.c
ar  r ../../libcrypto.a hmac.o hm_ameth.o hm_pmeth.o
/Library/Developer/CommandLineTools/usr/bin/ranlib: file: ../../libcrypto.a(ebcdic.o) has no symbols
/Library/Developer/CommandLineTools/usr/bin/ranlib: file: ../../libcrypto.a(fips_ers.o) has no symbols
/usr/bin/ranlib ../../libcrypto.a || echo Never mind.
/Library/Developer/CommandLineTools/usr/bin/ranlib: file: ../../libcrypto.a(ebcdic.o) has no symbols
/Library/Developer/CommandLineTools/usr/bin/ranlib: file: ../../libcrypto.a(fips_ers.o) has no symbols
making all in crypto/ripemd...
cc -I.. -I../.. -I../modes -I../asn1 -I../evp -I../../include  -fPIC -fno-common -DOPENSSL_PIC -DOPENSSL_THREADS -D_REENTRANT -DDSO_DLFCN -DHAVE_DLFCN_H -arch i386 -O3 -fomit-frame-pointer -DL_ENDIAN -DOPENSSL_BN_ASM_PART_WORDS -DOPENSSL_IA32_SSE2 -DOPENSSL_BN_ASM_MONT -DOPENSSL_BN_ASM_GF2m -DRC4_ASM -DSHA1_ASM -DSHA256_ASM -DSHA512_ASM -DMD5_ASM -DRMD160_ASM -DAES_ASM -DVPAES_ASM -DWHIRLPOOL_ASM -DGHASH_ASM -I/opt/homebrew/opt/libxml2/include -I/opt/homebrew/opt/libxslt/include  -c -o rmd_dgst.o rmd_dgst.c
cc -I.. -I../.. -I../modes -I../asn1 -I../evp -I../../include  -fPIC -fno-common -DOPENSSL_PIC -DOPENSSL_THREADS -D_REENTRANT -DDSO_DLFCN -DHAVE_DLFCN_H -arch i386 -O3 -fomit-frame-pointer -DL_ENDIAN -DOPENSSL_BN_ASM_PART_WORDS -DOPENSSL_IA32_SSE2 -DOPENSSL_BN_ASM_MONT -DOPENSSL_BN_ASM_GF2m -DRC4_ASM -DSHA1_ASM -DSHA256_ASM -DSHA512_ASM -DMD5_ASM -DRMD160_ASM -DAES_ASM -DVPAES_ASM -DWHIRLPOOL_ASM -DGHASH_ASM -I/opt/homebrew/opt/libxml2/include -I/opt/homebrew/opt/libxslt/include  -c -o rmd_one.o rmd_one.c
/usr/bin/perl asm/rmd-586.pl macosx -I.. -I../.. -I../modes -I../asn1 -I../evp -I../../include  -fPIC -fno-common -DOPENSSL_PIC -DOPENSSL_THREADS -D_REENTRANT -DDSO_DLFCN -DHAVE_DLFCN_H -arch i386 -O3 -fomit-frame-pointer -DL_ENDIAN -DOPENSSL_BN_ASM_PART_WORDS -DOPENSSL_IA32_SSE2 -DOPENSSL_BN_ASM_MONT -DOPENSSL_BN_ASM_GF2m -DRC4_ASM -DSHA1_ASM -DSHA256_ASM -DSHA512_ASM -DMD5_ASM -DRMD160_ASM -DAES_ASM -DVPAES_ASM -DWHIRLPOOL_ASM -DGHASH_ASM > rmd-586.s
cc -I.. -I../.. -I../modes -I../asn1 -I../evp -I../../include  -fPIC -fno-common -DOPENSSL_PIC -DOPENSSL_THREADS -D_REENTRANT -DDSO_DLFCN -DHAVE_DLFCN_H -arch i386 -O3 -fomit-frame-pointer -DL_ENDIAN -DOPENSSL_BN_ASM_PART_WORDS -DOPENSSL_IA32_SSE2 -DOPENSSL_BN_ASM_MONT -DOPENSSL_BN_ASM_GF2m -DRC4_ASM -DSHA1_ASM -DSHA256_ASM -DSHA512_ASM -DMD5_ASM -DRMD160_ASM -DAES_ASM -DVPAES_ASM -DWHIRLPOOL_ASM -DGHASH_ASM -c  -o rmd-586.o rmd-586.s
ar  r ../../libcrypto.a rmd_dgst.o rmd_one.o rmd-586.o
/Library/Developer/CommandLineTools/usr/bin/ranlib: file: ../../libcrypto.a(ebcdic.o) has no symbols
/Library/Developer/CommandLineTools/usr/bin/ranlib: file: ../../libcrypto.a(fips_ers.o) has no symbols
/usr/bin/ranlib ../../libcrypto.a || echo Never mind.
/Library/Developer/CommandLineTools/usr/bin/ranlib: file: ../../libcrypto.a(ebcdic.o) has no symbols
/Library/Developer/CommandLineTools/usr/bin/ranlib: file: ../../libcrypto.a(fips_ers.o) has no symbols
making all in crypto/whrlpool...
cc -I.. -I../.. -I../modes -I../asn1 -I../evp -I../../include  -fPIC -fno-common -DOPENSSL_PIC -DOPENSSL_THREADS -D_REENTRANT -DDSO_DLFCN -DHAVE_DLFCN_H -arch i386 -O3 -fomit-frame-pointer -DL_ENDIAN -DOPENSSL_BN_ASM_PART_WORDS -DOPENSSL_IA32_SSE2 -DOPENSSL_BN_ASM_MONT -DOPENSSL_BN_ASM_GF2m -DRC4_ASM -DSHA1_ASM -DSHA256_ASM -DSHA512_ASM -DMD5_ASM -DRMD160_ASM -DAES_ASM -DVPAES_ASM -DWHIRLPOOL_ASM -DGHASH_ASM -I/opt/homebrew/opt/libxml2/include -I/opt/homebrew/opt/libxslt/include  -c -o wp_dgst.o wp_dgst.c
cc -I.. -I../.. -I../modes -I../asn1 -I../evp -I../../include  -fPIC -fno-common -DOPENSSL_PIC -DOPENSSL_THREADS -D_REENTRANT -DDSO_DLFCN -DHAVE_DLFCN_H -arch i386 -O3 -fomit-frame-pointer -DL_ENDIAN -DOPENSSL_BN_ASM_PART_WORDS -DOPENSSL_IA32_SSE2 -DOPENSSL_BN_ASM_MONT -DOPENSSL_BN_ASM_GF2m -DRC4_ASM -DSHA1_ASM -DSHA256_ASM -DSHA512_ASM -DMD5_ASM -DRMD160_ASM -DAES_ASM -DVPAES_ASM -DWHIRLPOOL_ASM -DGHASH_ASM -I/opt/homebrew/opt/libxml2/include -I/opt/homebrew/opt/libxslt/include  -c -o wp_block.o wp_block.c
/usr/bin/perl asm/wp-mmx.pl macosx -I.. -I../.. -I../modes -I../asn1 -I../evp -I../../include  -fPIC -fno-common -DOPENSSL_PIC -DOPENSSL_THREADS -D_REENTRANT -DDSO_DLFCN -DHAVE_DLFCN_H -arch i386 -O3 -fomit-frame-pointer -DL_ENDIAN -DOPENSSL_BN_ASM_PART_WORDS -DOPENSSL_IA32_SSE2 -DOPENSSL_BN_ASM_MONT -DOPENSSL_BN_ASM_GF2m -DRC4_ASM -DSHA1_ASM -DSHA256_ASM -DSHA512_ASM -DMD5_ASM -DRMD160_ASM -DAES_ASM -DVPAES_ASM -DWHIRLPOOL_ASM -DGHASH_ASM  > wp-mmx.s
cc -I.. -I../.. -I../modes -I../asn1 -I../evp -I../../include  -fPIC -fno-common -DOPENSSL_PIC -DOPENSSL_THREADS -D_REENTRANT -DDSO_DLFCN -DHAVE_DLFCN_H -arch i386 -O3 -fomit-frame-pointer -DL_ENDIAN -DOPENSSL_BN_ASM_PART_WORDS -DOPENSSL_IA32_SSE2 -DOPENSSL_BN_ASM_MONT -DOPENSSL_BN_ASM_GF2m -DRC4_ASM -DSHA1_ASM -DSHA256_ASM -DSHA512_ASM -DMD5_ASM -DRMD160_ASM -DAES_ASM -DVPAES_ASM -DWHIRLPOOL_ASM -DGHASH_ASM -c  -o wp-mmx.o wp-mmx.s
ar  r ../../libcrypto.a wp_dgst.o wp_block.o wp-mmx.o
/Library/Developer/CommandLineTools/usr/bin/ranlib: file: ../../libcrypto.a(ebcdic.o) has no symbols
/Library/Developer/CommandLineTools/usr/bin/ranlib: file: ../../libcrypto.a(fips_ers.o) has no symbols
/usr/bin/ranlib ../../libcrypto.a || echo Never mind.
/Library/Developer/CommandLineTools/usr/bin/ranlib: file: ../../libcrypto.a(ebcdic.o) has no symbols
/Library/Developer/CommandLineTools/usr/bin/ranlib: file: ../../libcrypto.a(fips_ers.o) has no symbols
making all in crypto/des...
cc -I.. -I../.. -I../modes -I../asn1 -I../evp -I../../include  -fPIC -fno-common -DOPENSSL_PIC -DOPENSSL_THREADS -D_REENTRANT -DDSO_DLFCN -DHAVE_DLFCN_H -arch i386 -O3 -fomit-frame-pointer -DL_ENDIAN -DOPENSSL_BN_ASM_PART_WORDS -DOPENSSL_IA32_SSE2 -DOPENSSL_BN_ASM_MONT -DOPENSSL_BN_ASM_GF2m -DRC4_ASM -DSHA1_ASM -DSHA256_ASM -DSHA512_ASM -DMD5_ASM -DRMD160_ASM -DAES_ASM -DVPAES_ASM -DWHIRLPOOL_ASM -DGHASH_ASM -I/opt/homebrew/opt/libxml2/include -I/opt/homebrew/opt/libxslt/include  -c -o set_key.o set_key.c
cc -I.. -I../.. -I../modes -I../asn1 -I../evp -I../../include  -fPIC -fno-common -DOPENSSL_PIC -DOPENSSL_THREADS -D_REENTRANT -DDSO_DLFCN -DHAVE_DLFCN_H -arch i386 -O3 -fomit-frame-pointer -DL_ENDIAN -DOPENSSL_BN_ASM_PART_WORDS -DOPENSSL_IA32_SSE2 -DOPENSSL_BN_ASM_MONT -DOPENSSL_BN_ASM_GF2m -DRC4_ASM -DSHA1_ASM -DSHA256_ASM -DSHA512_ASM -DMD5_ASM -DRMD160_ASM -DAES_ASM -DVPAES_ASM -DWHIRLPOOL_ASM -DGHASH_ASM -I/opt/homebrew/opt/libxml2/include -I/opt/homebrew/opt/libxslt/include  -c -o ecb_enc.o ecb_enc.c
cc -I.. -I../.. -I../modes -I../asn1 -I../evp -I../../include  -fPIC -fno-common -DOPENSSL_PIC -DOPENSSL_THREADS -D_REENTRANT -DDSO_DLFCN -DHAVE_DLFCN_H -arch i386 -O3 -fomit-frame-pointer -DL_ENDIAN -DOPENSSL_BN_ASM_PART_WORDS -DOPENSSL_IA32_SSE2 -DOPENSSL_BN_ASM_MONT -DOPENSSL_BN_ASM_GF2m -DRC4_ASM -DSHA1_ASM -DSHA256_ASM -DSHA512_ASM -DMD5_ASM -DRMD160_ASM -DAES_ASM -DVPAES_ASM -DWHIRLPOOL_ASM -DGHASH_ASM -I/opt/homebrew/opt/libxml2/include -I/opt/homebrew/opt/libxslt/include  -c -o cbc_enc.o cbc_enc.c
cc -I.. -I../.. -I../modes -I../asn1 -I../evp -I../../include  -fPIC -fno-common -DOPENSSL_PIC -DOPENSSL_THREADS -D_REENTRANT -DDSO_DLFCN -DHAVE_DLFCN_H -arch i386 -O3 -fomit-frame-pointer -DL_ENDIAN -DOPENSSL_BN_ASM_PART_WORDS -DOPENSSL_IA32_SSE2 -DOPENSSL_BN_ASM_MONT -DOPENSSL_BN_ASM_GF2m -DRC4_ASM -DSHA1_ASM -DSHA256_ASM -DSHA512_ASM -DMD5_ASM -DRMD160_ASM -DAES_ASM -DVPAES_ASM -DWHIRLPOOL_ASM -DGHASH_ASM -I/opt/homebrew/opt/libxml2/include -I/opt/homebrew/opt/libxslt/include  -c -o ecb3_enc.o ecb3_enc.c
cc -I.. -I../.. -I../modes -I../asn1 -I../evp -I../../include  -fPIC -fno-common -DOPENSSL_PIC -DOPENSSL_THREADS -D_REENTRANT -DDSO_DLFCN -DHAVE_DLFCN_H -arch i386 -O3 -fomit-frame-pointer -DL_ENDIAN -DOPENSSL_BN_ASM_PART_WORDS -DOPENSSL_IA32_SSE2 -DOPENSSL_BN_ASM_MONT -DOPENSSL_BN_ASM_GF2m -DRC4_ASM -DSHA1_ASM -DSHA256_ASM -DSHA512_ASM -DMD5_ASM -DRMD160_ASM -DAES_ASM -DVPAES_ASM -DWHIRLPOOL_ASM -DGHASH_ASM -I/opt/homebrew/opt/libxml2/include -I/opt/homebrew/opt/libxslt/include  -c -o cfb64enc.o cfb64enc.c
cc -I.. -I../.. -I../modes -I../asn1 -I../evp -I../../include  -fPIC -fno-common -DOPENSSL_PIC -DOPENSSL_THREADS -D_REENTRANT -DDSO_DLFCN -DHAVE_DLFCN_H -arch i386 -O3 -fomit-frame-pointer -DL_ENDIAN -DOPENSSL_BN_ASM_PART_WORDS -DOPENSSL_IA32_SSE2 -DOPENSSL_BN_ASM_MONT -DOPENSSL_BN_ASM_GF2m -DRC4_ASM -DSHA1_ASM -DSHA256_ASM -DSHA512_ASM -DMD5_ASM -DRMD160_ASM -DAES_ASM -DVPAES_ASM -DWHIRLPOOL_ASM -DGHASH_ASM -I/opt/homebrew/opt/libxml2/include -I/opt/homebrew/opt/libxslt/include  -c -o cfb64ede.o cfb64ede.c
cc -I.. -I../.. -I../modes -I../asn1 -I../evp -I../../include  -fPIC -fno-common -DOPENSSL_PIC -DOPENSSL_THREADS -D_REENTRANT -DDSO_DLFCN -DHAVE_DLFCN_H -arch i386 -O3 -fomit-frame-pointer -DL_ENDIAN -DOPENSSL_BN_ASM_PART_WORDS -DOPENSSL_IA32_SSE2 -DOPENSSL_BN_ASM_MONT -DOPENSSL_BN_ASM_GF2m -DRC4_ASM -DSHA1_ASM -DSHA256_ASM -DSHA512_ASM -DMD5_ASM -DRMD160_ASM -DAES_ASM -DVPAES_ASM -DWHIRLPOOL_ASM -DGHASH_ASM -I/opt/homebrew/opt/libxml2/include -I/opt/homebrew/opt/libxslt/include  -c -o cfb_enc.o cfb_enc.c
cc -I.. -I../.. -I../modes -I../asn1 -I../evp -I../../include  -fPIC -fno-common -DOPENSSL_PIC -DOPENSSL_THREADS -D_REENTRANT -DDSO_DLFCN -DHAVE_DLFCN_H -arch i386 -O3 -fomit-frame-pointer -DL_ENDIAN -DOPENSSL_BN_ASM_PART_WORDS -DOPENSSL_IA32_SSE2 -DOPENSSL_BN_ASM_MONT -DOPENSSL_BN_ASM_GF2m -DRC4_ASM -DSHA1_ASM -DSHA256_ASM -DSHA512_ASM -DMD5_ASM -DRMD160_ASM -DAES_ASM -DVPAES_ASM -DWHIRLPOOL_ASM -DGHASH_ASM -I/opt/homebrew/opt/libxml2/include -I/opt/homebrew/opt/libxslt/include  -c -o ofb64ede.o ofb64ede.c
cc -I.. -I../.. -I../modes -I../asn1 -I../evp -I../../include  -fPIC -fno-common -DOPENSSL_PIC -DOPENSSL_THREADS -D_REENTRANT -DDSO_DLFCN -DHAVE_DLFCN_H -arch i386 -O3 -fomit-frame-pointer -DL_ENDIAN -DOPENSSL_BN_ASM_PART_WORDS -DOPENSSL_IA32_SSE2 -DOPENSSL_BN_ASM_MONT -DOPENSSL_BN_ASM_GF2m -DRC4_ASM -DSHA1_ASM -DSHA256_ASM -DSHA512_ASM -DMD5_ASM -DRMD160_ASM -DAES_ASM -DVPAES_ASM -DWHIRLPOOL_ASM -DGHASH_ASM -I/opt/homebrew/opt/libxml2/include -I/opt/homebrew/opt/libxslt/include  -c -o enc_read.o enc_read.c
cc -I.. -I../.. -I../modes -I../asn1 -I../evp -I../../include  -fPIC -fno-common -DOPENSSL_PIC -DOPENSSL_THREADS -D_REENTRANT -DDSO_DLFCN -DHAVE_DLFCN_H -arch i386 -O3 -fomit-frame-pointer -DL_ENDIAN -DOPENSSL_BN_ASM_PART_WORDS -DOPENSSL_IA32_SSE2 -DOPENSSL_BN_ASM_MONT -DOPENSSL_BN_ASM_GF2m -DRC4_ASM -DSHA1_ASM -DSHA256_ASM -DSHA512_ASM -DMD5_ASM -DRMD160_ASM -DAES_ASM -DVPAES_ASM -DWHIRLPOOL_ASM -DGHASH_ASM -I/opt/homebrew/opt/libxml2/include -I/opt/homebrew/opt/libxslt/include  -c -o enc_writ.o enc_writ.c
cc -I.. -I../.. -I../modes -I../asn1 -I../evp -I../../include  -fPIC -fno-common -DOPENSSL_PIC -DOPENSSL_THREADS -D_REENTRANT -DDSO_DLFCN -DHAVE_DLFCN_H -arch i386 -O3 -fomit-frame-pointer -DL_ENDIAN -DOPENSSL_BN_ASM_PART_WORDS -DOPENSSL_IA32_SSE2 -DOPENSSL_BN_ASM_MONT -DOPENSSL_BN_ASM_GF2m -DRC4_ASM -DSHA1_ASM -DSHA256_ASM -DSHA512_ASM -DMD5_ASM -DRMD160_ASM -DAES_ASM -DVPAES_ASM -DWHIRLPOOL_ASM -DGHASH_ASM -I/opt/homebrew/opt/libxml2/include -I/opt/homebrew/opt/libxslt/include  -c -o ofb64enc.o ofb64enc.c
cc -I.. -I../.. -I../modes -I../asn1 -I../evp -I../../include  -fPIC -fno-common -DOPENSSL_PIC -DOPENSSL_THREADS -D_REENTRANT -DDSO_DLFCN -DHAVE_DLFCN_H -arch i386 -O3 -fomit-frame-pointer -DL_ENDIAN -DOPENSSL_BN_ASM_PART_WORDS -DOPENSSL_IA32_SSE2 -DOPENSSL_BN_ASM_MONT -DOPENSSL_BN_ASM_GF2m -DRC4_ASM -DSHA1_ASM -DSHA256_ASM -DSHA512_ASM -DMD5_ASM -DRMD160_ASM -DAES_ASM -DVPAES_ASM -DWHIRLPOOL_ASM -DGHASH_ASM -I/opt/homebrew/opt/libxml2/include -I/opt/homebrew/opt/libxslt/include  -c -o ofb_enc.o ofb_enc.c
cc -I.. -I../.. -I../modes -I../asn1 -I../evp -I../../include  -fPIC -fno-common -DOPENSSL_PIC -DOPENSSL_THREADS -D_REENTRANT -DDSO_DLFCN -DHAVE_DLFCN_H -arch i386 -O3 -fomit-frame-pointer -DL_ENDIAN -DOPENSSL_BN_ASM_PART_WORDS -DOPENSSL_IA32_SSE2 -DOPENSSL_BN_ASM_MONT -DOPENSSL_BN_ASM_GF2m -DRC4_ASM -DSHA1_ASM -DSHA256_ASM -DSHA512_ASM -DMD5_ASM -DRMD160_ASM -DAES_ASM -DVPAES_ASM -DWHIRLPOOL_ASM -DGHASH_ASM -I/opt/homebrew/opt/libxml2/include -I/opt/homebrew/opt/libxslt/include  -c -o str2key.o str2key.c
cc -I.. -I../.. -I../modes -I../asn1 -I../evp -I../../include  -fPIC -fno-common -DOPENSSL_PIC -DOPENSSL_THREADS -D_REENTRANT -DDSO_DLFCN -DHAVE_DLFCN_H -arch i386 -O3 -fomit-frame-pointer -DL_ENDIAN -DOPENSSL_BN_ASM_PART_WORDS -DOPENSSL_IA32_SSE2 -DOPENSSL_BN_ASM_MONT -DOPENSSL_BN_ASM_GF2m -DRC4_ASM -DSHA1_ASM -DSHA256_ASM -DSHA512_ASM -DMD5_ASM -DRMD160_ASM -DAES_ASM -DVPAES_ASM -DWHIRLPOOL_ASM -DGHASH_ASM -I/opt/homebrew/opt/libxml2/include -I/opt/homebrew/opt/libxslt/include  -c -o pcbc_enc.o pcbc_enc.c
cc -I.. -I../.. -I../modes -I../asn1 -I../evp -I../../include  -fPIC -fno-common -DOPENSSL_PIC -DOPENSSL_THREADS -D_REENTRANT -DDSO_DLFCN -DHAVE_DLFCN_H -arch i386 -O3 -fomit-frame-pointer -DL_ENDIAN -DOPENSSL_BN_ASM_PART_WORDS -DOPENSSL_IA32_SSE2 -DOPENSSL_BN_ASM_MONT -DOPENSSL_BN_ASM_GF2m -DRC4_ASM -DSHA1_ASM -DSHA256_ASM -DSHA512_ASM -DMD5_ASM -DRMD160_ASM -DAES_ASM -DVPAES_ASM -DWHIRLPOOL_ASM -DGHASH_ASM -I/opt/homebrew/opt/libxml2/include -I/opt/homebrew/opt/libxslt/include  -c -o qud_cksm.o qud_cksm.c
cc -I.. -I../.. -I../modes -I../asn1 -I../evp -I../../include  -fPIC -fno-common -DOPENSSL_PIC -DOPENSSL_THREADS -D_REENTRANT -DDSO_DLFCN -DHAVE_DLFCN_H -arch i386 -O3 -fomit-frame-pointer -DL_ENDIAN -DOPENSSL_BN_ASM_PART_WORDS -DOPENSSL_IA32_SSE2 -DOPENSSL_BN_ASM_MONT -DOPENSSL_BN_ASM_GF2m -DRC4_ASM -DSHA1_ASM -DSHA256_ASM -DSHA512_ASM -DMD5_ASM -DRMD160_ASM -DAES_ASM -DVPAES_ASM -DWHIRLPOOL_ASM -DGHASH_ASM -I/opt/homebrew/opt/libxml2/include -I/opt/homebrew/opt/libxslt/include  -c -o rand_key.o rand_key.c
/usr/bin/perl asm/des-586.pl macosx -I.. -I../.. -I../modes -I../asn1 -I../evp -I../../include  -fPIC -fno-common -DOPENSSL_PIC -DOPENSSL_THREADS -D_REENTRANT -DDSO_DLFCN -DHAVE_DLFCN_H -arch i386 -O3 -fomit-frame-pointer -DL_ENDIAN -DOPENSSL_BN_ASM_PART_WORDS -DOPENSSL_IA32_SSE2 -DOPENSSL_BN_ASM_MONT -DOPENSSL_BN_ASM_GF2m -DRC4_ASM -DSHA1_ASM -DSHA256_ASM -DSHA512_ASM -DMD5_ASM -DRMD160_ASM -DAES_ASM -DVPAES_ASM -DWHIRLPOOL_ASM -DGHASH_ASM > des-586.s
/usr/bin/perl asm/crypt586.pl macosx -I.. -I../.. -I../modes -I../asn1 -I../evp -I../../include  -fPIC -fno-common -DOPENSSL_PIC -DOPENSSL_THREADS -D_REENTRANT -DDSO_DLFCN -DHAVE_DLFCN_H -arch i386 -O3 -fomit-frame-pointer -DL_ENDIAN -DOPENSSL_BN_ASM_PART_WORDS -DOPENSSL_IA32_SSE2 -DOPENSSL_BN_ASM_MONT -DOPENSSL_BN_ASM_GF2m -DRC4_ASM -DSHA1_ASM -DSHA256_ASM -DSHA512_ASM -DMD5_ASM -DRMD160_ASM -DAES_ASM -DVPAES_ASM -DWHIRLPOOL_ASM -DGHASH_ASM > crypt586.s
cc -I.. -I../.. -I../modes -I../asn1 -I../evp -I../../include  -fPIC -fno-common -DOPENSSL_PIC -DOPENSSL_THREADS -D_REENTRANT -DDSO_DLFCN -DHAVE_DLFCN_H -arch i386 -O3 -fomit-frame-pointer -DL_ENDIAN -DOPENSSL_BN_ASM_PART_WORDS -DOPENSSL_IA32_SSE2 -DOPENSSL_BN_ASM_MONT -DOPENSSL_BN_ASM_GF2m -DRC4_ASM -DSHA1_ASM -DSHA256_ASM -DSHA512_ASM -DMD5_ASM -DRMD160_ASM -DAES_ASM -DVPAES_ASM -DWHIRLPOOL_ASM -DGHASH_ASM -I/opt/homebrew/opt/libxml2/include -I/opt/homebrew/opt/libxslt/include  -c -o fcrypt.o fcrypt.c
cc -I.. -I../.. -I../modes -I../asn1 -I../evp -I../../include  -fPIC -fno-common -DOPENSSL_PIC -DOPENSSL_THREADS -D_REENTRANT -DDSO_DLFCN -DHAVE_DLFCN_H -arch i386 -O3 -fomit-frame-pointer -DL_ENDIAN -DOPENSSL_BN_ASM_PART_WORDS -DOPENSSL_IA32_SSE2 -DOPENSSL_BN_ASM_MONT -DOPENSSL_BN_ASM_GF2m -DRC4_ASM -DSHA1_ASM -DSHA256_ASM -DSHA512_ASM -DMD5_ASM -DRMD160_ASM -DAES_ASM -DVPAES_ASM -DWHIRLPOOL_ASM -DGHASH_ASM -I/opt/homebrew/opt/libxml2/include -I/opt/homebrew/opt/libxslt/include  -c -o xcbc_enc.o xcbc_enc.c
cc -I.. -I../.. -I../modes -I../asn1 -I../evp -I../../include  -fPIC -fno-common -DOPENSSL_PIC -DOPENSSL_THREADS -D_REENTRANT -DDSO_DLFCN -DHAVE_DLFCN_H -arch i386 -O3 -fomit-frame-pointer -DL_ENDIAN -DOPENSSL_BN_ASM_PART_WORDS -DOPENSSL_IA32_SSE2 -DOPENSSL_BN_ASM_MONT -DOPENSSL_BN_ASM_GF2m -DRC4_ASM -DSHA1_ASM -DSHA256_ASM -DSHA512_ASM -DMD5_ASM -DRMD160_ASM -DAES_ASM -DVPAES_ASM -DWHIRLPOOL_ASM -DGHASH_ASM -I/opt/homebrew/opt/libxml2/include -I/opt/homebrew/opt/libxslt/include  -c -o rpc_enc.o rpc_enc.c
cc -I.. -I../.. -I../modes -I../asn1 -I../evp -I../../include  -fPIC -fno-common -DOPENSSL_PIC -DOPENSSL_THREADS -D_REENTRANT -DDSO_DLFCN -DHAVE_DLFCN_H -arch i386 -O3 -fomit-frame-pointer -DL_ENDIAN -DOPENSSL_BN_ASM_PART_WORDS -DOPENSSL_IA32_SSE2 -DOPENSSL_BN_ASM_MONT -DOPENSSL_BN_ASM_GF2m -DRC4_ASM -DSHA1_ASM -DSHA256_ASM -DSHA512_ASM -DMD5_ASM -DRMD160_ASM -DAES_ASM -DVPAES_ASM -DWHIRLPOOL_ASM -DGHASH_ASM -I/opt/homebrew/opt/libxml2/include -I/opt/homebrew/opt/libxslt/include  -c -o cbc_cksm.o cbc_cksm.c
cc -I.. -I../.. -I../modes -I../asn1 -I../evp -I../../include  -fPIC -fno-common -DOPENSSL_PIC -DOPENSSL_THREADS -D_REENTRANT -DDSO_DLFCN -DHAVE_DLFCN_H -arch i386 -O3 -fomit-frame-pointer -DL_ENDIAN -DOPENSSL_BN_ASM_PART_WORDS -DOPENSSL_IA32_SSE2 -DOPENSSL_BN_ASM_MONT -DOPENSSL_BN_ASM_GF2m -DRC4_ASM -DSHA1_ASM -DSHA256_ASM -DSHA512_ASM -DMD5_ASM -DRMD160_ASM -DAES_ASM -DVPAES_ASM -DWHIRLPOOL_ASM -DGHASH_ASM -I/opt/homebrew/opt/libxml2/include -I/opt/homebrew/opt/libxslt/include  -c -o ede_cbcm_enc.o ede_cbcm_enc.c
cc -I.. -I../.. -I../modes -I../asn1 -I../evp -I../../include  -fPIC -fno-common -DOPENSSL_PIC -DOPENSSL_THREADS -D_REENTRANT -DDSO_DLFCN -DHAVE_DLFCN_H -arch i386 -O3 -fomit-frame-pointer -DL_ENDIAN -DOPENSSL_BN_ASM_PART_WORDS -DOPENSSL_IA32_SSE2 -DOPENSSL_BN_ASM_MONT -DOPENSSL_BN_ASM_GF2m -DRC4_ASM -DSHA1_ASM -DSHA256_ASM -DSHA512_ASM -DMD5_ASM -DRMD160_ASM -DAES_ASM -DVPAES_ASM -DWHIRLPOOL_ASM -DGHASH_ASM -I/opt/homebrew/opt/libxml2/include -I/opt/homebrew/opt/libxslt/include  -c -o des_old.o des_old.c
cc -I.. -I../.. -I../modes -I../asn1 -I../evp -I../../include  -fPIC -fno-common -DOPENSSL_PIC -DOPENSSL_THREADS -D_REENTRANT -DDSO_DLFCN -DHAVE_DLFCN_H -arch i386 -O3 -fomit-frame-pointer -DL_ENDIAN -DOPENSSL_BN_ASM_PART_WORDS -DOPENSSL_IA32_SSE2 -DOPENSSL_BN_ASM_MONT -DOPENSSL_BN_ASM_GF2m -DRC4_ASM -DSHA1_ASM -DSHA256_ASM -DSHA512_ASM -DMD5_ASM -DRMD160_ASM -DAES_ASM -DVPAES_ASM -DWHIRLPOOL_ASM -DGHASH_ASM -I/opt/homebrew/opt/libxml2/include -I/opt/homebrew/opt/libxslt/include  -c -o des_old2.o des_old2.c
cc -I.. -I../.. -I../modes -I../asn1 -I../evp -I../../include  -fPIC -fno-common -DOPENSSL_PIC -DOPENSSL_THREADS -D_REENTRANT -DDSO_DLFCN -DHAVE_DLFCN_H -arch i386 -O3 -fomit-frame-pointer -DL_ENDIAN -DOPENSSL_BN_ASM_PART_WORDS -DOPENSSL_IA32_SSE2 -DOPENSSL_BN_ASM_MONT -DOPENSSL_BN_ASM_GF2m -DRC4_ASM -DSHA1_ASM -DSHA256_ASM -DSHA512_ASM -DMD5_ASM -DRMD160_ASM -DAES_ASM -DVPAES_ASM -DWHIRLPOOL_ASM -DGHASH_ASM -I/opt/homebrew/opt/libxml2/include -I/opt/homebrew/opt/libxslt/include  -c -o read2pwd.o read2pwd.c
cc -I.. -I../.. -I../modes -I../asn1 -I../evp -I../../include  -fPIC -fno-common -DOPENSSL_PIC -DOPENSSL_THREADS -D_REENTRANT -DDSO_DLFCN -DHAVE_DLFCN_H -arch i386 -O3 -fomit-frame-pointer -DL_ENDIAN -DOPENSSL_BN_ASM_PART_WORDS -DOPENSSL_IA32_SSE2 -DOPENSSL_BN_ASM_MONT -DOPENSSL_BN_ASM_GF2m -DRC4_ASM -DSHA1_ASM -DSHA256_ASM -DSHA512_ASM -DMD5_ASM -DRMD160_ASM -DAES_ASM -DVPAES_ASM -DWHIRLPOOL_ASM -DGHASH_ASM -c  -o des-586.o des-586.s
cc -I.. -I../.. -I../modes -I../asn1 -I../evp -I../../include  -fPIC -fno-common -DOPENSSL_PIC -DOPENSSL_THREADS -D_REENTRANT -DDSO_DLFCN -DHAVE_DLFCN_H -arch i386 -O3 -fomit-frame-pointer -DL_ENDIAN -DOPENSSL_BN_ASM_PART_WORDS -DOPENSSL_IA32_SSE2 -DOPENSSL_BN_ASM_MONT -DOPENSSL_BN_ASM_GF2m -DRC4_ASM -DSHA1_ASM -DSHA256_ASM -DSHA512_ASM -DMD5_ASM -DRMD160_ASM -DAES_ASM -DVPAES_ASM -DWHIRLPOOL_ASM -DGHASH_ASM -c  -o crypt586.o crypt586.s
ar  r ../../libcrypto.a set_key.o  ecb_enc.o  cbc_enc.o ecb3_enc.o cfb64enc.o cfb64ede.o cfb_enc.o  ofb64ede.o enc_read.o enc_writ.o ofb64enc.o ofb_enc.o  str2key.o  pcbc_enc.o qud_cksm.o rand_key.o des-586.o crypt586.o fcrypt.o xcbc_enc.o rpc_enc.o  cbc_cksm.o ede_cbcm_enc.o des_old.o des_old2.o read2pwd.o
/Library/Developer/CommandLineTools/usr/bin/ranlib: file: ../../libcrypto.a(ebcdic.o) has no symbols
/Library/Developer/CommandLineTools/usr/bin/ranlib: file: ../../libcrypto.a(fips_ers.o) has no symbols
/usr/bin/ranlib ../../libcrypto.a || echo Never mind.
/Library/Developer/CommandLineTools/usr/bin/ranlib: file: ../../libcrypto.a(ebcdic.o) has no symbols
/Library/Developer/CommandLineTools/usr/bin/ranlib: file: ../../libcrypto.a(fips_ers.o) has no symbols
making all in crypto/aes...
cc -I.. -I../.. -I../modes -I../asn1 -I../evp -I../../include  -fPIC -fno-common -DOPENSSL_PIC -DOPENSSL_THREADS -D_REENTRANT -DDSO_DLFCN -DHAVE_DLFCN_H -arch i386 -O3 -fomit-frame-pointer -DL_ENDIAN -DOPENSSL_BN_ASM_PART_WORDS -DOPENSSL_IA32_SSE2 -DOPENSSL_BN_ASM_MONT -DOPENSSL_BN_ASM_GF2m -DRC4_ASM -DSHA1_ASM -DSHA256_ASM -DSHA512_ASM -DMD5_ASM -DRMD160_ASM -DAES_ASM -DVPAES_ASM -DWHIRLPOOL_ASM -DGHASH_ASM -I/opt/homebrew/opt/libxml2/include -I/opt/homebrew/opt/libxslt/include  -c -o aes_misc.o aes_misc.c
cc -I.. -I../.. -I../modes -I../asn1 -I../evp -I../../include  -fPIC -fno-common -DOPENSSL_PIC -DOPENSSL_THREADS -D_REENTRANT -DDSO_DLFCN -DHAVE_DLFCN_H -arch i386 -O3 -fomit-frame-pointer -DL_ENDIAN -DOPENSSL_BN_ASM_PART_WORDS -DOPENSSL_IA32_SSE2 -DOPENSSL_BN_ASM_MONT -DOPENSSL_BN_ASM_GF2m -DRC4_ASM -DSHA1_ASM -DSHA256_ASM -DSHA512_ASM -DMD5_ASM -DRMD160_ASM -DAES_ASM -DVPAES_ASM -DWHIRLPOOL_ASM -DGHASH_ASM -I/opt/homebrew/opt/libxml2/include -I/opt/homebrew/opt/libxslt/include  -c -o aes_ecb.o aes_ecb.c
cc -I.. -I../.. -I../modes -I../asn1 -I../evp -I../../include  -fPIC -fno-common -DOPENSSL_PIC -DOPENSSL_THREADS -D_REENTRANT -DDSO_DLFCN -DHAVE_DLFCN_H -arch i386 -O3 -fomit-frame-pointer -DL_ENDIAN -DOPENSSL_BN_ASM_PART_WORDS -DOPENSSL_IA32_SSE2 -DOPENSSL_BN_ASM_MONT -DOPENSSL_BN_ASM_GF2m -DRC4_ASM -DSHA1_ASM -DSHA256_ASM -DSHA512_ASM -DMD5_ASM -DRMD160_ASM -DAES_ASM -DVPAES_ASM -DWHIRLPOOL_ASM -DGHASH_ASM -I/opt/homebrew/opt/libxml2/include -I/opt/homebrew/opt/libxslt/include  -c -o aes_cfb.o aes_cfb.c
cc -I.. -I../.. -I../modes -I../asn1 -I../evp -I../../include  -fPIC -fno-common -DOPENSSL_PIC -DOPENSSL_THREADS -D_REENTRANT -DDSO_DLFCN -DHAVE_DLFCN_H -arch i386 -O3 -fomit-frame-pointer -DL_ENDIAN -DOPENSSL_BN_ASM_PART_WORDS -DOPENSSL_IA32_SSE2 -DOPENSSL_BN_ASM_MONT -DOPENSSL_BN_ASM_GF2m -DRC4_ASM -DSHA1_ASM -DSHA256_ASM -DSHA512_ASM -DMD5_ASM -DRMD160_ASM -DAES_ASM -DVPAES_ASM -DWHIRLPOOL_ASM -DGHASH_ASM -I/opt/homebrew/opt/libxml2/include -I/opt/homebrew/opt/libxslt/include  -c -o aes_ofb.o aes_ofb.c
cc -I.. -I../.. -I../modes -I../asn1 -I../evp -I../../include  -fPIC -fno-common -DOPENSSL_PIC -DOPENSSL_THREADS -D_REENTRANT -DDSO_DLFCN -DHAVE_DLFCN_H -arch i386 -O3 -fomit-frame-pointer -DL_ENDIAN -DOPENSSL_BN_ASM_PART_WORDS -DOPENSSL_IA32_SSE2 -DOPENSSL_BN_ASM_MONT -DOPENSSL_BN_ASM_GF2m -DRC4_ASM -DSHA1_ASM -DSHA256_ASM -DSHA512_ASM -DMD5_ASM -DRMD160_ASM -DAES_ASM -DVPAES_ASM -DWHIRLPOOL_ASM -DGHASH_ASM -I/opt/homebrew/opt/libxml2/include -I/opt/homebrew/opt/libxslt/include  -c -o aes_ctr.o aes_ctr.c
cc -I.. -I../.. -I../modes -I../asn1 -I../evp -I../../include  -fPIC -fno-common -DOPENSSL_PIC -DOPENSSL_THREADS -D_REENTRANT -DDSO_DLFCN -DHAVE_DLFCN_H -arch i386 -O3 -fomit-frame-pointer -DL_ENDIAN -DOPENSSL_BN_ASM_PART_WORDS -DOPENSSL_IA32_SSE2 -DOPENSSL_BN_ASM_MONT -DOPENSSL_BN_ASM_GF2m -DRC4_ASM -DSHA1_ASM -DSHA256_ASM -DSHA512_ASM -DMD5_ASM -DRMD160_ASM -DAES_ASM -DVPAES_ASM -DWHIRLPOOL_ASM -DGHASH_ASM -I/opt/homebrew/opt/libxml2/include -I/opt/homebrew/opt/libxslt/include  -c -o aes_ige.o aes_ige.c
cc -I.. -I../.. -I../modes -I../asn1 -I../evp -I../../include  -fPIC -fno-common -DOPENSSL_PIC -DOPENSSL_THREADS -D_REENTRANT -DDSO_DLFCN -DHAVE_DLFCN_H -arch i386 -O3 -fomit-frame-pointer -DL_ENDIAN -DOPENSSL_BN_ASM_PART_WORDS -DOPENSSL_IA32_SSE2 -DOPENSSL_BN_ASM_MONT -DOPENSSL_BN_ASM_GF2m -DRC4_ASM -DSHA1_ASM -DSHA256_ASM -DSHA512_ASM -DMD5_ASM -DRMD160_ASM -DAES_ASM -DVPAES_ASM -DWHIRLPOOL_ASM -DGHASH_ASM -I/opt/homebrew/opt/libxml2/include -I/opt/homebrew/opt/libxslt/include  -c -o aes_wrap.o aes_wrap.c
/usr/bin/perl asm/aes-586.pl macosx -I.. -I../.. -I../modes -I../asn1 -I../evp -I../../include  -fPIC -fno-common -DOPENSSL_PIC -DOPENSSL_THREADS -D_REENTRANT -DDSO_DLFCN -DHAVE_DLFCN_H -arch i386 -O3 -fomit-frame-pointer -DL_ENDIAN -DOPENSSL_BN_ASM_PART_WORDS -DOPENSSL_IA32_SSE2 -DOPENSSL_BN_ASM_MONT -DOPENSSL_BN_ASM_GF2m -DRC4_ASM -DSHA1_ASM -DSHA256_ASM -DSHA512_ASM -DMD5_ASM -DRMD160_ASM -DAES_ASM -DVPAES_ASM -DWHIRLPOOL_ASM -DGHASH_ASM  > aes-586.s
/usr/bin/perl asm/vpaes-x86.pl macosx -I.. -I../.. -I../modes -I../asn1 -I../evp -I../../include  -fPIC -fno-common -DOPENSSL_PIC -DOPENSSL_THREADS -D_REENTRANT -DDSO_DLFCN -DHAVE_DLFCN_H -arch i386 -O3 -fomit-frame-pointer -DL_ENDIAN -DOPENSSL_BN_ASM_PART_WORDS -DOPENSSL_IA32_SSE2 -DOPENSSL_BN_ASM_MONT -DOPENSSL_BN_ASM_GF2m -DRC4_ASM -DSHA1_ASM -DSHA256_ASM -DSHA512_ASM -DMD5_ASM -DRMD160_ASM -DAES_ASM -DVPAES_ASM -DWHIRLPOOL_ASM -DGHASH_ASM  > vpaes-x86.s
/usr/bin/perl asm/aesni-x86.pl macosx -I.. -I../.. -I../modes -I../asn1 -I../evp -I../../include  -fPIC -fno-common -DOPENSSL_PIC -DOPENSSL_THREADS -D_REENTRANT -DDSO_DLFCN -DHAVE_DLFCN_H -arch i386 -O3 -fomit-frame-pointer -DL_ENDIAN -DOPENSSL_BN_ASM_PART_WORDS -DOPENSSL_IA32_SSE2 -DOPENSSL_BN_ASM_MONT -DOPENSSL_BN_ASM_GF2m -DRC4_ASM -DSHA1_ASM -DSHA256_ASM -DSHA512_ASM -DMD5_ASM -DRMD160_ASM -DAES_ASM -DVPAES_ASM -DWHIRLPOOL_ASM -DGHASH_ASM  > aesni-x86.s
cc -I.. -I../.. -I../modes -I../asn1 -I../evp -I../../include  -fPIC -fno-common -DOPENSSL_PIC -DOPENSSL_THREADS -D_REENTRANT -DDSO_DLFCN -DHAVE_DLFCN_H -arch i386 -O3 -fomit-frame-pointer -DL_ENDIAN -DOPENSSL_BN_ASM_PART_WORDS -DOPENSSL_IA32_SSE2 -DOPENSSL_BN_ASM_MONT -DOPENSSL_BN_ASM_GF2m -DRC4_ASM -DSHA1_ASM -DSHA256_ASM -DSHA512_ASM -DMD5_ASM -DRMD160_ASM -DAES_ASM -DVPAES_ASM -DWHIRLPOOL_ASM -DGHASH_ASM -c  -o vpaes-x86.o vpaes-x86.s
cc -I.. -I../.. -I../modes -I../asn1 -I../evp -I../../include  -fPIC -fno-common -DOPENSSL_PIC -DOPENSSL_THREADS -D_REENTRANT -DDSO_DLFCN -DHAVE_DLFCN_H -arch i386 -O3 -fomit-frame-pointer -DL_ENDIAN -DOPENSSL_BN_ASM_PART_WORDS -DOPENSSL_IA32_SSE2 -DOPENSSL_BN_ASM_MONT -DOPENSSL_BN_ASM_GF2m -DRC4_ASM -DSHA1_ASM -DSHA256_ASM -DSHA512_ASM -DMD5_ASM -DRMD160_ASM -DAES_ASM -DVPAES_ASM -DWHIRLPOOL_ASM -DGHASH_ASM -c  -o aes-586.o aes-586.s
cc -I.. -I../.. -I../modes -I../asn1 -I../evp -I../../include  -fPIC -fno-common -DOPENSSL_PIC -DOPENSSL_THREADS -D_REENTRANT -DDSO_DLFCN -DHAVE_DLFCN_H -arch i386 -O3 -fomit-frame-pointer -DL_ENDIAN -DOPENSSL_BN_ASM_PART_WORDS -DOPENSSL_IA32_SSE2 -DOPENSSL_BN_ASM_MONT -DOPENSSL_BN_ASM_GF2m -DRC4_ASM -DSHA1_ASM -DSHA256_ASM -DSHA512_ASM -DMD5_ASM -DRMD160_ASM -DAES_ASM -DVPAES_ASM -DWHIRLPOOL_ASM -DGHASH_ASM -c  -o aesni-x86.o aesni-x86.s
ar  r ../../libcrypto.a aes_misc.o aes_ecb.o aes_cfb.o aes_ofb.o aes_ctr.o aes_ige.o aes_wrap.o aes-586.o vpaes-x86.o aesni-x86.o
/Library/Developer/CommandLineTools/usr/bin/ranlib: file: ../../libcrypto.a(ebcdic.o) has no symbols
/Library/Developer/CommandLineTools/usr/bin/ranlib: file: ../../libcrypto.a(fips_ers.o) has no symbols
/usr/bin/ranlib ../../libcrypto.a || echo Never mind.
/Library/Developer/CommandLineTools/usr/bin/ranlib: file: ../../libcrypto.a(ebcdic.o) has no symbols
/Library/Developer/CommandLineTools/usr/bin/ranlib: file: ../../libcrypto.a(fips_ers.o) has no symbols
making all in crypto/rc2...
cc -I.. -I../.. -I../modes -I../asn1 -I../evp -I../../include  -fPIC -fno-common -DOPENSSL_PIC -DOPENSSL_THREADS -D_REENTRANT -DDSO_DLFCN -DHAVE_DLFCN_H -arch i386 -O3 -fomit-frame-pointer -DL_ENDIAN -DOPENSSL_BN_ASM_PART_WORDS -DOPENSSL_IA32_SSE2 -DOPENSSL_BN_ASM_MONT -DOPENSSL_BN_ASM_GF2m -DRC4_ASM -DSHA1_ASM -DSHA256_ASM -DSHA512_ASM -DMD5_ASM -DRMD160_ASM -DAES_ASM -DVPAES_ASM -DWHIRLPOOL_ASM -DGHASH_ASM -I/opt/homebrew/opt/libxml2/include -I/opt/homebrew/opt/libxslt/include  -c -o rc2_ecb.o rc2_ecb.c
cc -I.. -I../.. -I../modes -I../asn1 -I../evp -I../../include  -fPIC -fno-common -DOPENSSL_PIC -DOPENSSL_THREADS -D_REENTRANT -DDSO_DLFCN -DHAVE_DLFCN_H -arch i386 -O3 -fomit-frame-pointer -DL_ENDIAN -DOPENSSL_BN_ASM_PART_WORDS -DOPENSSL_IA32_SSE2 -DOPENSSL_BN_ASM_MONT -DOPENSSL_BN_ASM_GF2m -DRC4_ASM -DSHA1_ASM -DSHA256_ASM -DSHA512_ASM -DMD5_ASM -DRMD160_ASM -DAES_ASM -DVPAES_ASM -DWHIRLPOOL_ASM -DGHASH_ASM -I/opt/homebrew/opt/libxml2/include -I/opt/homebrew/opt/libxslt/include  -c -o rc2_skey.o rc2_skey.c
cc -I.. -I../.. -I../modes -I../asn1 -I../evp -I../../include  -fPIC -fno-common -DOPENSSL_PIC -DOPENSSL_THREADS -D_REENTRANT -DDSO_DLFCN -DHAVE_DLFCN_H -arch i386 -O3 -fomit-frame-pointer -DL_ENDIAN -DOPENSSL_BN_ASM_PART_WORDS -DOPENSSL_IA32_SSE2 -DOPENSSL_BN_ASM_MONT -DOPENSSL_BN_ASM_GF2m -DRC4_ASM -DSHA1_ASM -DSHA256_ASM -DSHA512_ASM -DMD5_ASM -DRMD160_ASM -DAES_ASM -DVPAES_ASM -DWHIRLPOOL_ASM -DGHASH_ASM -I/opt/homebrew/opt/libxml2/include -I/opt/homebrew/opt/libxslt/include  -c -o rc2_cbc.o rc2_cbc.c
cc -I.. -I../.. -I../modes -I../asn1 -I../evp -I../../include  -fPIC -fno-common -DOPENSSL_PIC -DOPENSSL_THREADS -D_REENTRANT -DDSO_DLFCN -DHAVE_DLFCN_H -arch i386 -O3 -fomit-frame-pointer -DL_ENDIAN -DOPENSSL_BN_ASM_PART_WORDS -DOPENSSL_IA32_SSE2 -DOPENSSL_BN_ASM_MONT -DOPENSSL_BN_ASM_GF2m -DRC4_ASM -DSHA1_ASM -DSHA256_ASM -DSHA512_ASM -DMD5_ASM -DRMD160_ASM -DAES_ASM -DVPAES_ASM -DWHIRLPOOL_ASM -DGHASH_ASM -I/opt/homebrew/opt/libxml2/include -I/opt/homebrew/opt/libxslt/include  -c -o rc2cfb64.o rc2cfb64.c
cc -I.. -I../.. -I../modes -I../asn1 -I../evp -I../../include  -fPIC -fno-common -DOPENSSL_PIC -DOPENSSL_THREADS -D_REENTRANT -DDSO_DLFCN -DHAVE_DLFCN_H -arch i386 -O3 -fomit-frame-pointer -DL_ENDIAN -DOPENSSL_BN_ASM_PART_WORDS -DOPENSSL_IA32_SSE2 -DOPENSSL_BN_ASM_MONT -DOPENSSL_BN_ASM_GF2m -DRC4_ASM -DSHA1_ASM -DSHA256_ASM -DSHA512_ASM -DMD5_ASM -DRMD160_ASM -DAES_ASM -DVPAES_ASM -DWHIRLPOOL_ASM -DGHASH_ASM -I/opt/homebrew/opt/libxml2/include -I/opt/homebrew/opt/libxslt/include  -c -o rc2ofb64.o rc2ofb64.c
ar  r ../../libcrypto.a rc2_ecb.o rc2_skey.o rc2_cbc.o rc2cfb64.o rc2ofb64.o
/Library/Developer/CommandLineTools/usr/bin/ranlib: file: ../../libcrypto.a(ebcdic.o) has no symbols
/Library/Developer/CommandLineTools/usr/bin/ranlib: file: ../../libcrypto.a(fips_ers.o) has no symbols
/usr/bin/ranlib ../../libcrypto.a || echo Never mind.
/Library/Developer/CommandLineTools/usr/bin/ranlib: file: ../../libcrypto.a(ebcdic.o) has no symbols
/Library/Developer/CommandLineTools/usr/bin/ranlib: file: ../../libcrypto.a(fips_ers.o) has no symbols
making all in crypto/rc4...
/usr/bin/perl asm/rc4-586.pl macosx -I.. -I../.. -I../modes -I../asn1 -I../evp -I../../include  -fPIC -fno-common -DOPENSSL_PIC -DOPENSSL_THREADS -D_REENTRANT -DDSO_DLFCN -DHAVE_DLFCN_H -arch i386 -O3 -fomit-frame-pointer -DL_ENDIAN -DOPENSSL_BN_ASM_PART_WORDS -DOPENSSL_IA32_SSE2 -DOPENSSL_BN_ASM_MONT -DOPENSSL_BN_ASM_GF2m -DRC4_ASM -DSHA1_ASM -DSHA256_ASM -DSHA512_ASM -DMD5_ASM -DRMD160_ASM -DAES_ASM -DVPAES_ASM -DWHIRLPOOL_ASM -DGHASH_ASM  > rc4-586.s
cc -I.. -I../.. -I../modes -I../asn1 -I../evp -I../../include  -fPIC -fno-common -DOPENSSL_PIC -DOPENSSL_THREADS -D_REENTRANT -DDSO_DLFCN -DHAVE_DLFCN_H -arch i386 -O3 -fomit-frame-pointer -DL_ENDIAN -DOPENSSL_BN_ASM_PART_WORDS -DOPENSSL_IA32_SSE2 -DOPENSSL_BN_ASM_MONT -DOPENSSL_BN_ASM_GF2m -DRC4_ASM -DSHA1_ASM -DSHA256_ASM -DSHA512_ASM -DMD5_ASM -DRMD160_ASM -DAES_ASM -DVPAES_ASM -DWHIRLPOOL_ASM -DGHASH_ASM -I/opt/homebrew/opt/libxml2/include -I/opt/homebrew/opt/libxslt/include  -c -o rc4_utl.o rc4_utl.c
cc -I.. -I../.. -I../modes -I../asn1 -I../evp -I../../include  -fPIC -fno-common -DOPENSSL_PIC -DOPENSSL_THREADS -D_REENTRANT -DDSO_DLFCN -DHAVE_DLFCN_H -arch i386 -O3 -fomit-frame-pointer -DL_ENDIAN -DOPENSSL_BN_ASM_PART_WORDS -DOPENSSL_IA32_SSE2 -DOPENSSL_BN_ASM_MONT -DOPENSSL_BN_ASM_GF2m -DRC4_ASM -DSHA1_ASM -DSHA256_ASM -DSHA512_ASM -DMD5_ASM -DRMD160_ASM -DAES_ASM -DVPAES_ASM -DWHIRLPOOL_ASM -DGHASH_ASM -c  -o rc4-586.o rc4-586.s
ar  r ../../libcrypto.a rc4-586.o rc4_utl.o
/Library/Developer/CommandLineTools/usr/bin/ranlib: file: ../../libcrypto.a(ebcdic.o) has no symbols
/Library/Developer/CommandLineTools/usr/bin/ranlib: file: ../../libcrypto.a(fips_ers.o) has no symbols
/usr/bin/ranlib ../../libcrypto.a || echo Never mind.
/Library/Developer/CommandLineTools/usr/bin/ranlib: file: ../../libcrypto.a(ebcdic.o) has no symbols
/Library/Developer/CommandLineTools/usr/bin/ranlib: file: ../../libcrypto.a(fips_ers.o) has no symbols
making all in crypto/idea...
cc -I.. -I../.. -I../modes -I../asn1 -I../evp -I../../include  -fPIC -fno-common -DOPENSSL_PIC -DOPENSSL_THREADS -D_REENTRANT -DDSO_DLFCN -DHAVE_DLFCN_H -arch i386 -O3 -fomit-frame-pointer -DL_ENDIAN -DOPENSSL_BN_ASM_PART_WORDS -DOPENSSL_IA32_SSE2 -DOPENSSL_BN_ASM_MONT -DOPENSSL_BN_ASM_GF2m -DRC4_ASM -DSHA1_ASM -DSHA256_ASM -DSHA512_ASM -DMD5_ASM -DRMD160_ASM -DAES_ASM -DVPAES_ASM -DWHIRLPOOL_ASM -DGHASH_ASM -I/opt/homebrew/opt/libxml2/include -I/opt/homebrew/opt/libxslt/include  -c -o i_cbc.o i_cbc.c
cc -I.. -I../.. -I../modes -I../asn1 -I../evp -I../../include  -fPIC -fno-common -DOPENSSL_PIC -DOPENSSL_THREADS -D_REENTRANT -DDSO_DLFCN -DHAVE_DLFCN_H -arch i386 -O3 -fomit-frame-pointer -DL_ENDIAN -DOPENSSL_BN_ASM_PART_WORDS -DOPENSSL_IA32_SSE2 -DOPENSSL_BN_ASM_MONT -DOPENSSL_BN_ASM_GF2m -DRC4_ASM -DSHA1_ASM -DSHA256_ASM -DSHA512_ASM -DMD5_ASM -DRMD160_ASM -DAES_ASM -DVPAES_ASM -DWHIRLPOOL_ASM -DGHASH_ASM -I/opt/homebrew/opt/libxml2/include -I/opt/homebrew/opt/libxslt/include  -c -o i_cfb64.o i_cfb64.c
cc -I.. -I../.. -I../modes -I../asn1 -I../evp -I../../include  -fPIC -fno-common -DOPENSSL_PIC -DOPENSSL_THREADS -D_REENTRANT -DDSO_DLFCN -DHAVE_DLFCN_H -arch i386 -O3 -fomit-frame-pointer -DL_ENDIAN -DOPENSSL_BN_ASM_PART_WORDS -DOPENSSL_IA32_SSE2 -DOPENSSL_BN_ASM_MONT -DOPENSSL_BN_ASM_GF2m -DRC4_ASM -DSHA1_ASM -DSHA256_ASM -DSHA512_ASM -DMD5_ASM -DRMD160_ASM -DAES_ASM -DVPAES_ASM -DWHIRLPOOL_ASM -DGHASH_ASM -I/opt/homebrew/opt/libxml2/include -I/opt/homebrew/opt/libxslt/include  -c -o i_ofb64.o i_ofb64.c
cc -I.. -I../.. -I../modes -I../asn1 -I../evp -I../../include  -fPIC -fno-common -DOPENSSL_PIC -DOPENSSL_THREADS -D_REENTRANT -DDSO_DLFCN -DHAVE_DLFCN_H -arch i386 -O3 -fomit-frame-pointer -DL_ENDIAN -DOPENSSL_BN_ASM_PART_WORDS -DOPENSSL_IA32_SSE2 -DOPENSSL_BN_ASM_MONT -DOPENSSL_BN_ASM_GF2m -DRC4_ASM -DSHA1_ASM -DSHA256_ASM -DSHA512_ASM -DMD5_ASM -DRMD160_ASM -DAES_ASM -DVPAES_ASM -DWHIRLPOOL_ASM -DGHASH_ASM -I/opt/homebrew/opt/libxml2/include -I/opt/homebrew/opt/libxslt/include  -c -o i_ecb.o i_ecb.c
cc -I.. -I../.. -I../modes -I../asn1 -I../evp -I../../include  -fPIC -fno-common -DOPENSSL_PIC -DOPENSSL_THREADS -D_REENTRANT -DDSO_DLFCN -DHAVE_DLFCN_H -arch i386 -O3 -fomit-frame-pointer -DL_ENDIAN -DOPENSSL_BN_ASM_PART_WORDS -DOPENSSL_IA32_SSE2 -DOPENSSL_BN_ASM_MONT -DOPENSSL_BN_ASM_GF2m -DRC4_ASM -DSHA1_ASM -DSHA256_ASM -DSHA512_ASM -DMD5_ASM -DRMD160_ASM -DAES_ASM -DVPAES_ASM -DWHIRLPOOL_ASM -DGHASH_ASM -I/opt/homebrew/opt/libxml2/include -I/opt/homebrew/opt/libxslt/include  -c -o i_skey.o i_skey.c
ar  r ../../libcrypto.a i_cbc.o i_cfb64.o i_ofb64.o i_ecb.o i_skey.o
/Library/Developer/CommandLineTools/usr/bin/ranlib: file: ../../libcrypto.a(ebcdic.o) has no symbols
/Library/Developer/CommandLineTools/usr/bin/ranlib: file: ../../libcrypto.a(fips_ers.o) has no symbols
/usr/bin/ranlib ../../libcrypto.a || echo Never mind.
/Library/Developer/CommandLineTools/usr/bin/ranlib: file: ../../libcrypto.a(ebcdic.o) has no symbols
/Library/Developer/CommandLineTools/usr/bin/ranlib: file: ../../libcrypto.a(fips_ers.o) has no symbols
making all in crypto/bf...
cc -I.. -I../.. -I../modes -I../asn1 -I../evp -I../../include  -fPIC -fno-common -DOPENSSL_PIC -DOPENSSL_THREADS -D_REENTRANT -DDSO_DLFCN -DHAVE_DLFCN_H -arch i386 -O3 -fomit-frame-pointer -DL_ENDIAN -DOPENSSL_BN_ASM_PART_WORDS -DOPENSSL_IA32_SSE2 -DOPENSSL_BN_ASM_MONT -DOPENSSL_BN_ASM_GF2m -DRC4_ASM -DSHA1_ASM -DSHA256_ASM -DSHA512_ASM -DMD5_ASM -DRMD160_ASM -DAES_ASM -DVPAES_ASM -DWHIRLPOOL_ASM -DGHASH_ASM -I/opt/homebrew/opt/libxml2/include -I/opt/homebrew/opt/libxslt/include  -c -o bf_skey.o bf_skey.c
cc -I.. -I../.. -I../modes -I../asn1 -I../evp -I../../include  -fPIC -fno-common -DOPENSSL_PIC -DOPENSSL_THREADS -D_REENTRANT -DDSO_DLFCN -DHAVE_DLFCN_H -arch i386 -O3 -fomit-frame-pointer -DL_ENDIAN -DOPENSSL_BN_ASM_PART_WORDS -DOPENSSL_IA32_SSE2 -DOPENSSL_BN_ASM_MONT -DOPENSSL_BN_ASM_GF2m -DRC4_ASM -DSHA1_ASM -DSHA256_ASM -DSHA512_ASM -DMD5_ASM -DRMD160_ASM -DAES_ASM -DVPAES_ASM -DWHIRLPOOL_ASM -DGHASH_ASM -I/opt/homebrew/opt/libxml2/include -I/opt/homebrew/opt/libxslt/include  -c -o bf_ecb.o bf_ecb.c
/usr/bin/perl asm/bf-586.pl macosx -I.. -I../.. -I../modes -I../asn1 -I../evp -I../../include  -fPIC -fno-common -DOPENSSL_PIC -DOPENSSL_THREADS -D_REENTRANT -DDSO_DLFCN -DHAVE_DLFCN_H -arch i386 -O3 -fomit-frame-pointer -DL_ENDIAN -DOPENSSL_BN_ASM_PART_WORDS -DOPENSSL_IA32_SSE2 -DOPENSSL_BN_ASM_MONT -DOPENSSL_BN_ASM_GF2m -DRC4_ASM -DSHA1_ASM -DSHA256_ASM -DSHA512_ASM -DMD5_ASM -DRMD160_ASM -DAES_ASM -DVPAES_ASM -DWHIRLPOOL_ASM -DGHASH_ASM  > bf-586.s
cc -I.. -I../.. -I../modes -I../asn1 -I../evp -I../../include  -fPIC -fno-common -DOPENSSL_PIC -DOPENSSL_THREADS -D_REENTRANT -DDSO_DLFCN -DHAVE_DLFCN_H -arch i386 -O3 -fomit-frame-pointer -DL_ENDIAN -DOPENSSL_BN_ASM_PART_WORDS -DOPENSSL_IA32_SSE2 -DOPENSSL_BN_ASM_MONT -DOPENSSL_BN_ASM_GF2m -DRC4_ASM -DSHA1_ASM -DSHA256_ASM -DSHA512_ASM -DMD5_ASM -DRMD160_ASM -DAES_ASM -DVPAES_ASM -DWHIRLPOOL_ASM -DGHASH_ASM -I/opt/homebrew/opt/libxml2/include -I/opt/homebrew/opt/libxslt/include  -c -o bf_cfb64.o bf_cfb64.c
cc -I.. -I../.. -I../modes -I../asn1 -I../evp -I../../include  -fPIC -fno-common -DOPENSSL_PIC -DOPENSSL_THREADS -D_REENTRANT -DDSO_DLFCN -DHAVE_DLFCN_H -arch i386 -O3 -fomit-frame-pointer -DL_ENDIAN -DOPENSSL_BN_ASM_PART_WORDS -DOPENSSL_IA32_SSE2 -DOPENSSL_BN_ASM_MONT -DOPENSSL_BN_ASM_GF2m -DRC4_ASM -DSHA1_ASM -DSHA256_ASM -DSHA512_ASM -DMD5_ASM -DRMD160_ASM -DAES_ASM -DVPAES_ASM -DWHIRLPOOL_ASM -DGHASH_ASM -I/opt/homebrew/opt/libxml2/include -I/opt/homebrew/opt/libxslt/include  -c -o bf_ofb64.o bf_ofb64.c
cc -I.. -I../.. -I../modes -I../asn1 -I../evp -I../../include  -fPIC -fno-common -DOPENSSL_PIC -DOPENSSL_THREADS -D_REENTRANT -DDSO_DLFCN -DHAVE_DLFCN_H -arch i386 -O3 -fomit-frame-pointer -DL_ENDIAN -DOPENSSL_BN_ASM_PART_WORDS -DOPENSSL_IA32_SSE2 -DOPENSSL_BN_ASM_MONT -DOPENSSL_BN_ASM_GF2m -DRC4_ASM -DSHA1_ASM -DSHA256_ASM -DSHA512_ASM -DMD5_ASM -DRMD160_ASM -DAES_ASM -DVPAES_ASM -DWHIRLPOOL_ASM -DGHASH_ASM -c  -o bf-586.o bf-586.s
ar  r ../../libcrypto.a bf_skey.o bf_ecb.o bf-586.o bf_cfb64.o bf_ofb64.o
/Library/Developer/CommandLineTools/usr/bin/ranlib: file: ../../libcrypto.a(ebcdic.o) has no symbols
/Library/Developer/CommandLineTools/usr/bin/ranlib: file: ../../libcrypto.a(fips_ers.o) has no symbols
/usr/bin/ranlib ../../libcrypto.a || echo Never mind.
/Library/Developer/CommandLineTools/usr/bin/ranlib: file: ../../libcrypto.a(ebcdic.o) has no symbols
/Library/Developer/CommandLineTools/usr/bin/ranlib: file: ../../libcrypto.a(fips_ers.o) has no symbols
making all in crypto/cast...
cc -I.. -I../.. -I../modes -I../asn1 -I../evp -I../../include  -fPIC -fno-common -DOPENSSL_PIC -DOPENSSL_THREADS -D_REENTRANT -DDSO_DLFCN -DHAVE_DLFCN_H -arch i386 -O3 -fomit-frame-pointer -DL_ENDIAN -DOPENSSL_BN_ASM_PART_WORDS -DOPENSSL_IA32_SSE2 -DOPENSSL_BN_ASM_MONT -DOPENSSL_BN_ASM_GF2m -DRC4_ASM -DSHA1_ASM -DSHA256_ASM -DSHA512_ASM -DMD5_ASM -DRMD160_ASM -DAES_ASM -DVPAES_ASM -DWHIRLPOOL_ASM -DGHASH_ASM -I/opt/homebrew/opt/libxml2/include -I/opt/homebrew/opt/libxslt/include  -c -o c_skey.o c_skey.c
cc -I.. -I../.. -I../modes -I../asn1 -I../evp -I../../include  -fPIC -fno-common -DOPENSSL_PIC -DOPENSSL_THREADS -D_REENTRANT -DDSO_DLFCN -DHAVE_DLFCN_H -arch i386 -O3 -fomit-frame-pointer -DL_ENDIAN -DOPENSSL_BN_ASM_PART_WORDS -DOPENSSL_IA32_SSE2 -DOPENSSL_BN_ASM_MONT -DOPENSSL_BN_ASM_GF2m -DRC4_ASM -DSHA1_ASM -DSHA256_ASM -DSHA512_ASM -DMD5_ASM -DRMD160_ASM -DAES_ASM -DVPAES_ASM -DWHIRLPOOL_ASM -DGHASH_ASM -I/opt/homebrew/opt/libxml2/include -I/opt/homebrew/opt/libxslt/include  -c -o c_ecb.o c_ecb.c
cc -I.. -I../.. -I../modes -I../asn1 -I../evp -I../../include  -fPIC -fno-common -DOPENSSL_PIC -DOPENSSL_THREADS -D_REENTRANT -DDSO_DLFCN -DHAVE_DLFCN_H -arch i386 -O3 -fomit-frame-pointer -DL_ENDIAN -DOPENSSL_BN_ASM_PART_WORDS -DOPENSSL_IA32_SSE2 -DOPENSSL_BN_ASM_MONT -DOPENSSL_BN_ASM_GF2m -DRC4_ASM -DSHA1_ASM -DSHA256_ASM -DSHA512_ASM -DMD5_ASM -DRMD160_ASM -DAES_ASM -DVPAES_ASM -DWHIRLPOOL_ASM -DGHASH_ASM -I/opt/homebrew/opt/libxml2/include -I/opt/homebrew/opt/libxslt/include  -c -o c_enc.o c_enc.c
cc -I.. -I../.. -I../modes -I../asn1 -I../evp -I../../include  -fPIC -fno-common -DOPENSSL_PIC -DOPENSSL_THREADS -D_REENTRANT -DDSO_DLFCN -DHAVE_DLFCN_H -arch i386 -O3 -fomit-frame-pointer -DL_ENDIAN -DOPENSSL_BN_ASM_PART_WORDS -DOPENSSL_IA32_SSE2 -DOPENSSL_BN_ASM_MONT -DOPENSSL_BN_ASM_GF2m -DRC4_ASM -DSHA1_ASM -DSHA256_ASM -DSHA512_ASM -DMD5_ASM -DRMD160_ASM -DAES_ASM -DVPAES_ASM -DWHIRLPOOL_ASM -DGHASH_ASM -I/opt/homebrew/opt/libxml2/include -I/opt/homebrew/opt/libxslt/include  -c -o c_cfb64.o c_cfb64.c
cc -I.. -I../.. -I../modes -I../asn1 -I../evp -I../../include  -fPIC -fno-common -DOPENSSL_PIC -DOPENSSL_THREADS -D_REENTRANT -DDSO_DLFCN -DHAVE_DLFCN_H -arch i386 -O3 -fomit-frame-pointer -DL_ENDIAN -DOPENSSL_BN_ASM_PART_WORDS -DOPENSSL_IA32_SSE2 -DOPENSSL_BN_ASM_MONT -DOPENSSL_BN_ASM_GF2m -DRC4_ASM -DSHA1_ASM -DSHA256_ASM -DSHA512_ASM -DMD5_ASM -DRMD160_ASM -DAES_ASM -DVPAES_ASM -DWHIRLPOOL_ASM -DGHASH_ASM -I/opt/homebrew/opt/libxml2/include -I/opt/homebrew/opt/libxslt/include  -c -o c_ofb64.o c_ofb64.c
ar  r ../../libcrypto.a c_skey.o c_ecb.o c_enc.o c_cfb64.o c_ofb64.o
/Library/Developer/CommandLineTools/usr/bin/ranlib: file: ../../libcrypto.a(ebcdic.o) has no symbols
/Library/Developer/CommandLineTools/usr/bin/ranlib: file: ../../libcrypto.a(fips_ers.o) has no symbols
/usr/bin/ranlib ../../libcrypto.a || echo Never mind.
/Library/Developer/CommandLineTools/usr/bin/ranlib: file: ../../libcrypto.a(ebcdic.o) has no symbols
/Library/Developer/CommandLineTools/usr/bin/ranlib: file: ../../libcrypto.a(fips_ers.o) has no symbols
making all in crypto/camellia...
cc -I.. -I../.. -I../modes -I../asn1 -I../evp -I../../include  -fPIC -fno-common -DOPENSSL_PIC -DOPENSSL_THREADS -D_REENTRANT -DDSO_DLFCN -DHAVE_DLFCN_H -arch i386 -O3 -fomit-frame-pointer -DL_ENDIAN -DOPENSSL_BN_ASM_PART_WORDS -DOPENSSL_IA32_SSE2 -DOPENSSL_BN_ASM_MONT -DOPENSSL_BN_ASM_GF2m -DRC4_ASM -DSHA1_ASM -DSHA256_ASM -DSHA512_ASM -DMD5_ASM -DRMD160_ASM -DAES_ASM -DVPAES_ASM -DWHIRLPOOL_ASM -DGHASH_ASM -I/opt/homebrew/opt/libxml2/include -I/opt/homebrew/opt/libxslt/include  -c -o cmll_ecb.o cmll_ecb.c
cc -I.. -I../.. -I../modes -I../asn1 -I../evp -I../../include  -fPIC -fno-common -DOPENSSL_PIC -DOPENSSL_THREADS -D_REENTRANT -DDSO_DLFCN -DHAVE_DLFCN_H -arch i386 -O3 -fomit-frame-pointer -DL_ENDIAN -DOPENSSL_BN_ASM_PART_WORDS -DOPENSSL_IA32_SSE2 -DOPENSSL_BN_ASM_MONT -DOPENSSL_BN_ASM_GF2m -DRC4_ASM -DSHA1_ASM -DSHA256_ASM -DSHA512_ASM -DMD5_ASM -DRMD160_ASM -DAES_ASM -DVPAES_ASM -DWHIRLPOOL_ASM -DGHASH_ASM -I/opt/homebrew/opt/libxml2/include -I/opt/homebrew/opt/libxslt/include  -c -o cmll_ofb.o cmll_ofb.c
cc -I.. -I../.. -I../modes -I../asn1 -I../evp -I../../include  -fPIC -fno-common -DOPENSSL_PIC -DOPENSSL_THREADS -D_REENTRANT -DDSO_DLFCN -DHAVE_DLFCN_H -arch i386 -O3 -fomit-frame-pointer -DL_ENDIAN -DOPENSSL_BN_ASM_PART_WORDS -DOPENSSL_IA32_SSE2 -DOPENSSL_BN_ASM_MONT -DOPENSSL_BN_ASM_GF2m -DRC4_ASM -DSHA1_ASM -DSHA256_ASM -DSHA512_ASM -DMD5_ASM -DRMD160_ASM -DAES_ASM -DVPAES_ASM -DWHIRLPOOL_ASM -DGHASH_ASM -I/opt/homebrew/opt/libxml2/include -I/opt/homebrew/opt/libxslt/include  -c -o cmll_cfb.o cmll_cfb.c
cc -I.. -I../.. -I../modes -I../asn1 -I../evp -I../../include  -fPIC -fno-common -DOPENSSL_PIC -DOPENSSL_THREADS -D_REENTRANT -DDSO_DLFCN -DHAVE_DLFCN_H -arch i386 -O3 -fomit-frame-pointer -DL_ENDIAN -DOPENSSL_BN_ASM_PART_WORDS -DOPENSSL_IA32_SSE2 -DOPENSSL_BN_ASM_MONT -DOPENSSL_BN_ASM_GF2m -DRC4_ASM -DSHA1_ASM -DSHA256_ASM -DSHA512_ASM -DMD5_ASM -DRMD160_ASM -DAES_ASM -DVPAES_ASM -DWHIRLPOOL_ASM -DGHASH_ASM -I/opt/homebrew/opt/libxml2/include -I/opt/homebrew/opt/libxslt/include  -c -o cmll_ctr.o cmll_ctr.c
cc -I.. -I../.. -I../modes -I../asn1 -I../evp -I../../include  -fPIC -fno-common -DOPENSSL_PIC -DOPENSSL_THREADS -D_REENTRANT -DDSO_DLFCN -DHAVE_DLFCN_H -arch i386 -O3 -fomit-frame-pointer -DL_ENDIAN -DOPENSSL_BN_ASM_PART_WORDS -DOPENSSL_IA32_SSE2 -DOPENSSL_BN_ASM_MONT -DOPENSSL_BN_ASM_GF2m -DRC4_ASM -DSHA1_ASM -DSHA256_ASM -DSHA512_ASM -DMD5_ASM -DRMD160_ASM -DAES_ASM -DVPAES_ASM -DWHIRLPOOL_ASM -DGHASH_ASM -I/opt/homebrew/opt/libxml2/include -I/opt/homebrew/opt/libxslt/include  -c -o cmll_utl.o cmll_utl.c
/usr/bin/perl asm/cmll-x86.pl macosx -I.. -I../.. -I../modes -I../asn1 -I../evp -I../../include  -fPIC -fno-common -DOPENSSL_PIC -DOPENSSL_THREADS -D_REENTRANT -DDSO_DLFCN -DHAVE_DLFCN_H -arch i386 -O3 -fomit-frame-pointer -DL_ENDIAN -DOPENSSL_BN_ASM_PART_WORDS -DOPENSSL_IA32_SSE2 -DOPENSSL_BN_ASM_MONT -DOPENSSL_BN_ASM_GF2m -DRC4_ASM -DSHA1_ASM -DSHA256_ASM -DSHA512_ASM -DMD5_ASM -DRMD160_ASM -DAES_ASM -DVPAES_ASM -DWHIRLPOOL_ASM -DGHASH_ASM  > cmll-x86.s
cc -I.. -I../.. -I../modes -I../asn1 -I../evp -I../../include  -fPIC -fno-common -DOPENSSL_PIC -DOPENSSL_THREADS -D_REENTRANT -DDSO_DLFCN -DHAVE_DLFCN_H -arch i386 -O3 -fomit-frame-pointer -DL_ENDIAN -DOPENSSL_BN_ASM_PART_WORDS -DOPENSSL_IA32_SSE2 -DOPENSSL_BN_ASM_MONT -DOPENSSL_BN_ASM_GF2m -DRC4_ASM -DSHA1_ASM -DSHA256_ASM -DSHA512_ASM -DMD5_ASM -DRMD160_ASM -DAES_ASM -DVPAES_ASM -DWHIRLPOOL_ASM -DGHASH_ASM -c  -o cmll-x86.o cmll-x86.s
ar  r ../../libcrypto.a cmll_ecb.o cmll_ofb.o cmll_cfb.o cmll_ctr.o cmll_utl.o cmll-x86.o
/Library/Developer/CommandLineTools/usr/bin/ranlib: file: ../../libcrypto.a(ebcdic.o) has no symbols
/Library/Developer/CommandLineTools/usr/bin/ranlib: file: ../../libcrypto.a(fips_ers.o) has no symbols
/usr/bin/ranlib ../../libcrypto.a || echo Never mind.
/Library/Developer/CommandLineTools/usr/bin/ranlib: file: ../../libcrypto.a(ebcdic.o) has no symbols
/Library/Developer/CommandLineTools/usr/bin/ranlib: file: ../../libcrypto.a(fips_ers.o) has no symbols
making all in crypto/seed...
cc -I.. -I../.. -I../modes -I../asn1 -I../evp -I../../include  -fPIC -fno-common -DOPENSSL_PIC -DOPENSSL_THREADS -D_REENTRANT -DDSO_DLFCN -DHAVE_DLFCN_H -arch i386 -O3 -fomit-frame-pointer -DL_ENDIAN -DOPENSSL_BN_ASM_PART_WORDS -DOPENSSL_IA32_SSE2 -DOPENSSL_BN_ASM_MONT -DOPENSSL_BN_ASM_GF2m -DRC4_ASM -DSHA1_ASM -DSHA256_ASM -DSHA512_ASM -DMD5_ASM -DRMD160_ASM -DAES_ASM -DVPAES_ASM -DWHIRLPOOL_ASM -DGHASH_ASM -I/opt/homebrew/opt/libxml2/include -I/opt/homebrew/opt/libxslt/include  -c -o seed.o seed.c
cc -I.. -I../.. -I../modes -I../asn1 -I../evp -I../../include  -fPIC -fno-common -DOPENSSL_PIC -DOPENSSL_THREADS -D_REENTRANT -DDSO_DLFCN -DHAVE_DLFCN_H -arch i386 -O3 -fomit-frame-pointer -DL_ENDIAN -DOPENSSL_BN_ASM_PART_WORDS -DOPENSSL_IA32_SSE2 -DOPENSSL_BN_ASM_MONT -DOPENSSL_BN_ASM_GF2m -DRC4_ASM -DSHA1_ASM -DSHA256_ASM -DSHA512_ASM -DMD5_ASM -DRMD160_ASM -DAES_ASM -DVPAES_ASM -DWHIRLPOOL_ASM -DGHASH_ASM -I/opt/homebrew/opt/libxml2/include -I/opt/homebrew/opt/libxslt/include  -c -o seed_ecb.o seed_ecb.c
cc -I.. -I../.. -I../modes -I../asn1 -I../evp -I../../include  -fPIC -fno-common -DOPENSSL_PIC -DOPENSSL_THREADS -D_REENTRANT -DDSO_DLFCN -DHAVE_DLFCN_H -arch i386 -O3 -fomit-frame-pointer -DL_ENDIAN -DOPENSSL_BN_ASM_PART_WORDS -DOPENSSL_IA32_SSE2 -DOPENSSL_BN_ASM_MONT -DOPENSSL_BN_ASM_GF2m -DRC4_ASM -DSHA1_ASM -DSHA256_ASM -DSHA512_ASM -DMD5_ASM -DRMD160_ASM -DAES_ASM -DVPAES_ASM -DWHIRLPOOL_ASM -DGHASH_ASM -I/opt/homebrew/opt/libxml2/include -I/opt/homebrew/opt/libxslt/include  -c -o seed_cbc.o seed_cbc.c
cc -I.. -I../.. -I../modes -I../asn1 -I../evp -I../../include  -fPIC -fno-common -DOPENSSL_PIC -DOPENSSL_THREADS -D_REENTRANT -DDSO_DLFCN -DHAVE_DLFCN_H -arch i386 -O3 -fomit-frame-pointer -DL_ENDIAN -DOPENSSL_BN_ASM_PART_WORDS -DOPENSSL_IA32_SSE2 -DOPENSSL_BN_ASM_MONT -DOPENSSL_BN_ASM_GF2m -DRC4_ASM -DSHA1_ASM -DSHA256_ASM -DSHA512_ASM -DMD5_ASM -DRMD160_ASM -DAES_ASM -DVPAES_ASM -DWHIRLPOOL_ASM -DGHASH_ASM -I/opt/homebrew/opt/libxml2/include -I/opt/homebrew/opt/libxslt/include  -c -o seed_cfb.o seed_cfb.c
cc -I.. -I../.. -I../modes -I../asn1 -I../evp -I../../include  -fPIC -fno-common -DOPENSSL_PIC -DOPENSSL_THREADS -D_REENTRANT -DDSO_DLFCN -DHAVE_DLFCN_H -arch i386 -O3 -fomit-frame-pointer -DL_ENDIAN -DOPENSSL_BN_ASM_PART_WORDS -DOPENSSL_IA32_SSE2 -DOPENSSL_BN_ASM_MONT -DOPENSSL_BN_ASM_GF2m -DRC4_ASM -DSHA1_ASM -DSHA256_ASM -DSHA512_ASM -DMD5_ASM -DRMD160_ASM -DAES_ASM -DVPAES_ASM -DWHIRLPOOL_ASM -DGHASH_ASM -I/opt/homebrew/opt/libxml2/include -I/opt/homebrew/opt/libxslt/include  -c -o seed_ofb.o seed_ofb.c
ar  r ../../libcrypto.a seed.o seed_ecb.o seed_cbc.o seed_cfb.o seed_ofb.o
/Library/Developer/CommandLineTools/usr/bin/ranlib: file: ../../libcrypto.a(ebcdic.o) has no symbols
/Library/Developer/CommandLineTools/usr/bin/ranlib: file: ../../libcrypto.a(fips_ers.o) has no symbols
/usr/bin/ranlib ../../libcrypto.a || echo Never mind.
/Library/Developer/CommandLineTools/usr/bin/ranlib: file: ../../libcrypto.a(ebcdic.o) has no symbols
/Library/Developer/CommandLineTools/usr/bin/ranlib: file: ../../libcrypto.a(fips_ers.o) has no symbols
making all in crypto/modes...
cc -I.. -I../.. -I../modes -I../asn1 -I../evp -I../../include  -fPIC -fno-common -DOPENSSL_PIC -DOPENSSL_THREADS -D_REENTRANT -DDSO_DLFCN -DHAVE_DLFCN_H -arch i386 -O3 -fomit-frame-pointer -DL_ENDIAN -DOPENSSL_BN_ASM_PART_WORDS -DOPENSSL_IA32_SSE2 -DOPENSSL_BN_ASM_MONT -DOPENSSL_BN_ASM_GF2m -DRC4_ASM -DSHA1_ASM -DSHA256_ASM -DSHA512_ASM -DMD5_ASM -DRMD160_ASM -DAES_ASM -DVPAES_ASM -DWHIRLPOOL_ASM -DGHASH_ASM -I/opt/homebrew/opt/libxml2/include -I/opt/homebrew/opt/libxslt/include  -c -o cbc128.o cbc128.c
cc -I.. -I../.. -I../modes -I../asn1 -I../evp -I../../include  -fPIC -fno-common -DOPENSSL_PIC -DOPENSSL_THREADS -D_REENTRANT -DDSO_DLFCN -DHAVE_DLFCN_H -arch i386 -O3 -fomit-frame-pointer -DL_ENDIAN -DOPENSSL_BN_ASM_PART_WORDS -DOPENSSL_IA32_SSE2 -DOPENSSL_BN_ASM_MONT -DOPENSSL_BN_ASM_GF2m -DRC4_ASM -DSHA1_ASM -DSHA256_ASM -DSHA512_ASM -DMD5_ASM -DRMD160_ASM -DAES_ASM -DVPAES_ASM -DWHIRLPOOL_ASM -DGHASH_ASM -I/opt/homebrew/opt/libxml2/include -I/opt/homebrew/opt/libxslt/include  -c -o ctr128.o ctr128.c
cc -I.. -I../.. -I../modes -I../asn1 -I../evp -I../../include  -fPIC -fno-common -DOPENSSL_PIC -DOPENSSL_THREADS -D_REENTRANT -DDSO_DLFCN -DHAVE_DLFCN_H -arch i386 -O3 -fomit-frame-pointer -DL_ENDIAN -DOPENSSL_BN_ASM_PART_WORDS -DOPENSSL_IA32_SSE2 -DOPENSSL_BN_ASM_MONT -DOPENSSL_BN_ASM_GF2m -DRC4_ASM -DSHA1_ASM -DSHA256_ASM -DSHA512_ASM -DMD5_ASM -DRMD160_ASM -DAES_ASM -DVPAES_ASM -DWHIRLPOOL_ASM -DGHASH_ASM -I/opt/homebrew/opt/libxml2/include -I/opt/homebrew/opt/libxslt/include  -c -o cts128.o cts128.c
cc -I.. -I../.. -I../modes -I../asn1 -I../evp -I../../include  -fPIC -fno-common -DOPENSSL_PIC -DOPENSSL_THREADS -D_REENTRANT -DDSO_DLFCN -DHAVE_DLFCN_H -arch i386 -O3 -fomit-frame-pointer -DL_ENDIAN -DOPENSSL_BN_ASM_PART_WORDS -DOPENSSL_IA32_SSE2 -DOPENSSL_BN_ASM_MONT -DOPENSSL_BN_ASM_GF2m -DRC4_ASM -DSHA1_ASM -DSHA256_ASM -DSHA512_ASM -DMD5_ASM -DRMD160_ASM -DAES_ASM -DVPAES_ASM -DWHIRLPOOL_ASM -DGHASH_ASM -I/opt/homebrew/opt/libxml2/include -I/opt/homebrew/opt/libxslt/include  -c -o cfb128.o cfb128.c
cc -I.. -I../.. -I../modes -I../asn1 -I../evp -I../../include  -fPIC -fno-common -DOPENSSL_PIC -DOPENSSL_THREADS -D_REENTRANT -DDSO_DLFCN -DHAVE_DLFCN_H -arch i386 -O3 -fomit-frame-pointer -DL_ENDIAN -DOPENSSL_BN_ASM_PART_WORDS -DOPENSSL_IA32_SSE2 -DOPENSSL_BN_ASM_MONT -DOPENSSL_BN_ASM_GF2m -DRC4_ASM -DSHA1_ASM -DSHA256_ASM -DSHA512_ASM -DMD5_ASM -DRMD160_ASM -DAES_ASM -DVPAES_ASM -DWHIRLPOOL_ASM -DGHASH_ASM -I/opt/homebrew/opt/libxml2/include -I/opt/homebrew/opt/libxslt/include  -c -o ofb128.o ofb128.c
cc -I.. -I../.. -I../modes -I../asn1 -I../evp -I../../include  -fPIC -fno-common -DOPENSSL_PIC -DOPENSSL_THREADS -D_REENTRANT -DDSO_DLFCN -DHAVE_DLFCN_H -arch i386 -O3 -fomit-frame-pointer -DL_ENDIAN -DOPENSSL_BN_ASM_PART_WORDS -DOPENSSL_IA32_SSE2 -DOPENSSL_BN_ASM_MONT -DOPENSSL_BN_ASM_GF2m -DRC4_ASM -DSHA1_ASM -DSHA256_ASM -DSHA512_ASM -DMD5_ASM -DRMD160_ASM -DAES_ASM -DVPAES_ASM -DWHIRLPOOL_ASM -DGHASH_ASM -I/opt/homebrew/opt/libxml2/include -I/opt/homebrew/opt/libxslt/include  -c -o gcm128.o gcm128.c
cc -I.. -I../.. -I../modes -I../asn1 -I../evp -I../../include  -fPIC -fno-common -DOPENSSL_PIC -DOPENSSL_THREADS -D_REENTRANT -DDSO_DLFCN -DHAVE_DLFCN_H -arch i386 -O3 -fomit-frame-pointer -DL_ENDIAN -DOPENSSL_BN_ASM_PART_WORDS -DOPENSSL_IA32_SSE2 -DOPENSSL_BN_ASM_MONT -DOPENSSL_BN_ASM_GF2m -DRC4_ASM -DSHA1_ASM -DSHA256_ASM -DSHA512_ASM -DMD5_ASM -DRMD160_ASM -DAES_ASM -DVPAES_ASM -DWHIRLPOOL_ASM -DGHASH_ASM -I/opt/homebrew/opt/libxml2/include -I/opt/homebrew/opt/libxslt/include  -c -o ccm128.o ccm128.c
cc -I.. -I../.. -I../modes -I../asn1 -I../evp -I../../include  -fPIC -fno-common -DOPENSSL_PIC -DOPENSSL_THREADS -D_REENTRANT -DDSO_DLFCN -DHAVE_DLFCN_H -arch i386 -O3 -fomit-frame-pointer -DL_ENDIAN -DOPENSSL_BN_ASM_PART_WORDS -DOPENSSL_IA32_SSE2 -DOPENSSL_BN_ASM_MONT -DOPENSSL_BN_ASM_GF2m -DRC4_ASM -DSHA1_ASM -DSHA256_ASM -DSHA512_ASM -DMD5_ASM -DRMD160_ASM -DAES_ASM -DVPAES_ASM -DWHIRLPOOL_ASM -DGHASH_ASM -I/opt/homebrew/opt/libxml2/include -I/opt/homebrew/opt/libxslt/include  -c -o xts128.o xts128.c
cc -I.. -I../.. -I../modes -I../asn1 -I../evp -I../../include  -fPIC -fno-common -DOPENSSL_PIC -DOPENSSL_THREADS -D_REENTRANT -DDSO_DLFCN -DHAVE_DLFCN_H -arch i386 -O3 -fomit-frame-pointer -DL_ENDIAN -DOPENSSL_BN_ASM_PART_WORDS -DOPENSSL_IA32_SSE2 -DOPENSSL_BN_ASM_MONT -DOPENSSL_BN_ASM_GF2m -DRC4_ASM -DSHA1_ASM -DSHA256_ASM -DSHA512_ASM -DMD5_ASM -DRMD160_ASM -DAES_ASM -DVPAES_ASM -DWHIRLPOOL_ASM -DGHASH_ASM -I/opt/homebrew/opt/libxml2/include -I/opt/homebrew/opt/libxslt/include  -c -o wrap128.o wrap128.c
/usr/bin/perl asm/ghash-x86.pl macosx -I.. -I../.. -I../modes -I../asn1 -I../evp -I../../include  -fPIC -fno-common -DOPENSSL_PIC -DOPENSSL_THREADS -D_REENTRANT -DDSO_DLFCN -DHAVE_DLFCN_H -arch i386 -O3 -fomit-frame-pointer -DL_ENDIAN -DOPENSSL_BN_ASM_PART_WORDS -DOPENSSL_IA32_SSE2 -DOPENSSL_BN_ASM_MONT -DOPENSSL_BN_ASM_GF2m -DRC4_ASM -DSHA1_ASM -DSHA256_ASM -DSHA512_ASM -DMD5_ASM -DRMD160_ASM -DAES_ASM -DVPAES_ASM -DWHIRLPOOL_ASM -DGHASH_ASM  > ghash-x86.s
cc -I.. -I../.. -I../modes -I../asn1 -I../evp -I../../include  -fPIC -fno-common -DOPENSSL_PIC -DOPENSSL_THREADS -D_REENTRANT -DDSO_DLFCN -DHAVE_DLFCN_H -arch i386 -O3 -fomit-frame-pointer -DL_ENDIAN -DOPENSSL_BN_ASM_PART_WORDS -DOPENSSL_IA32_SSE2 -DOPENSSL_BN_ASM_MONT -DOPENSSL_BN_ASM_GF2m -DRC4_ASM -DSHA1_ASM -DSHA256_ASM -DSHA512_ASM -DMD5_ASM -DRMD160_ASM -DAES_ASM -DVPAES_ASM -DWHIRLPOOL_ASM -DGHASH_ASM -c  -o ghash-x86.o ghash-x86.s
ar  r ../../libcrypto.a cbc128.o ctr128.o cts128.o cfb128.o ofb128.o gcm128.o ccm128.o xts128.o wrap128.o ghash-x86.o
/Library/Developer/CommandLineTools/usr/bin/ranlib: file: ../../libcrypto.a(ebcdic.o) has no symbols
/Library/Developer/CommandLineTools/usr/bin/ranlib: file: ../../libcrypto.a(fips_ers.o) has no symbols
/usr/bin/ranlib ../../libcrypto.a || echo Never mind.
/Library/Developer/CommandLineTools/usr/bin/ranlib: file: ../../libcrypto.a(ebcdic.o) has no symbols
/Library/Developer/CommandLineTools/usr/bin/ranlib: file: ../../libcrypto.a(fips_ers.o) has no symbols
making all in crypto/bn...
cc -I.. -I../.. -I../modes -I../asn1 -I../evp -I../../include  -fPIC -fno-common -DOPENSSL_PIC -DOPENSSL_THREADS -D_REENTRANT -DDSO_DLFCN -DHAVE_DLFCN_H -arch i386 -O3 -fomit-frame-pointer -DL_ENDIAN -DOPENSSL_BN_ASM_PART_WORDS -DOPENSSL_IA32_SSE2 -DOPENSSL_BN_ASM_MONT -DOPENSSL_BN_ASM_GF2m -DRC4_ASM -DSHA1_ASM -DSHA256_ASM -DSHA512_ASM -DMD5_ASM -DRMD160_ASM -DAES_ASM -DVPAES_ASM -DWHIRLPOOL_ASM -DGHASH_ASM -I/opt/homebrew/opt/libxml2/include -I/opt/homebrew/opt/libxslt/include  -c -o bn_add.o bn_add.c
cc -I.. -I../.. -I../modes -I../asn1 -I../evp -I../../include  -fPIC -fno-common -DOPENSSL_PIC -DOPENSSL_THREADS -D_REENTRANT -DDSO_DLFCN -DHAVE_DLFCN_H -arch i386 -O3 -fomit-frame-pointer -DL_ENDIAN -DOPENSSL_BN_ASM_PART_WORDS -DOPENSSL_IA32_SSE2 -DOPENSSL_BN_ASM_MONT -DOPENSSL_BN_ASM_GF2m -DRC4_ASM -DSHA1_ASM -DSHA256_ASM -DSHA512_ASM -DMD5_ASM -DRMD160_ASM -DAES_ASM -DVPAES_ASM -DWHIRLPOOL_ASM -DGHASH_ASM -I/opt/homebrew/opt/libxml2/include -I/opt/homebrew/opt/libxslt/include  -c -o bn_div.o bn_div.c
cc -I.. -I../.. -I../modes -I../asn1 -I../evp -I../../include  -fPIC -fno-common -DOPENSSL_PIC -DOPENSSL_THREADS -D_REENTRANT -DDSO_DLFCN -DHAVE_DLFCN_H -arch i386 -O3 -fomit-frame-pointer -DL_ENDIAN -DOPENSSL_BN_ASM_PART_WORDS -DOPENSSL_IA32_SSE2 -DOPENSSL_BN_ASM_MONT -DOPENSSL_BN_ASM_GF2m -DRC4_ASM -DSHA1_ASM -DSHA256_ASM -DSHA512_ASM -DMD5_ASM -DRMD160_ASM -DAES_ASM -DVPAES_ASM -DWHIRLPOOL_ASM -DGHASH_ASM -I/opt/homebrew/opt/libxml2/include -I/opt/homebrew/opt/libxslt/include  -c -o bn_exp.o bn_exp.c
cc -I.. -I../.. -I../modes -I../asn1 -I../evp -I../../include  -fPIC -fno-common -DOPENSSL_PIC -DOPENSSL_THREADS -D_REENTRANT -DDSO_DLFCN -DHAVE_DLFCN_H -arch i386 -O3 -fomit-frame-pointer -DL_ENDIAN -DOPENSSL_BN_ASM_PART_WORDS -DOPENSSL_IA32_SSE2 -DOPENSSL_BN_ASM_MONT -DOPENSSL_BN_ASM_GF2m -DRC4_ASM -DSHA1_ASM -DSHA256_ASM -DSHA512_ASM -DMD5_ASM -DRMD160_ASM -DAES_ASM -DVPAES_ASM -DWHIRLPOOL_ASM -DGHASH_ASM -I/opt/homebrew/opt/libxml2/include -I/opt/homebrew/opt/libxslt/include  -c -o bn_lib.o bn_lib.c
cc -I.. -I../.. -I../modes -I../asn1 -I../evp -I../../include  -fPIC -fno-common -DOPENSSL_PIC -DOPENSSL_THREADS -D_REENTRANT -DDSO_DLFCN -DHAVE_DLFCN_H -arch i386 -O3 -fomit-frame-pointer -DL_ENDIAN -DOPENSSL_BN_ASM_PART_WORDS -DOPENSSL_IA32_SSE2 -DOPENSSL_BN_ASM_MONT -DOPENSSL_BN_ASM_GF2m -DRC4_ASM -DSHA1_ASM -DSHA256_ASM -DSHA512_ASM -DMD5_ASM -DRMD160_ASM -DAES_ASM -DVPAES_ASM -DWHIRLPOOL_ASM -DGHASH_ASM -I/opt/homebrew/opt/libxml2/include -I/opt/homebrew/opt/libxslt/include  -c -o bn_ctx.o bn_ctx.c
cc -I.. -I../.. -I../modes -I../asn1 -I../evp -I../../include  -fPIC -fno-common -DOPENSSL_PIC -DOPENSSL_THREADS -D_REENTRANT -DDSO_DLFCN -DHAVE_DLFCN_H -arch i386 -O3 -fomit-frame-pointer -DL_ENDIAN -DOPENSSL_BN_ASM_PART_WORDS -DOPENSSL_IA32_SSE2 -DOPENSSL_BN_ASM_MONT -DOPENSSL_BN_ASM_GF2m -DRC4_ASM -DSHA1_ASM -DSHA256_ASM -DSHA512_ASM -DMD5_ASM -DRMD160_ASM -DAES_ASM -DVPAES_ASM -DWHIRLPOOL_ASM -DGHASH_ASM -I/opt/homebrew/opt/libxml2/include -I/opt/homebrew/opt/libxslt/include  -c -o bn_mul.o bn_mul.c
cc -I.. -I../.. -I../modes -I../asn1 -I../evp -I../../include  -fPIC -fno-common -DOPENSSL_PIC -DOPENSSL_THREADS -D_REENTRANT -DDSO_DLFCN -DHAVE_DLFCN_H -arch i386 -O3 -fomit-frame-pointer -DL_ENDIAN -DOPENSSL_BN_ASM_PART_WORDS -DOPENSSL_IA32_SSE2 -DOPENSSL_BN_ASM_MONT -DOPENSSL_BN_ASM_GF2m -DRC4_ASM -DSHA1_ASM -DSHA256_ASM -DSHA512_ASM -DMD5_ASM -DRMD160_ASM -DAES_ASM -DVPAES_ASM -DWHIRLPOOL_ASM -DGHASH_ASM -I/opt/homebrew/opt/libxml2/include -I/opt/homebrew/opt/libxslt/include  -c -o bn_mod.o bn_mod.c
cc -I.. -I../.. -I../modes -I../asn1 -I../evp -I../../include  -fPIC -fno-common -DOPENSSL_PIC -DOPENSSL_THREADS -D_REENTRANT -DDSO_DLFCN -DHAVE_DLFCN_H -arch i386 -O3 -fomit-frame-pointer -DL_ENDIAN -DOPENSSL_BN_ASM_PART_WORDS -DOPENSSL_IA32_SSE2 -DOPENSSL_BN_ASM_MONT -DOPENSSL_BN_ASM_GF2m -DRC4_ASM -DSHA1_ASM -DSHA256_ASM -DSHA512_ASM -DMD5_ASM -DRMD160_ASM -DAES_ASM -DVPAES_ASM -DWHIRLPOOL_ASM -DGHASH_ASM -I/opt/homebrew/opt/libxml2/include -I/opt/homebrew/opt/libxslt/include  -c -o bn_print.o bn_print.c
cc -I.. -I../.. -I../modes -I../asn1 -I../evp -I../../include  -fPIC -fno-common -DOPENSSL_PIC -DOPENSSL_THREADS -D_REENTRANT -DDSO_DLFCN -DHAVE_DLFCN_H -arch i386 -O3 -fomit-frame-pointer -DL_ENDIAN -DOPENSSL_BN_ASM_PART_WORDS -DOPENSSL_IA32_SSE2 -DOPENSSL_BN_ASM_MONT -DOPENSSL_BN_ASM_GF2m -DRC4_ASM -DSHA1_ASM -DSHA256_ASM -DSHA512_ASM -DMD5_ASM -DRMD160_ASM -DAES_ASM -DVPAES_ASM -DWHIRLPOOL_ASM -DGHASH_ASM -I/opt/homebrew/opt/libxml2/include -I/opt/homebrew/opt/libxslt/include  -c -o bn_rand.o bn_rand.c
cc -I.. -I../.. -I../modes -I../asn1 -I../evp -I../../include  -fPIC -fno-common -DOPENSSL_PIC -DOPENSSL_THREADS -D_REENTRANT -DDSO_DLFCN -DHAVE_DLFCN_H -arch i386 -O3 -fomit-frame-pointer -DL_ENDIAN -DOPENSSL_BN_ASM_PART_WORDS -DOPENSSL_IA32_SSE2 -DOPENSSL_BN_ASM_MONT -DOPENSSL_BN_ASM_GF2m -DRC4_ASM -DSHA1_ASM -DSHA256_ASM -DSHA512_ASM -DMD5_ASM -DRMD160_ASM -DAES_ASM -DVPAES_ASM -DWHIRLPOOL_ASM -DGHASH_ASM -I/opt/homebrew/opt/libxml2/include -I/opt/homebrew/opt/libxslt/include  -c -o bn_shift.o bn_shift.c
cc -I.. -I../.. -I../modes -I../asn1 -I../evp -I../../include  -fPIC -fno-common -DOPENSSL_PIC -DOPENSSL_THREADS -D_REENTRANT -DDSO_DLFCN -DHAVE_DLFCN_H -arch i386 -O3 -fomit-frame-pointer -DL_ENDIAN -DOPENSSL_BN_ASM_PART_WORDS -DOPENSSL_IA32_SSE2 -DOPENSSL_BN_ASM_MONT -DOPENSSL_BN_ASM_GF2m -DRC4_ASM -DSHA1_ASM -DSHA256_ASM -DSHA512_ASM -DMD5_ASM -DRMD160_ASM -DAES_ASM -DVPAES_ASM -DWHIRLPOOL_ASM -DGHASH_ASM -I/opt/homebrew/opt/libxml2/include -I/opt/homebrew/opt/libxslt/include  -c -o bn_word.o bn_word.c
cc -I.. -I../.. -I../modes -I../asn1 -I../evp -I../../include  -fPIC -fno-common -DOPENSSL_PIC -DOPENSSL_THREADS -D_REENTRANT -DDSO_DLFCN -DHAVE_DLFCN_H -arch i386 -O3 -fomit-frame-pointer -DL_ENDIAN -DOPENSSL_BN_ASM_PART_WORDS -DOPENSSL_IA32_SSE2 -DOPENSSL_BN_ASM_MONT -DOPENSSL_BN_ASM_GF2m -DRC4_ASM -DSHA1_ASM -DSHA256_ASM -DSHA512_ASM -DMD5_ASM -DRMD160_ASM -DAES_ASM -DVPAES_ASM -DWHIRLPOOL_ASM -DGHASH_ASM -I/opt/homebrew/opt/libxml2/include -I/opt/homebrew/opt/libxslt/include  -c -o bn_blind.o bn_blind.c
cc -I.. -I../.. -I../modes -I../asn1 -I../evp -I../../include  -fPIC -fno-common -DOPENSSL_PIC -DOPENSSL_THREADS -D_REENTRANT -DDSO_DLFCN -DHAVE_DLFCN_H -arch i386 -O3 -fomit-frame-pointer -DL_ENDIAN -DOPENSSL_BN_ASM_PART_WORDS -DOPENSSL_IA32_SSE2 -DOPENSSL_BN_ASM_MONT -DOPENSSL_BN_ASM_GF2m -DRC4_ASM -DSHA1_ASM -DSHA256_ASM -DSHA512_ASM -DMD5_ASM -DRMD160_ASM -DAES_ASM -DVPAES_ASM -DWHIRLPOOL_ASM -DGHASH_ASM -I/opt/homebrew/opt/libxml2/include -I/opt/homebrew/opt/libxslt/include  -c -o bn_kron.o bn_kron.c
cc -I.. -I../.. -I../modes -I../asn1 -I../evp -I../../include  -fPIC -fno-common -DOPENSSL_PIC -DOPENSSL_THREADS -D_REENTRANT -DDSO_DLFCN -DHAVE_DLFCN_H -arch i386 -O3 -fomit-frame-pointer -DL_ENDIAN -DOPENSSL_BN_ASM_PART_WORDS -DOPENSSL_IA32_SSE2 -DOPENSSL_BN_ASM_MONT -DOPENSSL_BN_ASM_GF2m -DRC4_ASM -DSHA1_ASM -DSHA256_ASM -DSHA512_ASM -DMD5_ASM -DRMD160_ASM -DAES_ASM -DVPAES_ASM -DWHIRLPOOL_ASM -DGHASH_ASM -I/opt/homebrew/opt/libxml2/include -I/opt/homebrew/opt/libxslt/include  -c -o bn_sqrt.o bn_sqrt.c
cc -I.. -I../.. -I../modes -I../asn1 -I../evp -I../../include  -fPIC -fno-common -DOPENSSL_PIC -DOPENSSL_THREADS -D_REENTRANT -DDSO_DLFCN -DHAVE_DLFCN_H -arch i386 -O3 -fomit-frame-pointer -DL_ENDIAN -DOPENSSL_BN_ASM_PART_WORDS -DOPENSSL_IA32_SSE2 -DOPENSSL_BN_ASM_MONT -DOPENSSL_BN_ASM_GF2m -DRC4_ASM -DSHA1_ASM -DSHA256_ASM -DSHA512_ASM -DMD5_ASM -DRMD160_ASM -DAES_ASM -DVPAES_ASM -DWHIRLPOOL_ASM -DGHASH_ASM -I/opt/homebrew/opt/libxml2/include -I/opt/homebrew/opt/libxslt/include  -c -o bn_gcd.o bn_gcd.c
cc -I.. -I../.. -I../modes -I../asn1 -I../evp -I../../include  -fPIC -fno-common -DOPENSSL_PIC -DOPENSSL_THREADS -D_REENTRANT -DDSO_DLFCN -DHAVE_DLFCN_H -arch i386 -O3 -fomit-frame-pointer -DL_ENDIAN -DOPENSSL_BN_ASM_PART_WORDS -DOPENSSL_IA32_SSE2 -DOPENSSL_BN_ASM_MONT -DOPENSSL_BN_ASM_GF2m -DRC4_ASM -DSHA1_ASM -DSHA256_ASM -DSHA512_ASM -DMD5_ASM -DRMD160_ASM -DAES_ASM -DVPAES_ASM -DWHIRLPOOL_ASM -DGHASH_ASM -I/opt/homebrew/opt/libxml2/include -I/opt/homebrew/opt/libxslt/include  -c -o bn_prime.o bn_prime.c
cc -I.. -I../.. -I../modes -I../asn1 -I../evp -I../../include  -fPIC -fno-common -DOPENSSL_PIC -DOPENSSL_THREADS -D_REENTRANT -DDSO_DLFCN -DHAVE_DLFCN_H -arch i386 -O3 -fomit-frame-pointer -DL_ENDIAN -DOPENSSL_BN_ASM_PART_WORDS -DOPENSSL_IA32_SSE2 -DOPENSSL_BN_ASM_MONT -DOPENSSL_BN_ASM_GF2m -DRC4_ASM -DSHA1_ASM -DSHA256_ASM -DSHA512_ASM -DMD5_ASM -DRMD160_ASM -DAES_ASM -DVPAES_ASM -DWHIRLPOOL_ASM -DGHASH_ASM -I/opt/homebrew/opt/libxml2/include -I/opt/homebrew/opt/libxslt/include  -c -o bn_err.o bn_err.c
cc -I.. -I../.. -I../modes -I../asn1 -I../evp -I../../include  -fPIC -fno-common -DOPENSSL_PIC -DOPENSSL_THREADS -D_REENTRANT -DDSO_DLFCN -DHAVE_DLFCN_H -arch i386 -O3 -fomit-frame-pointer -DL_ENDIAN -DOPENSSL_BN_ASM_PART_WORDS -DOPENSSL_IA32_SSE2 -DOPENSSL_BN_ASM_MONT -DOPENSSL_BN_ASM_GF2m -DRC4_ASM -DSHA1_ASM -DSHA256_ASM -DSHA512_ASM -DMD5_ASM -DRMD160_ASM -DAES_ASM -DVPAES_ASM -DWHIRLPOOL_ASM -DGHASH_ASM -I/opt/homebrew/opt/libxml2/include -I/opt/homebrew/opt/libxslt/include  -c -o bn_sqr.o bn_sqr.c
/usr/bin/perl asm/bn-586.pl macosx -I.. -I../.. -I../modes -I../asn1 -I../evp -I../../include  -fPIC -fno-common -DOPENSSL_PIC -DOPENSSL_THREADS -D_REENTRANT -DDSO_DLFCN -DHAVE_DLFCN_H -arch i386 -O3 -fomit-frame-pointer -DL_ENDIAN -DOPENSSL_BN_ASM_PART_WORDS -DOPENSSL_IA32_SSE2 -DOPENSSL_BN_ASM_MONT -DOPENSSL_BN_ASM_GF2m -DRC4_ASM -DSHA1_ASM -DSHA256_ASM -DSHA512_ASM -DMD5_ASM -DRMD160_ASM -DAES_ASM -DVPAES_ASM -DWHIRLPOOL_ASM -DGHASH_ASM  > bn-586.s
/usr/bin/perl asm/co-586.pl macosx -I.. -I../.. -I../modes -I../asn1 -I../evp -I../../include  -fPIC -fno-common -DOPENSSL_PIC -DOPENSSL_THREADS -D_REENTRANT -DDSO_DLFCN -DHAVE_DLFCN_H -arch i386 -O3 -fomit-frame-pointer -DL_ENDIAN -DOPENSSL_BN_ASM_PART_WORDS -DOPENSSL_IA32_SSE2 -DOPENSSL_BN_ASM_MONT -DOPENSSL_BN_ASM_GF2m -DRC4_ASM -DSHA1_ASM -DSHA256_ASM -DSHA512_ASM -DMD5_ASM -DRMD160_ASM -DAES_ASM -DVPAES_ASM -DWHIRLPOOL_ASM -DGHASH_ASM  > co-586.s
/usr/bin/perl asm/x86-mont.pl macosx -I.. -I../.. -I../modes -I../asn1 -I../evp -I../../include  -fPIC -fno-common -DOPENSSL_PIC -DOPENSSL_THREADS -D_REENTRANT -DDSO_DLFCN -DHAVE_DLFCN_H -arch i386 -O3 -fomit-frame-pointer -DL_ENDIAN -DOPENSSL_BN_ASM_PART_WORDS -DOPENSSL_IA32_SSE2 -DOPENSSL_BN_ASM_MONT -DOPENSSL_BN_ASM_GF2m -DRC4_ASM -DSHA1_ASM -DSHA256_ASM -DSHA512_ASM -DMD5_ASM -DRMD160_ASM -DAES_ASM -DVPAES_ASM -DWHIRLPOOL_ASM -DGHASH_ASM  > x86-mont.s
/usr/bin/perl asm/x86-gf2m.pl macosx -I.. -I../.. -I../modes -I../asn1 -I../evp -I../../include  -fPIC -fno-common -DOPENSSL_PIC -DOPENSSL_THREADS -D_REENTRANT -DDSO_DLFCN -DHAVE_DLFCN_H -arch i386 -O3 -fomit-frame-pointer -DL_ENDIAN -DOPENSSL_BN_ASM_PART_WORDS -DOPENSSL_IA32_SSE2 -DOPENSSL_BN_ASM_MONT -DOPENSSL_BN_ASM_GF2m -DRC4_ASM -DSHA1_ASM -DSHA256_ASM -DSHA512_ASM -DMD5_ASM -DRMD160_ASM -DAES_ASM -DVPAES_ASM -DWHIRLPOOL_ASM -DGHASH_ASM  > x86-gf2m.s
cc -I.. -I../.. -I../modes -I../asn1 -I../evp -I../../include  -fPIC -fno-common -DOPENSSL_PIC -DOPENSSL_THREADS -D_REENTRANT -DDSO_DLFCN -DHAVE_DLFCN_H -arch i386 -O3 -fomit-frame-pointer -DL_ENDIAN -DOPENSSL_BN_ASM_PART_WORDS -DOPENSSL_IA32_SSE2 -DOPENSSL_BN_ASM_MONT -DOPENSSL_BN_ASM_GF2m -DRC4_ASM -DSHA1_ASM -DSHA256_ASM -DSHA512_ASM -DMD5_ASM -DRMD160_ASM -DAES_ASM -DVPAES_ASM -DWHIRLPOOL_ASM -DGHASH_ASM -I/opt/homebrew/opt/libxml2/include -I/opt/homebrew/opt/libxslt/include  -c -o bn_recp.o bn_recp.c
cc -I.. -I../.. -I../modes -I../asn1 -I../evp -I../../include  -fPIC -fno-common -DOPENSSL_PIC -DOPENSSL_THREADS -D_REENTRANT -DDSO_DLFCN -DHAVE_DLFCN_H -arch i386 -O3 -fomit-frame-pointer -DL_ENDIAN -DOPENSSL_BN_ASM_PART_WORDS -DOPENSSL_IA32_SSE2 -DOPENSSL_BN_ASM_MONT -DOPENSSL_BN_ASM_GF2m -DRC4_ASM -DSHA1_ASM -DSHA256_ASM -DSHA512_ASM -DMD5_ASM -DRMD160_ASM -DAES_ASM -DVPAES_ASM -DWHIRLPOOL_ASM -DGHASH_ASM -I/opt/homebrew/opt/libxml2/include -I/opt/homebrew/opt/libxslt/include  -c -o bn_mont.o bn_mont.c
cc -I.. -I../.. -I../modes -I../asn1 -I../evp -I../../include  -fPIC -fno-common -DOPENSSL_PIC -DOPENSSL_THREADS -D_REENTRANT -DDSO_DLFCN -DHAVE_DLFCN_H -arch i386 -O3 -fomit-frame-pointer -DL_ENDIAN -DOPENSSL_BN_ASM_PART_WORDS -DOPENSSL_IA32_SSE2 -DOPENSSL_BN_ASM_MONT -DOPENSSL_BN_ASM_GF2m -DRC4_ASM -DSHA1_ASM -DSHA256_ASM -DSHA512_ASM -DMD5_ASM -DRMD160_ASM -DAES_ASM -DVPAES_ASM -DWHIRLPOOL_ASM -DGHASH_ASM -I/opt/homebrew/opt/libxml2/include -I/opt/homebrew/opt/libxslt/include  -c -o bn_mpi.o bn_mpi.c
cc -I.. -I../.. -I../modes -I../asn1 -I../evp -I../../include  -fPIC -fno-common -DOPENSSL_PIC -DOPENSSL_THREADS -D_REENTRANT -DDSO_DLFCN -DHAVE_DLFCN_H -arch i386 -O3 -fomit-frame-pointer -DL_ENDIAN -DOPENSSL_BN_ASM_PART_WORDS -DOPENSSL_IA32_SSE2 -DOPENSSL_BN_ASM_MONT -DOPENSSL_BN_ASM_GF2m -DRC4_ASM -DSHA1_ASM -DSHA256_ASM -DSHA512_ASM -DMD5_ASM -DRMD160_ASM -DAES_ASM -DVPAES_ASM -DWHIRLPOOL_ASM -DGHASH_ASM -I/opt/homebrew/opt/libxml2/include -I/opt/homebrew/opt/libxslt/include  -c -o bn_exp2.o bn_exp2.c
cc -I.. -I../.. -I../modes -I../asn1 -I../evp -I../../include  -fPIC -fno-common -DOPENSSL_PIC -DOPENSSL_THREADS -D_REENTRANT -DDSO_DLFCN -DHAVE_DLFCN_H -arch i386 -O3 -fomit-frame-pointer -DL_ENDIAN -DOPENSSL_BN_ASM_PART_WORDS -DOPENSSL_IA32_SSE2 -DOPENSSL_BN_ASM_MONT -DOPENSSL_BN_ASM_GF2m -DRC4_ASM -DSHA1_ASM -DSHA256_ASM -DSHA512_ASM -DMD5_ASM -DRMD160_ASM -DAES_ASM -DVPAES_ASM -DWHIRLPOOL_ASM -DGHASH_ASM -I/opt/homebrew/opt/libxml2/include -I/opt/homebrew/opt/libxslt/include  -c -o bn_gf2m.o bn_gf2m.c
cc -I.. -I../.. -I../modes -I../asn1 -I../evp -I../../include  -fPIC -fno-common -DOPENSSL_PIC -DOPENSSL_THREADS -D_REENTRANT -DDSO_DLFCN -DHAVE_DLFCN_H -arch i386 -O3 -fomit-frame-pointer -DL_ENDIAN -DOPENSSL_BN_ASM_PART_WORDS -DOPENSSL_IA32_SSE2 -DOPENSSL_BN_ASM_MONT -DOPENSSL_BN_ASM_GF2m -DRC4_ASM -DSHA1_ASM -DSHA256_ASM -DSHA512_ASM -DMD5_ASM -DRMD160_ASM -DAES_ASM -DVPAES_ASM -DWHIRLPOOL_ASM -DGHASH_ASM -I/opt/homebrew/opt/libxml2/include -I/opt/homebrew/opt/libxslt/include  -c -o bn_nist.o bn_nist.c
cc -I.. -I../.. -I../modes -I../asn1 -I../evp -I../../include  -fPIC -fno-common -DOPENSSL_PIC -DOPENSSL_THREADS -D_REENTRANT -DDSO_DLFCN -DHAVE_DLFCN_H -arch i386 -O3 -fomit-frame-pointer -DL_ENDIAN -DOPENSSL_BN_ASM_PART_WORDS -DOPENSSL_IA32_SSE2 -DOPENSSL_BN_ASM_MONT -DOPENSSL_BN_ASM_GF2m -DRC4_ASM -DSHA1_ASM -DSHA256_ASM -DSHA512_ASM -DMD5_ASM -DRMD160_ASM -DAES_ASM -DVPAES_ASM -DWHIRLPOOL_ASM -DGHASH_ASM -I/opt/homebrew/opt/libxml2/include -I/opt/homebrew/opt/libxslt/include  -c -o bn_depr.o bn_depr.c
cc -I.. -I../.. -I../modes -I../asn1 -I../evp -I../../include  -fPIC -fno-common -DOPENSSL_PIC -DOPENSSL_THREADS -D_REENTRANT -DDSO_DLFCN -DHAVE_DLFCN_H -arch i386 -O3 -fomit-frame-pointer -DL_ENDIAN -DOPENSSL_BN_ASM_PART_WORDS -DOPENSSL_IA32_SSE2 -DOPENSSL_BN_ASM_MONT -DOPENSSL_BN_ASM_GF2m -DRC4_ASM -DSHA1_ASM -DSHA256_ASM -DSHA512_ASM -DMD5_ASM -DRMD160_ASM -DAES_ASM -DVPAES_ASM -DWHIRLPOOL_ASM -DGHASH_ASM -I/opt/homebrew/opt/libxml2/include -I/opt/homebrew/opt/libxslt/include  -c -o bn_const.o bn_const.c
cc -I.. -I../.. -I../modes -I../asn1 -I../evp -I../../include  -fPIC -fno-common -DOPENSSL_PIC -DOPENSSL_THREADS -D_REENTRANT -DDSO_DLFCN -DHAVE_DLFCN_H -arch i386 -O3 -fomit-frame-pointer -DL_ENDIAN -DOPENSSL_BN_ASM_PART_WORDS -DOPENSSL_IA32_SSE2 -DOPENSSL_BN_ASM_MONT -DOPENSSL_BN_ASM_GF2m -DRC4_ASM -DSHA1_ASM -DSHA256_ASM -DSHA512_ASM -DMD5_ASM -DRMD160_ASM -DAES_ASM -DVPAES_ASM -DWHIRLPOOL_ASM -DGHASH_ASM -I/opt/homebrew/opt/libxml2/include -I/opt/homebrew/opt/libxslt/include  -c -o bn_x931p.o bn_x931p.c
cc -I.. -I../.. -I../modes -I../asn1 -I../evp -I../../include  -fPIC -fno-common -DOPENSSL_PIC -DOPENSSL_THREADS -D_REENTRANT -DDSO_DLFCN -DHAVE_DLFCN_H -arch i386 -O3 -fomit-frame-pointer -DL_ENDIAN -DOPENSSL_BN_ASM_PART_WORDS -DOPENSSL_IA32_SSE2 -DOPENSSL_BN_ASM_MONT -DOPENSSL_BN_ASM_GF2m -DRC4_ASM -DSHA1_ASM -DSHA256_ASM -DSHA512_ASM -DMD5_ASM -DRMD160_ASM -DAES_ASM -DVPAES_ASM -DWHIRLPOOL_ASM -DGHASH_ASM -c  -o bn-586.o bn-586.s
cc -I.. -I../.. -I../modes -I../asn1 -I../evp -I../../include  -fPIC -fno-common -DOPENSSL_PIC -DOPENSSL_THREADS -D_REENTRANT -DDSO_DLFCN -DHAVE_DLFCN_H -arch i386 -O3 -fomit-frame-pointer -DL_ENDIAN -DOPENSSL_BN_ASM_PART_WORDS -DOPENSSL_IA32_SSE2 -DOPENSSL_BN_ASM_MONT -DOPENSSL_BN_ASM_GF2m -DRC4_ASM -DSHA1_ASM -DSHA256_ASM -DSHA512_ASM -DMD5_ASM -DRMD160_ASM -DAES_ASM -DVPAES_ASM -DWHIRLPOOL_ASM -DGHASH_ASM -c  -o co-586.o co-586.s
cc -I.. -I../.. -I../modes -I../asn1 -I../evp -I../../include  -fPIC -fno-common -DOPENSSL_PIC -DOPENSSL_THREADS -D_REENTRANT -DDSO_DLFCN -DHAVE_DLFCN_H -arch i386 -O3 -fomit-frame-pointer -DL_ENDIAN -DOPENSSL_BN_ASM_PART_WORDS -DOPENSSL_IA32_SSE2 -DOPENSSL_BN_ASM_MONT -DOPENSSL_BN_ASM_GF2m -DRC4_ASM -DSHA1_ASM -DSHA256_ASM -DSHA512_ASM -DMD5_ASM -DRMD160_ASM -DAES_ASM -DVPAES_ASM -DWHIRLPOOL_ASM -DGHASH_ASM -c  -o x86-mont.o x86-mont.s
cc -I.. -I../.. -I../modes -I../asn1 -I../evp -I../../include  -fPIC -fno-common -DOPENSSL_PIC -DOPENSSL_THREADS -D_REENTRANT -DDSO_DLFCN -DHAVE_DLFCN_H -arch i386 -O3 -fomit-frame-pointer -DL_ENDIAN -DOPENSSL_BN_ASM_PART_WORDS -DOPENSSL_IA32_SSE2 -DOPENSSL_BN_ASM_MONT -DOPENSSL_BN_ASM_GF2m -DRC4_ASM -DSHA1_ASM -DSHA256_ASM -DSHA512_ASM -DMD5_ASM -DRMD160_ASM -DAES_ASM -DVPAES_ASM -DWHIRLPOOL_ASM -DGHASH_ASM -c  -o x86-gf2m.o x86-gf2m.s
ar  r ../../libcrypto.a bn_add.o bn_div.o bn_exp.o bn_lib.o bn_ctx.o bn_mul.o bn_mod.o bn_print.o bn_rand.o bn_shift.o bn_word.o bn_blind.o bn_kron.o bn_sqrt.o bn_gcd.o bn_prime.o bn_err.o bn_sqr.o bn-586.o co-586.o x86-mont.o x86-gf2m.o bn_recp.o bn_mont.o bn_mpi.o bn_exp2.o bn_gf2m.o bn_nist.o bn_depr.o bn_const.o bn_x931p.o
/Library/Developer/CommandLineTools/usr/bin/ranlib: file: ../../libcrypto.a(ebcdic.o) has no symbols
/Library/Developer/CommandLineTools/usr/bin/ranlib: file: ../../libcrypto.a(fips_ers.o) has no symbols
/usr/bin/ranlib ../../libcrypto.a || echo Never mind.
/Library/Developer/CommandLineTools/usr/bin/ranlib: file: ../../libcrypto.a(ebcdic.o) has no symbols
/Library/Developer/CommandLineTools/usr/bin/ranlib: file: ../../libcrypto.a(fips_ers.o) has no symbols
making all in crypto/ec...
cc -I.. -I../.. -I../modes -I../asn1 -I../evp -I../../include  -fPIC -fno-common -DOPENSSL_PIC -DOPENSSL_THREADS -D_REENTRANT -DDSO_DLFCN -DHAVE_DLFCN_H -arch i386 -O3 -fomit-frame-pointer -DL_ENDIAN -DOPENSSL_BN_ASM_PART_WORDS -DOPENSSL_IA32_SSE2 -DOPENSSL_BN_ASM_MONT -DOPENSSL_BN_ASM_GF2m -DRC4_ASM -DSHA1_ASM -DSHA256_ASM -DSHA512_ASM -DMD5_ASM -DRMD160_ASM -DAES_ASM -DVPAES_ASM -DWHIRLPOOL_ASM -DGHASH_ASM -I/opt/homebrew/opt/libxml2/include -I/opt/homebrew/opt/libxslt/include  -c -o ec_lib.o ec_lib.c
cc -I.. -I../.. -I../modes -I../asn1 -I../evp -I../../include  -fPIC -fno-common -DOPENSSL_PIC -DOPENSSL_THREADS -D_REENTRANT -DDSO_DLFCN -DHAVE_DLFCN_H -arch i386 -O3 -fomit-frame-pointer -DL_ENDIAN -DOPENSSL_BN_ASM_PART_WORDS -DOPENSSL_IA32_SSE2 -DOPENSSL_BN_ASM_MONT -DOPENSSL_BN_ASM_GF2m -DRC4_ASM -DSHA1_ASM -DSHA256_ASM -DSHA512_ASM -DMD5_ASM -DRMD160_ASM -DAES_ASM -DVPAES_ASM -DWHIRLPOOL_ASM -DGHASH_ASM -I/opt/homebrew/opt/libxml2/include -I/opt/homebrew/opt/libxslt/include  -c -o ecp_smpl.o ecp_smpl.c
cc -I.. -I../.. -I../modes -I../asn1 -I../evp -I../../include  -fPIC -fno-common -DOPENSSL_PIC -DOPENSSL_THREADS -D_REENTRANT -DDSO_DLFCN -DHAVE_DLFCN_H -arch i386 -O3 -fomit-frame-pointer -DL_ENDIAN -DOPENSSL_BN_ASM_PART_WORDS -DOPENSSL_IA32_SSE2 -DOPENSSL_BN_ASM_MONT -DOPENSSL_BN_ASM_GF2m -DRC4_ASM -DSHA1_ASM -DSHA256_ASM -DSHA512_ASM -DMD5_ASM -DRMD160_ASM -DAES_ASM -DVPAES_ASM -DWHIRLPOOL_ASM -DGHASH_ASM -I/opt/homebrew/opt/libxml2/include -I/opt/homebrew/opt/libxslt/include  -c -o ecp_mont.o ecp_mont.c
cc -I.. -I../.. -I../modes -I../asn1 -I../evp -I../../include  -fPIC -fno-common -DOPENSSL_PIC -DOPENSSL_THREADS -D_REENTRANT -DDSO_DLFCN -DHAVE_DLFCN_H -arch i386 -O3 -fomit-frame-pointer -DL_ENDIAN -DOPENSSL_BN_ASM_PART_WORDS -DOPENSSL_IA32_SSE2 -DOPENSSL_BN_ASM_MONT -DOPENSSL_BN_ASM_GF2m -DRC4_ASM -DSHA1_ASM -DSHA256_ASM -DSHA512_ASM -DMD5_ASM -DRMD160_ASM -DAES_ASM -DVPAES_ASM -DWHIRLPOOL_ASM -DGHASH_ASM -I/opt/homebrew/opt/libxml2/include -I/opt/homebrew/opt/libxslt/include  -c -o ecp_nist.o ecp_nist.c
cc -I.. -I../.. -I../modes -I../asn1 -I../evp -I../../include  -fPIC -fno-common -DOPENSSL_PIC -DOPENSSL_THREADS -D_REENTRANT -DDSO_DLFCN -DHAVE_DLFCN_H -arch i386 -O3 -fomit-frame-pointer -DL_ENDIAN -DOPENSSL_BN_ASM_PART_WORDS -DOPENSSL_IA32_SSE2 -DOPENSSL_BN_ASM_MONT -DOPENSSL_BN_ASM_GF2m -DRC4_ASM -DSHA1_ASM -DSHA256_ASM -DSHA512_ASM -DMD5_ASM -DRMD160_ASM -DAES_ASM -DVPAES_ASM -DWHIRLPOOL_ASM -DGHASH_ASM -I/opt/homebrew/opt/libxml2/include -I/opt/homebrew/opt/libxslt/include  -c -o ec_cvt.o ec_cvt.c
cc -I.. -I../.. -I../modes -I../asn1 -I../evp -I../../include  -fPIC -fno-common -DOPENSSL_PIC -DOPENSSL_THREADS -D_REENTRANT -DDSO_DLFCN -DHAVE_DLFCN_H -arch i386 -O3 -fomit-frame-pointer -DL_ENDIAN -DOPENSSL_BN_ASM_PART_WORDS -DOPENSSL_IA32_SSE2 -DOPENSSL_BN_ASM_MONT -DOPENSSL_BN_ASM_GF2m -DRC4_ASM -DSHA1_ASM -DSHA256_ASM -DSHA512_ASM -DMD5_ASM -DRMD160_ASM -DAES_ASM -DVPAES_ASM -DWHIRLPOOL_ASM -DGHASH_ASM -I/opt/homebrew/opt/libxml2/include -I/opt/homebrew/opt/libxslt/include  -c -o ec_mult.o ec_mult.c
cc -I.. -I../.. -I../modes -I../asn1 -I../evp -I../../include  -fPIC -fno-common -DOPENSSL_PIC -DOPENSSL_THREADS -D_REENTRANT -DDSO_DLFCN -DHAVE_DLFCN_H -arch i386 -O3 -fomit-frame-pointer -DL_ENDIAN -DOPENSSL_BN_ASM_PART_WORDS -DOPENSSL_IA32_SSE2 -DOPENSSL_BN_ASM_MONT -DOPENSSL_BN_ASM_GF2m -DRC4_ASM -DSHA1_ASM -DSHA256_ASM -DSHA512_ASM -DMD5_ASM -DRMD160_ASM -DAES_ASM -DVPAES_ASM -DWHIRLPOOL_ASM -DGHASH_ASM -I/opt/homebrew/opt/libxml2/include -I/opt/homebrew/opt/libxslt/include  -c -o ec_err.o ec_err.c
cc -I.. -I../.. -I../modes -I../asn1 -I../evp -I../../include  -fPIC -fno-common -DOPENSSL_PIC -DOPENSSL_THREADS -D_REENTRANT -DDSO_DLFCN -DHAVE_DLFCN_H -arch i386 -O3 -fomit-frame-pointer -DL_ENDIAN -DOPENSSL_BN_ASM_PART_WORDS -DOPENSSL_IA32_SSE2 -DOPENSSL_BN_ASM_MONT -DOPENSSL_BN_ASM_GF2m -DRC4_ASM -DSHA1_ASM -DSHA256_ASM -DSHA512_ASM -DMD5_ASM -DRMD160_ASM -DAES_ASM -DVPAES_ASM -DWHIRLPOOL_ASM -DGHASH_ASM -I/opt/homebrew/opt/libxml2/include -I/opt/homebrew/opt/libxslt/include  -c -o ec_curve.o ec_curve.c
cc -I.. -I../.. -I../modes -I../asn1 -I../evp -I../../include  -fPIC -fno-common -DOPENSSL_PIC -DOPENSSL_THREADS -D_REENTRANT -DDSO_DLFCN -DHAVE_DLFCN_H -arch i386 -O3 -fomit-frame-pointer -DL_ENDIAN -DOPENSSL_BN_ASM_PART_WORDS -DOPENSSL_IA32_SSE2 -DOPENSSL_BN_ASM_MONT -DOPENSSL_BN_ASM_GF2m -DRC4_ASM -DSHA1_ASM -DSHA256_ASM -DSHA512_ASM -DMD5_ASM -DRMD160_ASM -DAES_ASM -DVPAES_ASM -DWHIRLPOOL_ASM -DGHASH_ASM -I/opt/homebrew/opt/libxml2/include -I/opt/homebrew/opt/libxslt/include  -c -o ec_check.o ec_check.c
cc -I.. -I../.. -I../modes -I../asn1 -I../evp -I../../include  -fPIC -fno-common -DOPENSSL_PIC -DOPENSSL_THREADS -D_REENTRANT -DDSO_DLFCN -DHAVE_DLFCN_H -arch i386 -O3 -fomit-frame-pointer -DL_ENDIAN -DOPENSSL_BN_ASM_PART_WORDS -DOPENSSL_IA32_SSE2 -DOPENSSL_BN_ASM_MONT -DOPENSSL_BN_ASM_GF2m -DRC4_ASM -DSHA1_ASM -DSHA256_ASM -DSHA512_ASM -DMD5_ASM -DRMD160_ASM -DAES_ASM -DVPAES_ASM -DWHIRLPOOL_ASM -DGHASH_ASM -I/opt/homebrew/opt/libxml2/include -I/opt/homebrew/opt/libxslt/include  -c -o ec_print.o ec_print.c
cc -I.. -I../.. -I../modes -I../asn1 -I../evp -I../../include  -fPIC -fno-common -DOPENSSL_PIC -DOPENSSL_THREADS -D_REENTRANT -DDSO_DLFCN -DHAVE_DLFCN_H -arch i386 -O3 -fomit-frame-pointer -DL_ENDIAN -DOPENSSL_BN_ASM_PART_WORDS -DOPENSSL_IA32_SSE2 -DOPENSSL_BN_ASM_MONT -DOPENSSL_BN_ASM_GF2m -DRC4_ASM -DSHA1_ASM -DSHA256_ASM -DSHA512_ASM -DMD5_ASM -DRMD160_ASM -DAES_ASM -DVPAES_ASM -DWHIRLPOOL_ASM -DGHASH_ASM -I/opt/homebrew/opt/libxml2/include -I/opt/homebrew/opt/libxslt/include  -c -o ec_asn1.o ec_asn1.c
cc -I.. -I../.. -I../modes -I../asn1 -I../evp -I../../include  -fPIC -fno-common -DOPENSSL_PIC -DOPENSSL_THREADS -D_REENTRANT -DDSO_DLFCN -DHAVE_DLFCN_H -arch i386 -O3 -fomit-frame-pointer -DL_ENDIAN -DOPENSSL_BN_ASM_PART_WORDS -DOPENSSL_IA32_SSE2 -DOPENSSL_BN_ASM_MONT -DOPENSSL_BN_ASM_GF2m -DRC4_ASM -DSHA1_ASM -DSHA256_ASM -DSHA512_ASM -DMD5_ASM -DRMD160_ASM -DAES_ASM -DVPAES_ASM -DWHIRLPOOL_ASM -DGHASH_ASM -I/opt/homebrew/opt/libxml2/include -I/opt/homebrew/opt/libxslt/include  -c -o ec_key.o ec_key.c
cc -I.. -I../.. -I../modes -I../asn1 -I../evp -I../../include  -fPIC -fno-common -DOPENSSL_PIC -DOPENSSL_THREADS -D_REENTRANT -DDSO_DLFCN -DHAVE_DLFCN_H -arch i386 -O3 -fomit-frame-pointer -DL_ENDIAN -DOPENSSL_BN_ASM_PART_WORDS -DOPENSSL_IA32_SSE2 -DOPENSSL_BN_ASM_MONT -DOPENSSL_BN_ASM_GF2m -DRC4_ASM -DSHA1_ASM -DSHA256_ASM -DSHA512_ASM -DMD5_ASM -DRMD160_ASM -DAES_ASM -DVPAES_ASM -DWHIRLPOOL_ASM -DGHASH_ASM -I/opt/homebrew/opt/libxml2/include -I/opt/homebrew/opt/libxslt/include  -c -o ec2_smpl.o ec2_smpl.c
cc -I.. -I../.. -I../modes -I../asn1 -I../evp -I../../include  -fPIC -fno-common -DOPENSSL_PIC -DOPENSSL_THREADS -D_REENTRANT -DDSO_DLFCN -DHAVE_DLFCN_H -arch i386 -O3 -fomit-frame-pointer -DL_ENDIAN -DOPENSSL_BN_ASM_PART_WORDS -DOPENSSL_IA32_SSE2 -DOPENSSL_BN_ASM_MONT -DOPENSSL_BN_ASM_GF2m -DRC4_ASM -DSHA1_ASM -DSHA256_ASM -DSHA512_ASM -DMD5_ASM -DRMD160_ASM -DAES_ASM -DVPAES_ASM -DWHIRLPOOL_ASM -DGHASH_ASM -I/opt/homebrew/opt/libxml2/include -I/opt/homebrew/opt/libxslt/include  -c -o ec2_mult.o ec2_mult.c
cc -I.. -I../.. -I../modes -I../asn1 -I../evp -I../../include  -fPIC -fno-common -DOPENSSL_PIC -DOPENSSL_THREADS -D_REENTRANT -DDSO_DLFCN -DHAVE_DLFCN_H -arch i386 -O3 -fomit-frame-pointer -DL_ENDIAN -DOPENSSL_BN_ASM_PART_WORDS -DOPENSSL_IA32_SSE2 -DOPENSSL_BN_ASM_MONT -DOPENSSL_BN_ASM_GF2m -DRC4_ASM -DSHA1_ASM -DSHA256_ASM -DSHA512_ASM -DMD5_ASM -DRMD160_ASM -DAES_ASM -DVPAES_ASM -DWHIRLPOOL_ASM -DGHASH_ASM -I/opt/homebrew/opt/libxml2/include -I/opt/homebrew/opt/libxslt/include  -c -o ec_ameth.o ec_ameth.c
cc -I.. -I../.. -I../modes -I../asn1 -I../evp -I../../include  -fPIC -fno-common -DOPENSSL_PIC -DOPENSSL_THREADS -D_REENTRANT -DDSO_DLFCN -DHAVE_DLFCN_H -arch i386 -O3 -fomit-frame-pointer -DL_ENDIAN -DOPENSSL_BN_ASM_PART_WORDS -DOPENSSL_IA32_SSE2 -DOPENSSL_BN_ASM_MONT -DOPENSSL_BN_ASM_GF2m -DRC4_ASM -DSHA1_ASM -DSHA256_ASM -DSHA512_ASM -DMD5_ASM -DRMD160_ASM -DAES_ASM -DVPAES_ASM -DWHIRLPOOL_ASM -DGHASH_ASM -I/opt/homebrew/opt/libxml2/include -I/opt/homebrew/opt/libxslt/include  -c -o ec_pmeth.o ec_pmeth.c
cc -I.. -I../.. -I../modes -I../asn1 -I../evp -I../../include  -fPIC -fno-common -DOPENSSL_PIC -DOPENSSL_THREADS -D_REENTRANT -DDSO_DLFCN -DHAVE_DLFCN_H -arch i386 -O3 -fomit-frame-pointer -DL_ENDIAN -DOPENSSL_BN_ASM_PART_WORDS -DOPENSSL_IA32_SSE2 -DOPENSSL_BN_ASM_MONT -DOPENSSL_BN_ASM_GF2m -DRC4_ASM -DSHA1_ASM -DSHA256_ASM -DSHA512_ASM -DMD5_ASM -DRMD160_ASM -DAES_ASM -DVPAES_ASM -DWHIRLPOOL_ASM -DGHASH_ASM -I/opt/homebrew/opt/libxml2/include -I/opt/homebrew/opt/libxslt/include  -c -o eck_prn.o eck_prn.c
cc -I.. -I../.. -I../modes -I../asn1 -I../evp -I../../include  -fPIC -fno-common -DOPENSSL_PIC -DOPENSSL_THREADS -D_REENTRANT -DDSO_DLFCN -DHAVE_DLFCN_H -arch i386 -O3 -fomit-frame-pointer -DL_ENDIAN -DOPENSSL_BN_ASM_PART_WORDS -DOPENSSL_IA32_SSE2 -DOPENSSL_BN_ASM_MONT -DOPENSSL_BN_ASM_GF2m -DRC4_ASM -DSHA1_ASM -DSHA256_ASM -DSHA512_ASM -DMD5_ASM -DRMD160_ASM -DAES_ASM -DVPAES_ASM -DWHIRLPOOL_ASM -DGHASH_ASM -I/opt/homebrew/opt/libxml2/include -I/opt/homebrew/opt/libxslt/include  -c -o ecp_nistp224.o ecp_nistp224.c
cc -I.. -I../.. -I../modes -I../asn1 -I../evp -I../../include  -fPIC -fno-common -DOPENSSL_PIC -DOPENSSL_THREADS -D_REENTRANT -DDSO_DLFCN -DHAVE_DLFCN_H -arch i386 -O3 -fomit-frame-pointer -DL_ENDIAN -DOPENSSL_BN_ASM_PART_WORDS -DOPENSSL_IA32_SSE2 -DOPENSSL_BN_ASM_MONT -DOPENSSL_BN_ASM_GF2m -DRC4_ASM -DSHA1_ASM -DSHA256_ASM -DSHA512_ASM -DMD5_ASM -DRMD160_ASM -DAES_ASM -DVPAES_ASM -DWHIRLPOOL_ASM -DGHASH_ASM -I/opt/homebrew/opt/libxml2/include -I/opt/homebrew/opt/libxslt/include  -c -o ecp_nistp256.o ecp_nistp256.c
cc -I.. -I../.. -I../modes -I../asn1 -I../evp -I../../include  -fPIC -fno-common -DOPENSSL_PIC -DOPENSSL_THREADS -D_REENTRANT -DDSO_DLFCN -DHAVE_DLFCN_H -arch i386 -O3 -fomit-frame-pointer -DL_ENDIAN -DOPENSSL_BN_ASM_PART_WORDS -DOPENSSL_IA32_SSE2 -DOPENSSL_BN_ASM_MONT -DOPENSSL_BN_ASM_GF2m -DRC4_ASM -DSHA1_ASM -DSHA256_ASM -DSHA512_ASM -DMD5_ASM -DRMD160_ASM -DAES_ASM -DVPAES_ASM -DWHIRLPOOL_ASM -DGHASH_ASM -I/opt/homebrew/opt/libxml2/include -I/opt/homebrew/opt/libxslt/include  -c -o ecp_nistp521.o ecp_nistp521.c
cc -I.. -I../.. -I../modes -I../asn1 -I../evp -I../../include  -fPIC -fno-common -DOPENSSL_PIC -DOPENSSL_THREADS -D_REENTRANT -DDSO_DLFCN -DHAVE_DLFCN_H -arch i386 -O3 -fomit-frame-pointer -DL_ENDIAN -DOPENSSL_BN_ASM_PART_WORDS -DOPENSSL_IA32_SSE2 -DOPENSSL_BN_ASM_MONT -DOPENSSL_BN_ASM_GF2m -DRC4_ASM -DSHA1_ASM -DSHA256_ASM -DSHA512_ASM -DMD5_ASM -DRMD160_ASM -DAES_ASM -DVPAES_ASM -DWHIRLPOOL_ASM -DGHASH_ASM -I/opt/homebrew/opt/libxml2/include -I/opt/homebrew/opt/libxslt/include  -c -o ecp_nistputil.o ecp_nistputil.c
cc -I.. -I../.. -I../modes -I../asn1 -I../evp -I../../include  -fPIC -fno-common -DOPENSSL_PIC -DOPENSSL_THREADS -D_REENTRANT -DDSO_DLFCN -DHAVE_DLFCN_H -arch i386 -O3 -fomit-frame-pointer -DL_ENDIAN -DOPENSSL_BN_ASM_PART_WORDS -DOPENSSL_IA32_SSE2 -DOPENSSL_BN_ASM_MONT -DOPENSSL_BN_ASM_GF2m -DRC4_ASM -DSHA1_ASM -DSHA256_ASM -DSHA512_ASM -DMD5_ASM -DRMD160_ASM -DAES_ASM -DVPAES_ASM -DWHIRLPOOL_ASM -DGHASH_ASM -I/opt/homebrew/opt/libxml2/include -I/opt/homebrew/opt/libxslt/include  -c -o ecp_oct.o ecp_oct.c
cc -I.. -I../.. -I../modes -I../asn1 -I../evp -I../../include  -fPIC -fno-common -DOPENSSL_PIC -DOPENSSL_THREADS -D_REENTRANT -DDSO_DLFCN -DHAVE_DLFCN_H -arch i386 -O3 -fomit-frame-pointer -DL_ENDIAN -DOPENSSL_BN_ASM_PART_WORDS -DOPENSSL_IA32_SSE2 -DOPENSSL_BN_ASM_MONT -DOPENSSL_BN_ASM_GF2m -DRC4_ASM -DSHA1_ASM -DSHA256_ASM -DSHA512_ASM -DMD5_ASM -DRMD160_ASM -DAES_ASM -DVPAES_ASM -DWHIRLPOOL_ASM -DGHASH_ASM -I/opt/homebrew/opt/libxml2/include -I/opt/homebrew/opt/libxslt/include  -c -o ec2_oct.o ec2_oct.c
cc -I.. -I../.. -I../modes -I../asn1 -I../evp -I../../include  -fPIC -fno-common -DOPENSSL_PIC -DOPENSSL_THREADS -D_REENTRANT -DDSO_DLFCN -DHAVE_DLFCN_H -arch i386 -O3 -fomit-frame-pointer -DL_ENDIAN -DOPENSSL_BN_ASM_PART_WORDS -DOPENSSL_IA32_SSE2 -DOPENSSL_BN_ASM_MONT -DOPENSSL_BN_ASM_GF2m -DRC4_ASM -DSHA1_ASM -DSHA256_ASM -DSHA512_ASM -DMD5_ASM -DRMD160_ASM -DAES_ASM -DVPAES_ASM -DWHIRLPOOL_ASM -DGHASH_ASM -I/opt/homebrew/opt/libxml2/include -I/opt/homebrew/opt/libxslt/include  -c -o ec_oct.o ec_oct.c
ar  r ../../libcrypto.a ec_lib.o ecp_smpl.o ecp_mont.o ecp_nist.o ec_cvt.o ec_mult.o ec_err.o ec_curve.o ec_check.o ec_print.o ec_asn1.o ec_key.o ec2_smpl.o ec2_mult.o ec_ameth.o ec_pmeth.o eck_prn.o ecp_nistp224.o ecp_nistp256.o ecp_nistp521.o ecp_nistputil.o ecp_oct.o ec2_oct.o ec_oct.o
/Library/Developer/CommandLineTools/usr/bin/ranlib: file: ../../libcrypto.a(ebcdic.o) has no symbols
/Library/Developer/CommandLineTools/usr/bin/ranlib: file: ../../libcrypto.a(fips_ers.o) has no symbols
/Library/Developer/CommandLineTools/usr/bin/ranlib: file: ../../libcrypto.a(ecp_nistp224.o) has no symbols
/Library/Developer/CommandLineTools/usr/bin/ranlib: file: ../../libcrypto.a(ecp_nistp256.o) has no symbols
/Library/Developer/CommandLineTools/usr/bin/ranlib: file: ../../libcrypto.a(ecp_nistp521.o) has no symbols
/Library/Developer/CommandLineTools/usr/bin/ranlib: file: ../../libcrypto.a(ecp_nistputil.o) has no symbols
/usr/bin/ranlib ../../libcrypto.a || echo Never mind.
/Library/Developer/CommandLineTools/usr/bin/ranlib: file: ../../libcrypto.a(ebcdic.o) has no symbols
/Library/Developer/CommandLineTools/usr/bin/ranlib: file: ../../libcrypto.a(fips_ers.o) has no symbols
/Library/Developer/CommandLineTools/usr/bin/ranlib: file: ../../libcrypto.a(ecp_nistp224.o) has no symbols
/Library/Developer/CommandLineTools/usr/bin/ranlib: file: ../../libcrypto.a(ecp_nistp256.o) has no symbols
/Library/Developer/CommandLineTools/usr/bin/ranlib: file: ../../libcrypto.a(ecp_nistp521.o) has no symbols
/Library/Developer/CommandLineTools/usr/bin/ranlib: file: ../../libcrypto.a(ecp_nistputil.o) has no symbols
making all in crypto/rsa...
cc -I.. -I../.. -I../modes -I../asn1 -I../evp -I../../include  -fPIC -fno-common -DOPENSSL_PIC -DOPENSSL_THREADS -D_REENTRANT -DDSO_DLFCN -DHAVE_DLFCN_H -arch i386 -O3 -fomit-frame-pointer -DL_ENDIAN -DOPENSSL_BN_ASM_PART_WORDS -DOPENSSL_IA32_SSE2 -DOPENSSL_BN_ASM_MONT -DOPENSSL_BN_ASM_GF2m -DRC4_ASM -DSHA1_ASM -DSHA256_ASM -DSHA512_ASM -DMD5_ASM -DRMD160_ASM -DAES_ASM -DVPAES_ASM -DWHIRLPOOL_ASM -DGHASH_ASM -I/opt/homebrew/opt/libxml2/include -I/opt/homebrew/opt/libxslt/include  -c -o rsa_eay.o rsa_eay.c
cc -I.. -I../.. -I../modes -I../asn1 -I../evp -I../../include  -fPIC -fno-common -DOPENSSL_PIC -DOPENSSL_THREADS -D_REENTRANT -DDSO_DLFCN -DHAVE_DLFCN_H -arch i386 -O3 -fomit-frame-pointer -DL_ENDIAN -DOPENSSL_BN_ASM_PART_WORDS -DOPENSSL_IA32_SSE2 -DOPENSSL_BN_ASM_MONT -DOPENSSL_BN_ASM_GF2m -DRC4_ASM -DSHA1_ASM -DSHA256_ASM -DSHA512_ASM -DMD5_ASM -DRMD160_ASM -DAES_ASM -DVPAES_ASM -DWHIRLPOOL_ASM -DGHASH_ASM -I/opt/homebrew/opt/libxml2/include -I/opt/homebrew/opt/libxslt/include  -c -o rsa_gen.o rsa_gen.c
cc -I.. -I../.. -I../modes -I../asn1 -I../evp -I../../include  -fPIC -fno-common -DOPENSSL_PIC -DOPENSSL_THREADS -D_REENTRANT -DDSO_DLFCN -DHAVE_DLFCN_H -arch i386 -O3 -fomit-frame-pointer -DL_ENDIAN -DOPENSSL_BN_ASM_PART_WORDS -DOPENSSL_IA32_SSE2 -DOPENSSL_BN_ASM_MONT -DOPENSSL_BN_ASM_GF2m -DRC4_ASM -DSHA1_ASM -DSHA256_ASM -DSHA512_ASM -DMD5_ASM -DRMD160_ASM -DAES_ASM -DVPAES_ASM -DWHIRLPOOL_ASM -DGHASH_ASM -I/opt/homebrew/opt/libxml2/include -I/opt/homebrew/opt/libxslt/include  -c -o rsa_lib.o rsa_lib.c
cc -I.. -I../.. -I../modes -I../asn1 -I../evp -I../../include  -fPIC -fno-common -DOPENSSL_PIC -DOPENSSL_THREADS -D_REENTRANT -DDSO_DLFCN -DHAVE_DLFCN_H -arch i386 -O3 -fomit-frame-pointer -DL_ENDIAN -DOPENSSL_BN_ASM_PART_WORDS -DOPENSSL_IA32_SSE2 -DOPENSSL_BN_ASM_MONT -DOPENSSL_BN_ASM_GF2m -DRC4_ASM -DSHA1_ASM -DSHA256_ASM -DSHA512_ASM -DMD5_ASM -DRMD160_ASM -DAES_ASM -DVPAES_ASM -DWHIRLPOOL_ASM -DGHASH_ASM -I/opt/homebrew/opt/libxml2/include -I/opt/homebrew/opt/libxslt/include  -c -o rsa_sign.o rsa_sign.c
cc -I.. -I../.. -I../modes -I../asn1 -I../evp -I../../include  -fPIC -fno-common -DOPENSSL_PIC -DOPENSSL_THREADS -D_REENTRANT -DDSO_DLFCN -DHAVE_DLFCN_H -arch i386 -O3 -fomit-frame-pointer -DL_ENDIAN -DOPENSSL_BN_ASM_PART_WORDS -DOPENSSL_IA32_SSE2 -DOPENSSL_BN_ASM_MONT -DOPENSSL_BN_ASM_GF2m -DRC4_ASM -DSHA1_ASM -DSHA256_ASM -DSHA512_ASM -DMD5_ASM -DRMD160_ASM -DAES_ASM -DVPAES_ASM -DWHIRLPOOL_ASM -DGHASH_ASM -I/opt/homebrew/opt/libxml2/include -I/opt/homebrew/opt/libxslt/include  -c -o rsa_saos.o rsa_saos.c
cc -I.. -I../.. -I../modes -I../asn1 -I../evp -I../../include  -fPIC -fno-common -DOPENSSL_PIC -DOPENSSL_THREADS -D_REENTRANT -DDSO_DLFCN -DHAVE_DLFCN_H -arch i386 -O3 -fomit-frame-pointer -DL_ENDIAN -DOPENSSL_BN_ASM_PART_WORDS -DOPENSSL_IA32_SSE2 -DOPENSSL_BN_ASM_MONT -DOPENSSL_BN_ASM_GF2m -DRC4_ASM -DSHA1_ASM -DSHA256_ASM -DSHA512_ASM -DMD5_ASM -DRMD160_ASM -DAES_ASM -DVPAES_ASM -DWHIRLPOOL_ASM -DGHASH_ASM -I/opt/homebrew/opt/libxml2/include -I/opt/homebrew/opt/libxslt/include  -c -o rsa_err.o rsa_err.c
cc -I.. -I../.. -I../modes -I../asn1 -I../evp -I../../include  -fPIC -fno-common -DOPENSSL_PIC -DOPENSSL_THREADS -D_REENTRANT -DDSO_DLFCN -DHAVE_DLFCN_H -arch i386 -O3 -fomit-frame-pointer -DL_ENDIAN -DOPENSSL_BN_ASM_PART_WORDS -DOPENSSL_IA32_SSE2 -DOPENSSL_BN_ASM_MONT -DOPENSSL_BN_ASM_GF2m -DRC4_ASM -DSHA1_ASM -DSHA256_ASM -DSHA512_ASM -DMD5_ASM -DRMD160_ASM -DAES_ASM -DVPAES_ASM -DWHIRLPOOL_ASM -DGHASH_ASM -I/opt/homebrew/opt/libxml2/include -I/opt/homebrew/opt/libxslt/include  -c -o rsa_pk1.o rsa_pk1.c
cc -I.. -I../.. -I../modes -I../asn1 -I../evp -I../../include  -fPIC -fno-common -DOPENSSL_PIC -DOPENSSL_THREADS -D_REENTRANT -DDSO_DLFCN -DHAVE_DLFCN_H -arch i386 -O3 -fomit-frame-pointer -DL_ENDIAN -DOPENSSL_BN_ASM_PART_WORDS -DOPENSSL_IA32_SSE2 -DOPENSSL_BN_ASM_MONT -DOPENSSL_BN_ASM_GF2m -DRC4_ASM -DSHA1_ASM -DSHA256_ASM -DSHA512_ASM -DMD5_ASM -DRMD160_ASM -DAES_ASM -DVPAES_ASM -DWHIRLPOOL_ASM -DGHASH_ASM -I/opt/homebrew/opt/libxml2/include -I/opt/homebrew/opt/libxslt/include  -c -o rsa_ssl.o rsa_ssl.c
cc -I.. -I../.. -I../modes -I../asn1 -I../evp -I../../include  -fPIC -fno-common -DOPENSSL_PIC -DOPENSSL_THREADS -D_REENTRANT -DDSO_DLFCN -DHAVE_DLFCN_H -arch i386 -O3 -fomit-frame-pointer -DL_ENDIAN -DOPENSSL_BN_ASM_PART_WORDS -DOPENSSL_IA32_SSE2 -DOPENSSL_BN_ASM_MONT -DOPENSSL_BN_ASM_GF2m -DRC4_ASM -DSHA1_ASM -DSHA256_ASM -DSHA512_ASM -DMD5_ASM -DRMD160_ASM -DAES_ASM -DVPAES_ASM -DWHIRLPOOL_ASM -DGHASH_ASM -I/opt/homebrew/opt/libxml2/include -I/opt/homebrew/opt/libxslt/include  -c -o rsa_none.o rsa_none.c
cc -I.. -I../.. -I../modes -I../asn1 -I../evp -I../../include  -fPIC -fno-common -DOPENSSL_PIC -DOPENSSL_THREADS -D_REENTRANT -DDSO_DLFCN -DHAVE_DLFCN_H -arch i386 -O3 -fomit-frame-pointer -DL_ENDIAN -DOPENSSL_BN_ASM_PART_WORDS -DOPENSSL_IA32_SSE2 -DOPENSSL_BN_ASM_MONT -DOPENSSL_BN_ASM_GF2m -DRC4_ASM -DSHA1_ASM -DSHA256_ASM -DSHA512_ASM -DMD5_ASM -DRMD160_ASM -DAES_ASM -DVPAES_ASM -DWHIRLPOOL_ASM -DGHASH_ASM -I/opt/homebrew/opt/libxml2/include -I/opt/homebrew/opt/libxslt/include  -c -o rsa_oaep.o rsa_oaep.c
cc -I.. -I../.. -I../modes -I../asn1 -I../evp -I../../include  -fPIC -fno-common -DOPENSSL_PIC -DOPENSSL_THREADS -D_REENTRANT -DDSO_DLFCN -DHAVE_DLFCN_H -arch i386 -O3 -fomit-frame-pointer -DL_ENDIAN -DOPENSSL_BN_ASM_PART_WORDS -DOPENSSL_IA32_SSE2 -DOPENSSL_BN_ASM_MONT -DOPENSSL_BN_ASM_GF2m -DRC4_ASM -DSHA1_ASM -DSHA256_ASM -DSHA512_ASM -DMD5_ASM -DRMD160_ASM -DAES_ASM -DVPAES_ASM -DWHIRLPOOL_ASM -DGHASH_ASM -I/opt/homebrew/opt/libxml2/include -I/opt/homebrew/opt/libxslt/include  -c -o rsa_chk.o rsa_chk.c
cc -I.. -I../.. -I../modes -I../asn1 -I../evp -I../../include  -fPIC -fno-common -DOPENSSL_PIC -DOPENSSL_THREADS -D_REENTRANT -DDSO_DLFCN -DHAVE_DLFCN_H -arch i386 -O3 -fomit-frame-pointer -DL_ENDIAN -DOPENSSL_BN_ASM_PART_WORDS -DOPENSSL_IA32_SSE2 -DOPENSSL_BN_ASM_MONT -DOPENSSL_BN_ASM_GF2m -DRC4_ASM -DSHA1_ASM -DSHA256_ASM -DSHA512_ASM -DMD5_ASM -DRMD160_ASM -DAES_ASM -DVPAES_ASM -DWHIRLPOOL_ASM -DGHASH_ASM -I/opt/homebrew/opt/libxml2/include -I/opt/homebrew/opt/libxslt/include  -c -o rsa_null.o rsa_null.c
cc -I.. -I../.. -I../modes -I../asn1 -I../evp -I../../include  -fPIC -fno-common -DOPENSSL_PIC -DOPENSSL_THREADS -D_REENTRANT -DDSO_DLFCN -DHAVE_DLFCN_H -arch i386 -O3 -fomit-frame-pointer -DL_ENDIAN -DOPENSSL_BN_ASM_PART_WORDS -DOPENSSL_IA32_SSE2 -DOPENSSL_BN_ASM_MONT -DOPENSSL_BN_ASM_GF2m -DRC4_ASM -DSHA1_ASM -DSHA256_ASM -DSHA512_ASM -DMD5_ASM -DRMD160_ASM -DAES_ASM -DVPAES_ASM -DWHIRLPOOL_ASM -DGHASH_ASM -I/opt/homebrew/opt/libxml2/include -I/opt/homebrew/opt/libxslt/include  -c -o rsa_pss.o rsa_pss.c
cc -I.. -I../.. -I../modes -I../asn1 -I../evp -I../../include  -fPIC -fno-common -DOPENSSL_PIC -DOPENSSL_THREADS -D_REENTRANT -DDSO_DLFCN -DHAVE_DLFCN_H -arch i386 -O3 -fomit-frame-pointer -DL_ENDIAN -DOPENSSL_BN_ASM_PART_WORDS -DOPENSSL_IA32_SSE2 -DOPENSSL_BN_ASM_MONT -DOPENSSL_BN_ASM_GF2m -DRC4_ASM -DSHA1_ASM -DSHA256_ASM -DSHA512_ASM -DMD5_ASM -DRMD160_ASM -DAES_ASM -DVPAES_ASM -DWHIRLPOOL_ASM -DGHASH_ASM -I/opt/homebrew/opt/libxml2/include -I/opt/homebrew/opt/libxslt/include  -c -o rsa_x931.o rsa_x931.c
cc -I.. -I../.. -I../modes -I../asn1 -I../evp -I../../include  -fPIC -fno-common -DOPENSSL_PIC -DOPENSSL_THREADS -D_REENTRANT -DDSO_DLFCN -DHAVE_DLFCN_H -arch i386 -O3 -fomit-frame-pointer -DL_ENDIAN -DOPENSSL_BN_ASM_PART_WORDS -DOPENSSL_IA32_SSE2 -DOPENSSL_BN_ASM_MONT -DOPENSSL_BN_ASM_GF2m -DRC4_ASM -DSHA1_ASM -DSHA256_ASM -DSHA512_ASM -DMD5_ASM -DRMD160_ASM -DAES_ASM -DVPAES_ASM -DWHIRLPOOL_ASM -DGHASH_ASM -I/opt/homebrew/opt/libxml2/include -I/opt/homebrew/opt/libxslt/include  -c -o rsa_asn1.o rsa_asn1.c
cc -I.. -I../.. -I../modes -I../asn1 -I../evp -I../../include  -fPIC -fno-common -DOPENSSL_PIC -DOPENSSL_THREADS -D_REENTRANT -DDSO_DLFCN -DHAVE_DLFCN_H -arch i386 -O3 -fomit-frame-pointer -DL_ENDIAN -DOPENSSL_BN_ASM_PART_WORDS -DOPENSSL_IA32_SSE2 -DOPENSSL_BN_ASM_MONT -DOPENSSL_BN_ASM_GF2m -DRC4_ASM -DSHA1_ASM -DSHA256_ASM -DSHA512_ASM -DMD5_ASM -DRMD160_ASM -DAES_ASM -DVPAES_ASM -DWHIRLPOOL_ASM -DGHASH_ASM -I/opt/homebrew/opt/libxml2/include -I/opt/homebrew/opt/libxslt/include  -c -o rsa_depr.o rsa_depr.c
cc -I.. -I../.. -I../modes -I../asn1 -I../evp -I../../include  -fPIC -fno-common -DOPENSSL_PIC -DOPENSSL_THREADS -D_REENTRANT -DDSO_DLFCN -DHAVE_DLFCN_H -arch i386 -O3 -fomit-frame-pointer -DL_ENDIAN -DOPENSSL_BN_ASM_PART_WORDS -DOPENSSL_IA32_SSE2 -DOPENSSL_BN_ASM_MONT -DOPENSSL_BN_ASM_GF2m -DRC4_ASM -DSHA1_ASM -DSHA256_ASM -DSHA512_ASM -DMD5_ASM -DRMD160_ASM -DAES_ASM -DVPAES_ASM -DWHIRLPOOL_ASM -DGHASH_ASM -I/opt/homebrew/opt/libxml2/include -I/opt/homebrew/opt/libxslt/include  -c -o rsa_ameth.o rsa_ameth.c
cc -I.. -I../.. -I../modes -I../asn1 -I../evp -I../../include  -fPIC -fno-common -DOPENSSL_PIC -DOPENSSL_THREADS -D_REENTRANT -DDSO_DLFCN -DHAVE_DLFCN_H -arch i386 -O3 -fomit-frame-pointer -DL_ENDIAN -DOPENSSL_BN_ASM_PART_WORDS -DOPENSSL_IA32_SSE2 -DOPENSSL_BN_ASM_MONT -DOPENSSL_BN_ASM_GF2m -DRC4_ASM -DSHA1_ASM -DSHA256_ASM -DSHA512_ASM -DMD5_ASM -DRMD160_ASM -DAES_ASM -DVPAES_ASM -DWHIRLPOOL_ASM -DGHASH_ASM -I/opt/homebrew/opt/libxml2/include -I/opt/homebrew/opt/libxslt/include  -c -o rsa_prn.o rsa_prn.c
cc -I.. -I../.. -I../modes -I../asn1 -I../evp -I../../include  -fPIC -fno-common -DOPENSSL_PIC -DOPENSSL_THREADS -D_REENTRANT -DDSO_DLFCN -DHAVE_DLFCN_H -arch i386 -O3 -fomit-frame-pointer -DL_ENDIAN -DOPENSSL_BN_ASM_PART_WORDS -DOPENSSL_IA32_SSE2 -DOPENSSL_BN_ASM_MONT -DOPENSSL_BN_ASM_GF2m -DRC4_ASM -DSHA1_ASM -DSHA256_ASM -DSHA512_ASM -DMD5_ASM -DRMD160_ASM -DAES_ASM -DVPAES_ASM -DWHIRLPOOL_ASM -DGHASH_ASM -I/opt/homebrew/opt/libxml2/include -I/opt/homebrew/opt/libxslt/include  -c -o rsa_pmeth.o rsa_pmeth.c
cc -I.. -I../.. -I../modes -I../asn1 -I../evp -I../../include  -fPIC -fno-common -DOPENSSL_PIC -DOPENSSL_THREADS -D_REENTRANT -DDSO_DLFCN -DHAVE_DLFCN_H -arch i386 -O3 -fomit-frame-pointer -DL_ENDIAN -DOPENSSL_BN_ASM_PART_WORDS -DOPENSSL_IA32_SSE2 -DOPENSSL_BN_ASM_MONT -DOPENSSL_BN_ASM_GF2m -DRC4_ASM -DSHA1_ASM -DSHA256_ASM -DSHA512_ASM -DMD5_ASM -DRMD160_ASM -DAES_ASM -DVPAES_ASM -DWHIRLPOOL_ASM -DGHASH_ASM -I/opt/homebrew/opt/libxml2/include -I/opt/homebrew/opt/libxslt/include  -c -o rsa_crpt.o rsa_crpt.c
ar  r ../../libcrypto.a rsa_eay.o rsa_gen.o rsa_lib.o rsa_sign.o rsa_saos.o rsa_err.o rsa_pk1.o rsa_ssl.o rsa_none.o rsa_oaep.o rsa_chk.o rsa_null.o rsa_pss.o rsa_x931.o rsa_asn1.o rsa_depr.o rsa_ameth.o rsa_prn.o rsa_pmeth.o rsa_crpt.o
/Library/Developer/CommandLineTools/usr/bin/ranlib: file: ../../libcrypto.a(ebcdic.o) has no symbols
/Library/Developer/CommandLineTools/usr/bin/ranlib: file: ../../libcrypto.a(fips_ers.o) has no symbols
/Library/Developer/CommandLineTools/usr/bin/ranlib: file: ../../libcrypto.a(ecp_nistp224.o) has no symbols
/Library/Developer/CommandLineTools/usr/bin/ranlib: file: ../../libcrypto.a(ecp_nistp256.o) has no symbols
/Library/Developer/CommandLineTools/usr/bin/ranlib: file: ../../libcrypto.a(ecp_nistp521.o) has no symbols
/Library/Developer/CommandLineTools/usr/bin/ranlib: file: ../../libcrypto.a(ecp_nistputil.o) has no symbols
/usr/bin/ranlib ../../libcrypto.a || echo Never mind.
/Library/Developer/CommandLineTools/usr/bin/ranlib: file: ../../libcrypto.a(ebcdic.o) has no symbols
/Library/Developer/CommandLineTools/usr/bin/ranlib: file: ../../libcrypto.a(fips_ers.o) has no symbols
/Library/Developer/CommandLineTools/usr/bin/ranlib: file: ../../libcrypto.a(ecp_nistp224.o) has no symbols
/Library/Developer/CommandLineTools/usr/bin/ranlib: file: ../../libcrypto.a(ecp_nistp256.o) has no symbols
/Library/Developer/CommandLineTools/usr/bin/ranlib: file: ../../libcrypto.a(ecp_nistp521.o) has no symbols
/Library/Developer/CommandLineTools/usr/bin/ranlib: file: ../../libcrypto.a(ecp_nistputil.o) has no symbols
making all in crypto/dsa...
cc -I.. -I../.. -I../modes -I../asn1 -I../evp -I../../include  -fPIC -fno-common -DOPENSSL_PIC -DOPENSSL_THREADS -D_REENTRANT -DDSO_DLFCN -DHAVE_DLFCN_H -arch i386 -O3 -fomit-frame-pointer -DL_ENDIAN -DOPENSSL_BN_ASM_PART_WORDS -DOPENSSL_IA32_SSE2 -DOPENSSL_BN_ASM_MONT -DOPENSSL_BN_ASM_GF2m -DRC4_ASM -DSHA1_ASM -DSHA256_ASM -DSHA512_ASM -DMD5_ASM -DRMD160_ASM -DAES_ASM -DVPAES_ASM -DWHIRLPOOL_ASM -DGHASH_ASM -I/opt/homebrew/opt/libxml2/include -I/opt/homebrew/opt/libxslt/include  -c -o dsa_gen.o dsa_gen.c
cc -I.. -I../.. -I../modes -I../asn1 -I../evp -I../../include  -fPIC -fno-common -DOPENSSL_PIC -DOPENSSL_THREADS -D_REENTRANT -DDSO_DLFCN -DHAVE_DLFCN_H -arch i386 -O3 -fomit-frame-pointer -DL_ENDIAN -DOPENSSL_BN_ASM_PART_WORDS -DOPENSSL_IA32_SSE2 -DOPENSSL_BN_ASM_MONT -DOPENSSL_BN_ASM_GF2m -DRC4_ASM -DSHA1_ASM -DSHA256_ASM -DSHA512_ASM -DMD5_ASM -DRMD160_ASM -DAES_ASM -DVPAES_ASM -DWHIRLPOOL_ASM -DGHASH_ASM -I/opt/homebrew/opt/libxml2/include -I/opt/homebrew/opt/libxslt/include  -c -o dsa_key.o dsa_key.c
cc -I.. -I../.. -I../modes -I../asn1 -I../evp -I../../include  -fPIC -fno-common -DOPENSSL_PIC -DOPENSSL_THREADS -D_REENTRANT -DDSO_DLFCN -DHAVE_DLFCN_H -arch i386 -O3 -fomit-frame-pointer -DL_ENDIAN -DOPENSSL_BN_ASM_PART_WORDS -DOPENSSL_IA32_SSE2 -DOPENSSL_BN_ASM_MONT -DOPENSSL_BN_ASM_GF2m -DRC4_ASM -DSHA1_ASM -DSHA256_ASM -DSHA512_ASM -DMD5_ASM -DRMD160_ASM -DAES_ASM -DVPAES_ASM -DWHIRLPOOL_ASM -DGHASH_ASM -I/opt/homebrew/opt/libxml2/include -I/opt/homebrew/opt/libxslt/include  -c -o dsa_lib.o dsa_lib.c
cc -I.. -I../.. -I../modes -I../asn1 -I../evp -I../../include  -fPIC -fno-common -DOPENSSL_PIC -DOPENSSL_THREADS -D_REENTRANT -DDSO_DLFCN -DHAVE_DLFCN_H -arch i386 -O3 -fomit-frame-pointer -DL_ENDIAN -DOPENSSL_BN_ASM_PART_WORDS -DOPENSSL_IA32_SSE2 -DOPENSSL_BN_ASM_MONT -DOPENSSL_BN_ASM_GF2m -DRC4_ASM -DSHA1_ASM -DSHA256_ASM -DSHA512_ASM -DMD5_ASM -DRMD160_ASM -DAES_ASM -DVPAES_ASM -DWHIRLPOOL_ASM -DGHASH_ASM -I/opt/homebrew/opt/libxml2/include -I/opt/homebrew/opt/libxslt/include  -c -o dsa_asn1.o dsa_asn1.c
cc -I.. -I../.. -I../modes -I../asn1 -I../evp -I../../include  -fPIC -fno-common -DOPENSSL_PIC -DOPENSSL_THREADS -D_REENTRANT -DDSO_DLFCN -DHAVE_DLFCN_H -arch i386 -O3 -fomit-frame-pointer -DL_ENDIAN -DOPENSSL_BN_ASM_PART_WORDS -DOPENSSL_IA32_SSE2 -DOPENSSL_BN_ASM_MONT -DOPENSSL_BN_ASM_GF2m -DRC4_ASM -DSHA1_ASM -DSHA256_ASM -DSHA512_ASM -DMD5_ASM -DRMD160_ASM -DAES_ASM -DVPAES_ASM -DWHIRLPOOL_ASM -DGHASH_ASM -I/opt/homebrew/opt/libxml2/include -I/opt/homebrew/opt/libxslt/include  -c -o dsa_vrf.o dsa_vrf.c
cc -I.. -I../.. -I../modes -I../asn1 -I../evp -I../../include  -fPIC -fno-common -DOPENSSL_PIC -DOPENSSL_THREADS -D_REENTRANT -DDSO_DLFCN -DHAVE_DLFCN_H -arch i386 -O3 -fomit-frame-pointer -DL_ENDIAN -DOPENSSL_BN_ASM_PART_WORDS -DOPENSSL_IA32_SSE2 -DOPENSSL_BN_ASM_MONT -DOPENSSL_BN_ASM_GF2m -DRC4_ASM -DSHA1_ASM -DSHA256_ASM -DSHA512_ASM -DMD5_ASM -DRMD160_ASM -DAES_ASM -DVPAES_ASM -DWHIRLPOOL_ASM -DGHASH_ASM -I/opt/homebrew/opt/libxml2/include -I/opt/homebrew/opt/libxslt/include  -c -o dsa_sign.o dsa_sign.c
cc -I.. -I../.. -I../modes -I../asn1 -I../evp -I../../include  -fPIC -fno-common -DOPENSSL_PIC -DOPENSSL_THREADS -D_REENTRANT -DDSO_DLFCN -DHAVE_DLFCN_H -arch i386 -O3 -fomit-frame-pointer -DL_ENDIAN -DOPENSSL_BN_ASM_PART_WORDS -DOPENSSL_IA32_SSE2 -DOPENSSL_BN_ASM_MONT -DOPENSSL_BN_ASM_GF2m -DRC4_ASM -DSHA1_ASM -DSHA256_ASM -DSHA512_ASM -DMD5_ASM -DRMD160_ASM -DAES_ASM -DVPAES_ASM -DWHIRLPOOL_ASM -DGHASH_ASM -I/opt/homebrew/opt/libxml2/include -I/opt/homebrew/opt/libxslt/include  -c -o dsa_err.o dsa_err.c
cc -I.. -I../.. -I../modes -I../asn1 -I../evp -I../../include  -fPIC -fno-common -DOPENSSL_PIC -DOPENSSL_THREADS -D_REENTRANT -DDSO_DLFCN -DHAVE_DLFCN_H -arch i386 -O3 -fomit-frame-pointer -DL_ENDIAN -DOPENSSL_BN_ASM_PART_WORDS -DOPENSSL_IA32_SSE2 -DOPENSSL_BN_ASM_MONT -DOPENSSL_BN_ASM_GF2m -DRC4_ASM -DSHA1_ASM -DSHA256_ASM -DSHA512_ASM -DMD5_ASM -DRMD160_ASM -DAES_ASM -DVPAES_ASM -DWHIRLPOOL_ASM -DGHASH_ASM -I/opt/homebrew/opt/libxml2/include -I/opt/homebrew/opt/libxslt/include  -c -o dsa_ossl.o dsa_ossl.c
cc -I.. -I../.. -I../modes -I../asn1 -I../evp -I../../include  -fPIC -fno-common -DOPENSSL_PIC -DOPENSSL_THREADS -D_REENTRANT -DDSO_DLFCN -DHAVE_DLFCN_H -arch i386 -O3 -fomit-frame-pointer -DL_ENDIAN -DOPENSSL_BN_ASM_PART_WORDS -DOPENSSL_IA32_SSE2 -DOPENSSL_BN_ASM_MONT -DOPENSSL_BN_ASM_GF2m -DRC4_ASM -DSHA1_ASM -DSHA256_ASM -DSHA512_ASM -DMD5_ASM -DRMD160_ASM -DAES_ASM -DVPAES_ASM -DWHIRLPOOL_ASM -DGHASH_ASM -I/opt/homebrew/opt/libxml2/include -I/opt/homebrew/opt/libxslt/include  -c -o dsa_depr.o dsa_depr.c
cc -I.. -I../.. -I../modes -I../asn1 -I../evp -I../../include  -fPIC -fno-common -DOPENSSL_PIC -DOPENSSL_THREADS -D_REENTRANT -DDSO_DLFCN -DHAVE_DLFCN_H -arch i386 -O3 -fomit-frame-pointer -DL_ENDIAN -DOPENSSL_BN_ASM_PART_WORDS -DOPENSSL_IA32_SSE2 -DOPENSSL_BN_ASM_MONT -DOPENSSL_BN_ASM_GF2m -DRC4_ASM -DSHA1_ASM -DSHA256_ASM -DSHA512_ASM -DMD5_ASM -DRMD160_ASM -DAES_ASM -DVPAES_ASM -DWHIRLPOOL_ASM -DGHASH_ASM -I/opt/homebrew/opt/libxml2/include -I/opt/homebrew/opt/libxslt/include  -c -o dsa_ameth.o dsa_ameth.c
cc -I.. -I../.. -I../modes -I../asn1 -I../evp -I../../include  -fPIC -fno-common -DOPENSSL_PIC -DOPENSSL_THREADS -D_REENTRANT -DDSO_DLFCN -DHAVE_DLFCN_H -arch i386 -O3 -fomit-frame-pointer -DL_ENDIAN -DOPENSSL_BN_ASM_PART_WORDS -DOPENSSL_IA32_SSE2 -DOPENSSL_BN_ASM_MONT -DOPENSSL_BN_ASM_GF2m -DRC4_ASM -DSHA1_ASM -DSHA256_ASM -DSHA512_ASM -DMD5_ASM -DRMD160_ASM -DAES_ASM -DVPAES_ASM -DWHIRLPOOL_ASM -DGHASH_ASM -I/opt/homebrew/opt/libxml2/include -I/opt/homebrew/opt/libxslt/include  -c -o dsa_pmeth.o dsa_pmeth.c
cc -I.. -I../.. -I../modes -I../asn1 -I../evp -I../../include  -fPIC -fno-common -DOPENSSL_PIC -DOPENSSL_THREADS -D_REENTRANT -DDSO_DLFCN -DHAVE_DLFCN_H -arch i386 -O3 -fomit-frame-pointer -DL_ENDIAN -DOPENSSL_BN_ASM_PART_WORDS -DOPENSSL_IA32_SSE2 -DOPENSSL_BN_ASM_MONT -DOPENSSL_BN_ASM_GF2m -DRC4_ASM -DSHA1_ASM -DSHA256_ASM -DSHA512_ASM -DMD5_ASM -DRMD160_ASM -DAES_ASM -DVPAES_ASM -DWHIRLPOOL_ASM -DGHASH_ASM -I/opt/homebrew/opt/libxml2/include -I/opt/homebrew/opt/libxslt/include  -c -o dsa_prn.o dsa_prn.c
ar  r ../../libcrypto.a dsa_gen.o dsa_key.o dsa_lib.o dsa_asn1.o dsa_vrf.o dsa_sign.o dsa_err.o dsa_ossl.o dsa_depr.o dsa_ameth.o dsa_pmeth.o dsa_prn.o
/Library/Developer/CommandLineTools/usr/bin/ranlib: file: ../../libcrypto.a(ebcdic.o) has no symbols
/Library/Developer/CommandLineTools/usr/bin/ranlib: file: ../../libcrypto.a(fips_ers.o) has no symbols
/Library/Developer/CommandLineTools/usr/bin/ranlib: file: ../../libcrypto.a(ecp_nistp224.o) has no symbols
/Library/Developer/CommandLineTools/usr/bin/ranlib: file: ../../libcrypto.a(ecp_nistp256.o) has no symbols
/Library/Developer/CommandLineTools/usr/bin/ranlib: file: ../../libcrypto.a(ecp_nistp521.o) has no symbols
/Library/Developer/CommandLineTools/usr/bin/ranlib: file: ../../libcrypto.a(ecp_nistputil.o) has no symbols
/usr/bin/ranlib ../../libcrypto.a || echo Never mind.
/Library/Developer/CommandLineTools/usr/bin/ranlib: file: ../../libcrypto.a(ebcdic.o) has no symbols
/Library/Developer/CommandLineTools/usr/bin/ranlib: file: ../../libcrypto.a(fips_ers.o) has no symbols
/Library/Developer/CommandLineTools/usr/bin/ranlib: file: ../../libcrypto.a(ecp_nistp224.o) has no symbols
/Library/Developer/CommandLineTools/usr/bin/ranlib: file: ../../libcrypto.a(ecp_nistp256.o) has no symbols
/Library/Developer/CommandLineTools/usr/bin/ranlib: file: ../../libcrypto.a(ecp_nistp521.o) has no symbols
/Library/Developer/CommandLineTools/usr/bin/ranlib: file: ../../libcrypto.a(ecp_nistputil.o) has no symbols
making all in crypto/ecdsa...
cc -I.. -I../.. -I../modes -I../asn1 -I../evp -I../../include  -fPIC -fno-common -DOPENSSL_PIC -DOPENSSL_THREADS -D_REENTRANT -DDSO_DLFCN -DHAVE_DLFCN_H -arch i386 -O3 -fomit-frame-pointer -DL_ENDIAN -DOPENSSL_BN_ASM_PART_WORDS -DOPENSSL_IA32_SSE2 -DOPENSSL_BN_ASM_MONT -DOPENSSL_BN_ASM_GF2m -DRC4_ASM -DSHA1_ASM -DSHA256_ASM -DSHA512_ASM -DMD5_ASM -DRMD160_ASM -DAES_ASM -DVPAES_ASM -DWHIRLPOOL_ASM -DGHASH_ASM -I/opt/homebrew/opt/libxml2/include -I/opt/homebrew/opt/libxslt/include  -c -o ecs_lib.o ecs_lib.c
cc -I.. -I../.. -I../modes -I../asn1 -I../evp -I../../include  -fPIC -fno-common -DOPENSSL_PIC -DOPENSSL_THREADS -D_REENTRANT -DDSO_DLFCN -DHAVE_DLFCN_H -arch i386 -O3 -fomit-frame-pointer -DL_ENDIAN -DOPENSSL_BN_ASM_PART_WORDS -DOPENSSL_IA32_SSE2 -DOPENSSL_BN_ASM_MONT -DOPENSSL_BN_ASM_GF2m -DRC4_ASM -DSHA1_ASM -DSHA256_ASM -DSHA512_ASM -DMD5_ASM -DRMD160_ASM -DAES_ASM -DVPAES_ASM -DWHIRLPOOL_ASM -DGHASH_ASM -I/opt/homebrew/opt/libxml2/include -I/opt/homebrew/opt/libxslt/include  -c -o ecs_asn1.o ecs_asn1.c
cc -I.. -I../.. -I../modes -I../asn1 -I../evp -I../../include  -fPIC -fno-common -DOPENSSL_PIC -DOPENSSL_THREADS -D_REENTRANT -DDSO_DLFCN -DHAVE_DLFCN_H -arch i386 -O3 -fomit-frame-pointer -DL_ENDIAN -DOPENSSL_BN_ASM_PART_WORDS -DOPENSSL_IA32_SSE2 -DOPENSSL_BN_ASM_MONT -DOPENSSL_BN_ASM_GF2m -DRC4_ASM -DSHA1_ASM -DSHA256_ASM -DSHA512_ASM -DMD5_ASM -DRMD160_ASM -DAES_ASM -DVPAES_ASM -DWHIRLPOOL_ASM -DGHASH_ASM -I/opt/homebrew/opt/libxml2/include -I/opt/homebrew/opt/libxslt/include  -c -o ecs_ossl.o ecs_ossl.c
cc -I.. -I../.. -I../modes -I../asn1 -I../evp -I../../include  -fPIC -fno-common -DOPENSSL_PIC -DOPENSSL_THREADS -D_REENTRANT -DDSO_DLFCN -DHAVE_DLFCN_H -arch i386 -O3 -fomit-frame-pointer -DL_ENDIAN -DOPENSSL_BN_ASM_PART_WORDS -DOPENSSL_IA32_SSE2 -DOPENSSL_BN_ASM_MONT -DOPENSSL_BN_ASM_GF2m -DRC4_ASM -DSHA1_ASM -DSHA256_ASM -DSHA512_ASM -DMD5_ASM -DRMD160_ASM -DAES_ASM -DVPAES_ASM -DWHIRLPOOL_ASM -DGHASH_ASM -I/opt/homebrew/opt/libxml2/include -I/opt/homebrew/opt/libxslt/include  -c -o ecs_sign.o ecs_sign.c
cc -I.. -I../.. -I../modes -I../asn1 -I../evp -I../../include  -fPIC -fno-common -DOPENSSL_PIC -DOPENSSL_THREADS -D_REENTRANT -DDSO_DLFCN -DHAVE_DLFCN_H -arch i386 -O3 -fomit-frame-pointer -DL_ENDIAN -DOPENSSL_BN_ASM_PART_WORDS -DOPENSSL_IA32_SSE2 -DOPENSSL_BN_ASM_MONT -DOPENSSL_BN_ASM_GF2m -DRC4_ASM -DSHA1_ASM -DSHA256_ASM -DSHA512_ASM -DMD5_ASM -DRMD160_ASM -DAES_ASM -DVPAES_ASM -DWHIRLPOOL_ASM -DGHASH_ASM -I/opt/homebrew/opt/libxml2/include -I/opt/homebrew/opt/libxslt/include  -c -o ecs_vrf.o ecs_vrf.c
cc -I.. -I../.. -I../modes -I../asn1 -I../evp -I../../include  -fPIC -fno-common -DOPENSSL_PIC -DOPENSSL_THREADS -D_REENTRANT -DDSO_DLFCN -DHAVE_DLFCN_H -arch i386 -O3 -fomit-frame-pointer -DL_ENDIAN -DOPENSSL_BN_ASM_PART_WORDS -DOPENSSL_IA32_SSE2 -DOPENSSL_BN_ASM_MONT -DOPENSSL_BN_ASM_GF2m -DRC4_ASM -DSHA1_ASM -DSHA256_ASM -DSHA512_ASM -DMD5_ASM -DRMD160_ASM -DAES_ASM -DVPAES_ASM -DWHIRLPOOL_ASM -DGHASH_ASM -I/opt/homebrew/opt/libxml2/include -I/opt/homebrew/opt/libxslt/include  -c -o ecs_err.o ecs_err.c
ar  r ../../libcrypto.a ecs_lib.o ecs_asn1.o ecs_ossl.o ecs_sign.o ecs_vrf.o ecs_err.o
/Library/Developer/CommandLineTools/usr/bin/ranlib: file: ../../libcrypto.a(ebcdic.o) has no symbols
/Library/Developer/CommandLineTools/usr/bin/ranlib: file: ../../libcrypto.a(fips_ers.o) has no symbols
/Library/Developer/CommandLineTools/usr/bin/ranlib: file: ../../libcrypto.a(ecp_nistp224.o) has no symbols
/Library/Developer/CommandLineTools/usr/bin/ranlib: file: ../../libcrypto.a(ecp_nistp256.o) has no symbols
/Library/Developer/CommandLineTools/usr/bin/ranlib: file: ../../libcrypto.a(ecp_nistp521.o) has no symbols
/Library/Developer/CommandLineTools/usr/bin/ranlib: file: ../../libcrypto.a(ecp_nistputil.o) has no symbols
/usr/bin/ranlib ../../libcrypto.a || echo Never mind.
/Library/Developer/CommandLineTools/usr/bin/ranlib: file: ../../libcrypto.a(ebcdic.o) has no symbols
/Library/Developer/CommandLineTools/usr/bin/ranlib: file: ../../libcrypto.a(fips_ers.o) has no symbols
/Library/Developer/CommandLineTools/usr/bin/ranlib: file: ../../libcrypto.a(ecp_nistp224.o) has no symbols
/Library/Developer/CommandLineTools/usr/bin/ranlib: file: ../../libcrypto.a(ecp_nistp256.o) has no symbols
/Library/Developer/CommandLineTools/usr/bin/ranlib: file: ../../libcrypto.a(ecp_nistp521.o) has no symbols
/Library/Developer/CommandLineTools/usr/bin/ranlib: file: ../../libcrypto.a(ecp_nistputil.o) has no symbols
making all in crypto/dh...
cc -I.. -I../.. -I../modes -I../asn1 -I../evp -I../../include  -fPIC -fno-common -DOPENSSL_PIC -DOPENSSL_THREADS -D_REENTRANT -DDSO_DLFCN -DHAVE_DLFCN_H -arch i386 -O3 -fomit-frame-pointer -DL_ENDIAN -DOPENSSL_BN_ASM_PART_WORDS -DOPENSSL_IA32_SSE2 -DOPENSSL_BN_ASM_MONT -DOPENSSL_BN_ASM_GF2m -DRC4_ASM -DSHA1_ASM -DSHA256_ASM -DSHA512_ASM -DMD5_ASM -DRMD160_ASM -DAES_ASM -DVPAES_ASM -DWHIRLPOOL_ASM -DGHASH_ASM -I/opt/homebrew/opt/libxml2/include -I/opt/homebrew/opt/libxslt/include  -c -o dh_asn1.o dh_asn1.c
cc -I.. -I../.. -I../modes -I../asn1 -I../evp -I../../include  -fPIC -fno-common -DOPENSSL_PIC -DOPENSSL_THREADS -D_REENTRANT -DDSO_DLFCN -DHAVE_DLFCN_H -arch i386 -O3 -fomit-frame-pointer -DL_ENDIAN -DOPENSSL_BN_ASM_PART_WORDS -DOPENSSL_IA32_SSE2 -DOPENSSL_BN_ASM_MONT -DOPENSSL_BN_ASM_GF2m -DRC4_ASM -DSHA1_ASM -DSHA256_ASM -DSHA512_ASM -DMD5_ASM -DRMD160_ASM -DAES_ASM -DVPAES_ASM -DWHIRLPOOL_ASM -DGHASH_ASM -I/opt/homebrew/opt/libxml2/include -I/opt/homebrew/opt/libxslt/include  -c -o dh_gen.o dh_gen.c
cc -I.. -I../.. -I../modes -I../asn1 -I../evp -I../../include  -fPIC -fno-common -DOPENSSL_PIC -DOPENSSL_THREADS -D_REENTRANT -DDSO_DLFCN -DHAVE_DLFCN_H -arch i386 -O3 -fomit-frame-pointer -DL_ENDIAN -DOPENSSL_BN_ASM_PART_WORDS -DOPENSSL_IA32_SSE2 -DOPENSSL_BN_ASM_MONT -DOPENSSL_BN_ASM_GF2m -DRC4_ASM -DSHA1_ASM -DSHA256_ASM -DSHA512_ASM -DMD5_ASM -DRMD160_ASM -DAES_ASM -DVPAES_ASM -DWHIRLPOOL_ASM -DGHASH_ASM -I/opt/homebrew/opt/libxml2/include -I/opt/homebrew/opt/libxslt/include  -c -o dh_key.o dh_key.c
cc -I.. -I../.. -I../modes -I../asn1 -I../evp -I../../include  -fPIC -fno-common -DOPENSSL_PIC -DOPENSSL_THREADS -D_REENTRANT -DDSO_DLFCN -DHAVE_DLFCN_H -arch i386 -O3 -fomit-frame-pointer -DL_ENDIAN -DOPENSSL_BN_ASM_PART_WORDS -DOPENSSL_IA32_SSE2 -DOPENSSL_BN_ASM_MONT -DOPENSSL_BN_ASM_GF2m -DRC4_ASM -DSHA1_ASM -DSHA256_ASM -DSHA512_ASM -DMD5_ASM -DRMD160_ASM -DAES_ASM -DVPAES_ASM -DWHIRLPOOL_ASM -DGHASH_ASM -I/opt/homebrew/opt/libxml2/include -I/opt/homebrew/opt/libxslt/include  -c -o dh_lib.o dh_lib.c
cc -I.. -I../.. -I../modes -I../asn1 -I../evp -I../../include  -fPIC -fno-common -DOPENSSL_PIC -DOPENSSL_THREADS -D_REENTRANT -DDSO_DLFCN -DHAVE_DLFCN_H -arch i386 -O3 -fomit-frame-pointer -DL_ENDIAN -DOPENSSL_BN_ASM_PART_WORDS -DOPENSSL_IA32_SSE2 -DOPENSSL_BN_ASM_MONT -DOPENSSL_BN_ASM_GF2m -DRC4_ASM -DSHA1_ASM -DSHA256_ASM -DSHA512_ASM -DMD5_ASM -DRMD160_ASM -DAES_ASM -DVPAES_ASM -DWHIRLPOOL_ASM -DGHASH_ASM -I/opt/homebrew/opt/libxml2/include -I/opt/homebrew/opt/libxslt/include  -c -o dh_check.o dh_check.c
cc -I.. -I../.. -I../modes -I../asn1 -I../evp -I../../include  -fPIC -fno-common -DOPENSSL_PIC -DOPENSSL_THREADS -D_REENTRANT -DDSO_DLFCN -DHAVE_DLFCN_H -arch i386 -O3 -fomit-frame-pointer -DL_ENDIAN -DOPENSSL_BN_ASM_PART_WORDS -DOPENSSL_IA32_SSE2 -DOPENSSL_BN_ASM_MONT -DOPENSSL_BN_ASM_GF2m -DRC4_ASM -DSHA1_ASM -DSHA256_ASM -DSHA512_ASM -DMD5_ASM -DRMD160_ASM -DAES_ASM -DVPAES_ASM -DWHIRLPOOL_ASM -DGHASH_ASM -I/opt/homebrew/opt/libxml2/include -I/opt/homebrew/opt/libxslt/include  -c -o dh_err.o dh_err.c
cc -I.. -I../.. -I../modes -I../asn1 -I../evp -I../../include  -fPIC -fno-common -DOPENSSL_PIC -DOPENSSL_THREADS -D_REENTRANT -DDSO_DLFCN -DHAVE_DLFCN_H -arch i386 -O3 -fomit-frame-pointer -DL_ENDIAN -DOPENSSL_BN_ASM_PART_WORDS -DOPENSSL_IA32_SSE2 -DOPENSSL_BN_ASM_MONT -DOPENSSL_BN_ASM_GF2m -DRC4_ASM -DSHA1_ASM -DSHA256_ASM -DSHA512_ASM -DMD5_ASM -DRMD160_ASM -DAES_ASM -DVPAES_ASM -DWHIRLPOOL_ASM -DGHASH_ASM -I/opt/homebrew/opt/libxml2/include -I/opt/homebrew/opt/libxslt/include  -c -o dh_depr.o dh_depr.c
cc -I.. -I../.. -I../modes -I../asn1 -I../evp -I../../include  -fPIC -fno-common -DOPENSSL_PIC -DOPENSSL_THREADS -D_REENTRANT -DDSO_DLFCN -DHAVE_DLFCN_H -arch i386 -O3 -fomit-frame-pointer -DL_ENDIAN -DOPENSSL_BN_ASM_PART_WORDS -DOPENSSL_IA32_SSE2 -DOPENSSL_BN_ASM_MONT -DOPENSSL_BN_ASM_GF2m -DRC4_ASM -DSHA1_ASM -DSHA256_ASM -DSHA512_ASM -DMD5_ASM -DRMD160_ASM -DAES_ASM -DVPAES_ASM -DWHIRLPOOL_ASM -DGHASH_ASM -I/opt/homebrew/opt/libxml2/include -I/opt/homebrew/opt/libxslt/include  -c -o dh_ameth.o dh_ameth.c
cc -I.. -I../.. -I../modes -I../asn1 -I../evp -I../../include  -fPIC -fno-common -DOPENSSL_PIC -DOPENSSL_THREADS -D_REENTRANT -DDSO_DLFCN -DHAVE_DLFCN_H -arch i386 -O3 -fomit-frame-pointer -DL_ENDIAN -DOPENSSL_BN_ASM_PART_WORDS -DOPENSSL_IA32_SSE2 -DOPENSSL_BN_ASM_MONT -DOPENSSL_BN_ASM_GF2m -DRC4_ASM -DSHA1_ASM -DSHA256_ASM -DSHA512_ASM -DMD5_ASM -DRMD160_ASM -DAES_ASM -DVPAES_ASM -DWHIRLPOOL_ASM -DGHASH_ASM -I/opt/homebrew/opt/libxml2/include -I/opt/homebrew/opt/libxslt/include  -c -o dh_pmeth.o dh_pmeth.c
cc -I.. -I../.. -I../modes -I../asn1 -I../evp -I../../include  -fPIC -fno-common -DOPENSSL_PIC -DOPENSSL_THREADS -D_REENTRANT -DDSO_DLFCN -DHAVE_DLFCN_H -arch i386 -O3 -fomit-frame-pointer -DL_ENDIAN -DOPENSSL_BN_ASM_PART_WORDS -DOPENSSL_IA32_SSE2 -DOPENSSL_BN_ASM_MONT -DOPENSSL_BN_ASM_GF2m -DRC4_ASM -DSHA1_ASM -DSHA256_ASM -DSHA512_ASM -DMD5_ASM -DRMD160_ASM -DAES_ASM -DVPAES_ASM -DWHIRLPOOL_ASM -DGHASH_ASM -I/opt/homebrew/opt/libxml2/include -I/opt/homebrew/opt/libxslt/include  -c -o dh_prn.o dh_prn.c
cc -I.. -I../.. -I../modes -I../asn1 -I../evp -I../../include  -fPIC -fno-common -DOPENSSL_PIC -DOPENSSL_THREADS -D_REENTRANT -DDSO_DLFCN -DHAVE_DLFCN_H -arch i386 -O3 -fomit-frame-pointer -DL_ENDIAN -DOPENSSL_BN_ASM_PART_WORDS -DOPENSSL_IA32_SSE2 -DOPENSSL_BN_ASM_MONT -DOPENSSL_BN_ASM_GF2m -DRC4_ASM -DSHA1_ASM -DSHA256_ASM -DSHA512_ASM -DMD5_ASM -DRMD160_ASM -DAES_ASM -DVPAES_ASM -DWHIRLPOOL_ASM -DGHASH_ASM -I/opt/homebrew/opt/libxml2/include -I/opt/homebrew/opt/libxslt/include  -c -o dh_rfc5114.o dh_rfc5114.c
cc -I.. -I../.. -I../modes -I../asn1 -I../evp -I../../include  -fPIC -fno-common -DOPENSSL_PIC -DOPENSSL_THREADS -D_REENTRANT -DDSO_DLFCN -DHAVE_DLFCN_H -arch i386 -O3 -fomit-frame-pointer -DL_ENDIAN -DOPENSSL_BN_ASM_PART_WORDS -DOPENSSL_IA32_SSE2 -DOPENSSL_BN_ASM_MONT -DOPENSSL_BN_ASM_GF2m -DRC4_ASM -DSHA1_ASM -DSHA256_ASM -DSHA512_ASM -DMD5_ASM -DRMD160_ASM -DAES_ASM -DVPAES_ASM -DWHIRLPOOL_ASM -DGHASH_ASM -I/opt/homebrew/opt/libxml2/include -I/opt/homebrew/opt/libxslt/include  -c -o dh_kdf.o dh_kdf.c
ar  r ../../libcrypto.a dh_asn1.o dh_gen.o dh_key.o dh_lib.o dh_check.o dh_err.o dh_depr.o dh_ameth.o dh_pmeth.o dh_prn.o dh_rfc5114.o dh_kdf.o
/Library/Developer/CommandLineTools/usr/bin/ranlib: file: ../../libcrypto.a(ebcdic.o) has no symbols
/Library/Developer/CommandLineTools/usr/bin/ranlib: file: ../../libcrypto.a(fips_ers.o) has no symbols
/Library/Developer/CommandLineTools/usr/bin/ranlib: file: ../../libcrypto.a(ecp_nistp224.o) has no symbols
/Library/Developer/CommandLineTools/usr/bin/ranlib: file: ../../libcrypto.a(ecp_nistp256.o) has no symbols
/Library/Developer/CommandLineTools/usr/bin/ranlib: file: ../../libcrypto.a(ecp_nistp521.o) has no symbols
/Library/Developer/CommandLineTools/usr/bin/ranlib: file: ../../libcrypto.a(ecp_nistputil.o) has no symbols
/usr/bin/ranlib ../../libcrypto.a || echo Never mind.
/Library/Developer/CommandLineTools/usr/bin/ranlib: file: ../../libcrypto.a(ebcdic.o) has no symbols
/Library/Developer/CommandLineTools/usr/bin/ranlib: file: ../../libcrypto.a(fips_ers.o) has no symbols
/Library/Developer/CommandLineTools/usr/bin/ranlib: file: ../../libcrypto.a(ecp_nistp224.o) has no symbols
/Library/Developer/CommandLineTools/usr/bin/ranlib: file: ../../libcrypto.a(ecp_nistp256.o) has no symbols
/Library/Developer/CommandLineTools/usr/bin/ranlib: file: ../../libcrypto.a(ecp_nistp521.o) has no symbols
/Library/Developer/CommandLineTools/usr/bin/ranlib: file: ../../libcrypto.a(ecp_nistputil.o) has no symbols
making all in crypto/ecdh...
cc -I.. -I../.. -I../modes -I../asn1 -I../evp -I../../include  -fPIC -fno-common -DOPENSSL_PIC -DOPENSSL_THREADS -D_REENTRANT -DDSO_DLFCN -DHAVE_DLFCN_H -arch i386 -O3 -fomit-frame-pointer -DL_ENDIAN -DOPENSSL_BN_ASM_PART_WORDS -DOPENSSL_IA32_SSE2 -DOPENSSL_BN_ASM_MONT -DOPENSSL_BN_ASM_GF2m -DRC4_ASM -DSHA1_ASM -DSHA256_ASM -DSHA512_ASM -DMD5_ASM -DRMD160_ASM -DAES_ASM -DVPAES_ASM -DWHIRLPOOL_ASM -DGHASH_ASM -I/opt/homebrew/opt/libxml2/include -I/opt/homebrew/opt/libxslt/include  -c -o ech_lib.o ech_lib.c
cc -I.. -I../.. -I../modes -I../asn1 -I../evp -I../../include  -fPIC -fno-common -DOPENSSL_PIC -DOPENSSL_THREADS -D_REENTRANT -DDSO_DLFCN -DHAVE_DLFCN_H -arch i386 -O3 -fomit-frame-pointer -DL_ENDIAN -DOPENSSL_BN_ASM_PART_WORDS -DOPENSSL_IA32_SSE2 -DOPENSSL_BN_ASM_MONT -DOPENSSL_BN_ASM_GF2m -DRC4_ASM -DSHA1_ASM -DSHA256_ASM -DSHA512_ASM -DMD5_ASM -DRMD160_ASM -DAES_ASM -DVPAES_ASM -DWHIRLPOOL_ASM -DGHASH_ASM -I/opt/homebrew/opt/libxml2/include -I/opt/homebrew/opt/libxslt/include  -c -o ech_ossl.o ech_ossl.c
cc -I.. -I../.. -I../modes -I../asn1 -I../evp -I../../include  -fPIC -fno-common -DOPENSSL_PIC -DOPENSSL_THREADS -D_REENTRANT -DDSO_DLFCN -DHAVE_DLFCN_H -arch i386 -O3 -fomit-frame-pointer -DL_ENDIAN -DOPENSSL_BN_ASM_PART_WORDS -DOPENSSL_IA32_SSE2 -DOPENSSL_BN_ASM_MONT -DOPENSSL_BN_ASM_GF2m -DRC4_ASM -DSHA1_ASM -DSHA256_ASM -DSHA512_ASM -DMD5_ASM -DRMD160_ASM -DAES_ASM -DVPAES_ASM -DWHIRLPOOL_ASM -DGHASH_ASM -I/opt/homebrew/opt/libxml2/include -I/opt/homebrew/opt/libxslt/include  -c -o ech_key.o ech_key.c
cc -I.. -I../.. -I../modes -I../asn1 -I../evp -I../../include  -fPIC -fno-common -DOPENSSL_PIC -DOPENSSL_THREADS -D_REENTRANT -DDSO_DLFCN -DHAVE_DLFCN_H -arch i386 -O3 -fomit-frame-pointer -DL_ENDIAN -DOPENSSL_BN_ASM_PART_WORDS -DOPENSSL_IA32_SSE2 -DOPENSSL_BN_ASM_MONT -DOPENSSL_BN_ASM_GF2m -DRC4_ASM -DSHA1_ASM -DSHA256_ASM -DSHA512_ASM -DMD5_ASM -DRMD160_ASM -DAES_ASM -DVPAES_ASM -DWHIRLPOOL_ASM -DGHASH_ASM -I/opt/homebrew/opt/libxml2/include -I/opt/homebrew/opt/libxslt/include  -c -o ech_err.o ech_err.c
cc -I.. -I../.. -I../modes -I../asn1 -I../evp -I../../include  -fPIC -fno-common -DOPENSSL_PIC -DOPENSSL_THREADS -D_REENTRANT -DDSO_DLFCN -DHAVE_DLFCN_H -arch i386 -O3 -fomit-frame-pointer -DL_ENDIAN -DOPENSSL_BN_ASM_PART_WORDS -DOPENSSL_IA32_SSE2 -DOPENSSL_BN_ASM_MONT -DOPENSSL_BN_ASM_GF2m -DRC4_ASM -DSHA1_ASM -DSHA256_ASM -DSHA512_ASM -DMD5_ASM -DRMD160_ASM -DAES_ASM -DVPAES_ASM -DWHIRLPOOL_ASM -DGHASH_ASM -I/opt/homebrew/opt/libxml2/include -I/opt/homebrew/opt/libxslt/include  -c -o ech_kdf.o ech_kdf.c
ar  r ../../libcrypto.a ech_lib.o ech_ossl.o ech_key.o ech_err.o ech_kdf.o
/Library/Developer/CommandLineTools/usr/bin/ranlib: file: ../../libcrypto.a(ebcdic.o) has no symbols
/Library/Developer/CommandLineTools/usr/bin/ranlib: file: ../../libcrypto.a(fips_ers.o) has no symbols
/Library/Developer/CommandLineTools/usr/bin/ranlib: file: ../../libcrypto.a(ecp_nistp224.o) has no symbols
/Library/Developer/CommandLineTools/usr/bin/ranlib: file: ../../libcrypto.a(ecp_nistp256.o) has no symbols
/Library/Developer/CommandLineTools/usr/bin/ranlib: file: ../../libcrypto.a(ecp_nistp521.o) has no symbols
/Library/Developer/CommandLineTools/usr/bin/ranlib: file: ../../libcrypto.a(ecp_nistputil.o) has no symbols
/usr/bin/ranlib ../../libcrypto.a || echo Never mind.
/Library/Developer/CommandLineTools/usr/bin/ranlib: file: ../../libcrypto.a(ebcdic.o) has no symbols
/Library/Developer/CommandLineTools/usr/bin/ranlib: file: ../../libcrypto.a(fips_ers.o) has no symbols
/Library/Developer/CommandLineTools/usr/bin/ranlib: file: ../../libcrypto.a(ecp_nistp224.o) has no symbols
/Library/Developer/CommandLineTools/usr/bin/ranlib: file: ../../libcrypto.a(ecp_nistp256.o) has no symbols
/Library/Developer/CommandLineTools/usr/bin/ranlib: file: ../../libcrypto.a(ecp_nistp521.o) has no symbols
/Library/Developer/CommandLineTools/usr/bin/ranlib: file: ../../libcrypto.a(ecp_nistputil.o) has no symbols
making all in crypto/dso...
cc -I.. -I../.. -I../modes -I../asn1 -I../evp -I../../include  -fPIC -fno-common -DOPENSSL_PIC -DOPENSSL_THREADS -D_REENTRANT -DDSO_DLFCN -DHAVE_DLFCN_H -arch i386 -O3 -fomit-frame-pointer -DL_ENDIAN -DOPENSSL_BN_ASM_PART_WORDS -DOPENSSL_IA32_SSE2 -DOPENSSL_BN_ASM_MONT -DOPENSSL_BN_ASM_GF2m -DRC4_ASM -DSHA1_ASM -DSHA256_ASM -DSHA512_ASM -DMD5_ASM -DRMD160_ASM -DAES_ASM -DVPAES_ASM -DWHIRLPOOL_ASM -DGHASH_ASM -I/opt/homebrew/opt/libxml2/include -I/opt/homebrew/opt/libxslt/include  -c -o dso_dl.o dso_dl.c
cc -I.. -I../.. -I../modes -I../asn1 -I../evp -I../../include  -fPIC -fno-common -DOPENSSL_PIC -DOPENSSL_THREADS -D_REENTRANT -DDSO_DLFCN -DHAVE_DLFCN_H -arch i386 -O3 -fomit-frame-pointer -DL_ENDIAN -DOPENSSL_BN_ASM_PART_WORDS -DOPENSSL_IA32_SSE2 -DOPENSSL_BN_ASM_MONT -DOPENSSL_BN_ASM_GF2m -DRC4_ASM -DSHA1_ASM -DSHA256_ASM -DSHA512_ASM -DMD5_ASM -DRMD160_ASM -DAES_ASM -DVPAES_ASM -DWHIRLPOOL_ASM -DGHASH_ASM -I/opt/homebrew/opt/libxml2/include -I/opt/homebrew/opt/libxslt/include  -c -o dso_dlfcn.o dso_dlfcn.c
cc -I.. -I../.. -I../modes -I../asn1 -I../evp -I../../include  -fPIC -fno-common -DOPENSSL_PIC -DOPENSSL_THREADS -D_REENTRANT -DDSO_DLFCN -DHAVE_DLFCN_H -arch i386 -O3 -fomit-frame-pointer -DL_ENDIAN -DOPENSSL_BN_ASM_PART_WORDS -DOPENSSL_IA32_SSE2 -DOPENSSL_BN_ASM_MONT -DOPENSSL_BN_ASM_GF2m -DRC4_ASM -DSHA1_ASM -DSHA256_ASM -DSHA512_ASM -DMD5_ASM -DRMD160_ASM -DAES_ASM -DVPAES_ASM -DWHIRLPOOL_ASM -DGHASH_ASM -I/opt/homebrew/opt/libxml2/include -I/opt/homebrew/opt/libxslt/include  -c -o dso_err.o dso_err.c
cc -I.. -I../.. -I../modes -I../asn1 -I../evp -I../../include  -fPIC -fno-common -DOPENSSL_PIC -DOPENSSL_THREADS -D_REENTRANT -DDSO_DLFCN -DHAVE_DLFCN_H -arch i386 -O3 -fomit-frame-pointer -DL_ENDIAN -DOPENSSL_BN_ASM_PART_WORDS -DOPENSSL_IA32_SSE2 -DOPENSSL_BN_ASM_MONT -DOPENSSL_BN_ASM_GF2m -DRC4_ASM -DSHA1_ASM -DSHA256_ASM -DSHA512_ASM -DMD5_ASM -DRMD160_ASM -DAES_ASM -DVPAES_ASM -DWHIRLPOOL_ASM -DGHASH_ASM -I/opt/homebrew/opt/libxml2/include -I/opt/homebrew/opt/libxslt/include  -c -o dso_lib.o dso_lib.c
cc -I.. -I../.. -I../modes -I../asn1 -I../evp -I../../include  -fPIC -fno-common -DOPENSSL_PIC -DOPENSSL_THREADS -D_REENTRANT -DDSO_DLFCN -DHAVE_DLFCN_H -arch i386 -O3 -fomit-frame-pointer -DL_ENDIAN -DOPENSSL_BN_ASM_PART_WORDS -DOPENSSL_IA32_SSE2 -DOPENSSL_BN_ASM_MONT -DOPENSSL_BN_ASM_GF2m -DRC4_ASM -DSHA1_ASM -DSHA256_ASM -DSHA512_ASM -DMD5_ASM -DRMD160_ASM -DAES_ASM -DVPAES_ASM -DWHIRLPOOL_ASM -DGHASH_ASM -I/opt/homebrew/opt/libxml2/include -I/opt/homebrew/opt/libxslt/include  -c -o dso_null.o dso_null.c
cc -I.. -I../.. -I../modes -I../asn1 -I../evp -I../../include  -fPIC -fno-common -DOPENSSL_PIC -DOPENSSL_THREADS -D_REENTRANT -DDSO_DLFCN -DHAVE_DLFCN_H -arch i386 -O3 -fomit-frame-pointer -DL_ENDIAN -DOPENSSL_BN_ASM_PART_WORDS -DOPENSSL_IA32_SSE2 -DOPENSSL_BN_ASM_MONT -DOPENSSL_BN_ASM_GF2m -DRC4_ASM -DSHA1_ASM -DSHA256_ASM -DSHA512_ASM -DMD5_ASM -DRMD160_ASM -DAES_ASM -DVPAES_ASM -DWHIRLPOOL_ASM -DGHASH_ASM -I/opt/homebrew/opt/libxml2/include -I/opt/homebrew/opt/libxslt/include  -c -o dso_openssl.o dso_openssl.c
cc -I.. -I../.. -I../modes -I../asn1 -I../evp -I../../include  -fPIC -fno-common -DOPENSSL_PIC -DOPENSSL_THREADS -D_REENTRANT -DDSO_DLFCN -DHAVE_DLFCN_H -arch i386 -O3 -fomit-frame-pointer -DL_ENDIAN -DOPENSSL_BN_ASM_PART_WORDS -DOPENSSL_IA32_SSE2 -DOPENSSL_BN_ASM_MONT -DOPENSSL_BN_ASM_GF2m -DRC4_ASM -DSHA1_ASM -DSHA256_ASM -DSHA512_ASM -DMD5_ASM -DRMD160_ASM -DAES_ASM -DVPAES_ASM -DWHIRLPOOL_ASM -DGHASH_ASM -I/opt/homebrew/opt/libxml2/include -I/opt/homebrew/opt/libxslt/include  -c -o dso_win32.o dso_win32.c
cc -I.. -I../.. -I../modes -I../asn1 -I../evp -I../../include  -fPIC -fno-common -DOPENSSL_PIC -DOPENSSL_THREADS -D_REENTRANT -DDSO_DLFCN -DHAVE_DLFCN_H -arch i386 -O3 -fomit-frame-pointer -DL_ENDIAN -DOPENSSL_BN_ASM_PART_WORDS -DOPENSSL_IA32_SSE2 -DOPENSSL_BN_ASM_MONT -DOPENSSL_BN_ASM_GF2m -DRC4_ASM -DSHA1_ASM -DSHA256_ASM -DSHA512_ASM -DMD5_ASM -DRMD160_ASM -DAES_ASM -DVPAES_ASM -DWHIRLPOOL_ASM -DGHASH_ASM -I/opt/homebrew/opt/libxml2/include -I/opt/homebrew/opt/libxslt/include  -c -o dso_vms.o dso_vms.c
cc -I.. -I../.. -I../modes -I../asn1 -I../evp -I../../include  -fPIC -fno-common -DOPENSSL_PIC -DOPENSSL_THREADS -D_REENTRANT -DDSO_DLFCN -DHAVE_DLFCN_H -arch i386 -O3 -fomit-frame-pointer -DL_ENDIAN -DOPENSSL_BN_ASM_PART_WORDS -DOPENSSL_IA32_SSE2 -DOPENSSL_BN_ASM_MONT -DOPENSSL_BN_ASM_GF2m -DRC4_ASM -DSHA1_ASM -DSHA256_ASM -DSHA512_ASM -DMD5_ASM -DRMD160_ASM -DAES_ASM -DVPAES_ASM -DWHIRLPOOL_ASM -DGHASH_ASM -I/opt/homebrew/opt/libxml2/include -I/opt/homebrew/opt/libxslt/include  -c -o dso_beos.o dso_beos.c
ar  r ../../libcrypto.a dso_dl.o dso_dlfcn.o dso_err.o dso_lib.o dso_null.o dso_openssl.o dso_win32.o dso_vms.o dso_beos.o
/Library/Developer/CommandLineTools/usr/bin/ranlib: file: ../../libcrypto.a(ebcdic.o) has no symbols
/Library/Developer/CommandLineTools/usr/bin/ranlib: file: ../../libcrypto.a(fips_ers.o) has no symbols
/Library/Developer/CommandLineTools/usr/bin/ranlib: file: ../../libcrypto.a(ecp_nistp224.o) has no symbols
/Library/Developer/CommandLineTools/usr/bin/ranlib: file: ../../libcrypto.a(ecp_nistp256.o) has no symbols
/Library/Developer/CommandLineTools/usr/bin/ranlib: file: ../../libcrypto.a(ecp_nistp521.o) has no symbols
/Library/Developer/CommandLineTools/usr/bin/ranlib: file: ../../libcrypto.a(ecp_nistputil.o) has no symbols
/usr/bin/ranlib ../../libcrypto.a || echo Never mind.
/Library/Developer/CommandLineTools/usr/bin/ranlib: file: ../../libcrypto.a(ebcdic.o) has no symbols
/Library/Developer/CommandLineTools/usr/bin/ranlib: file: ../../libcrypto.a(fips_ers.o) has no symbols
/Library/Developer/CommandLineTools/usr/bin/ranlib: file: ../../libcrypto.a(ecp_nistp224.o) has no symbols
/Library/Developer/CommandLineTools/usr/bin/ranlib: file: ../../libcrypto.a(ecp_nistp256.o) has no symbols
/Library/Developer/CommandLineTools/usr/bin/ranlib: file: ../../libcrypto.a(ecp_nistp521.o) has no symbols
/Library/Developer/CommandLineTools/usr/bin/ranlib: file: ../../libcrypto.a(ecp_nistputil.o) has no symbols
making all in crypto/engine...
cc -I.. -I../.. -I../modes -I../asn1 -I../evp -I../../include  -fPIC -fno-common -DOPENSSL_PIC -DOPENSSL_THREADS -D_REENTRANT -DDSO_DLFCN -DHAVE_DLFCN_H -arch i386 -O3 -fomit-frame-pointer -DL_ENDIAN -DOPENSSL_BN_ASM_PART_WORDS -DOPENSSL_IA32_SSE2 -DOPENSSL_BN_ASM_MONT -DOPENSSL_BN_ASM_GF2m -DRC4_ASM -DSHA1_ASM -DSHA256_ASM -DSHA512_ASM -DMD5_ASM -DRMD160_ASM -DAES_ASM -DVPAES_ASM -DWHIRLPOOL_ASM -DGHASH_ASM -I/opt/homebrew/opt/libxml2/include -I/opt/homebrew/opt/libxslt/include  -c -o eng_err.o eng_err.c
cc -I.. -I../.. -I../modes -I../asn1 -I../evp -I../../include  -fPIC -fno-common -DOPENSSL_PIC -DOPENSSL_THREADS -D_REENTRANT -DDSO_DLFCN -DHAVE_DLFCN_H -arch i386 -O3 -fomit-frame-pointer -DL_ENDIAN -DOPENSSL_BN_ASM_PART_WORDS -DOPENSSL_IA32_SSE2 -DOPENSSL_BN_ASM_MONT -DOPENSSL_BN_ASM_GF2m -DRC4_ASM -DSHA1_ASM -DSHA256_ASM -DSHA512_ASM -DMD5_ASM -DRMD160_ASM -DAES_ASM -DVPAES_ASM -DWHIRLPOOL_ASM -DGHASH_ASM -I/opt/homebrew/opt/libxml2/include -I/opt/homebrew/opt/libxslt/include  -c -o eng_lib.o eng_lib.c
cc -I.. -I../.. -I../modes -I../asn1 -I../evp -I../../include  -fPIC -fno-common -DOPENSSL_PIC -DOPENSSL_THREADS -D_REENTRANT -DDSO_DLFCN -DHAVE_DLFCN_H -arch i386 -O3 -fomit-frame-pointer -DL_ENDIAN -DOPENSSL_BN_ASM_PART_WORDS -DOPENSSL_IA32_SSE2 -DOPENSSL_BN_ASM_MONT -DOPENSSL_BN_ASM_GF2m -DRC4_ASM -DSHA1_ASM -DSHA256_ASM -DSHA512_ASM -DMD5_ASM -DRMD160_ASM -DAES_ASM -DVPAES_ASM -DWHIRLPOOL_ASM -DGHASH_ASM -I/opt/homebrew/opt/libxml2/include -I/opt/homebrew/opt/libxslt/include  -c -o eng_list.o eng_list.c
cc -I.. -I../.. -I../modes -I../asn1 -I../evp -I../../include  -fPIC -fno-common -DOPENSSL_PIC -DOPENSSL_THREADS -D_REENTRANT -DDSO_DLFCN -DHAVE_DLFCN_H -arch i386 -O3 -fomit-frame-pointer -DL_ENDIAN -DOPENSSL_BN_ASM_PART_WORDS -DOPENSSL_IA32_SSE2 -DOPENSSL_BN_ASM_MONT -DOPENSSL_BN_ASM_GF2m -DRC4_ASM -DSHA1_ASM -DSHA256_ASM -DSHA512_ASM -DMD5_ASM -DRMD160_ASM -DAES_ASM -DVPAES_ASM -DWHIRLPOOL_ASM -DGHASH_ASM -I/opt/homebrew/opt/libxml2/include -I/opt/homebrew/opt/libxslt/include  -c -o eng_init.o eng_init.c
cc -I.. -I../.. -I../modes -I../asn1 -I../evp -I../../include  -fPIC -fno-common -DOPENSSL_PIC -DOPENSSL_THREADS -D_REENTRANT -DDSO_DLFCN -DHAVE_DLFCN_H -arch i386 -O3 -fomit-frame-pointer -DL_ENDIAN -DOPENSSL_BN_ASM_PART_WORDS -DOPENSSL_IA32_SSE2 -DOPENSSL_BN_ASM_MONT -DOPENSSL_BN_ASM_GF2m -DRC4_ASM -DSHA1_ASM -DSHA256_ASM -DSHA512_ASM -DMD5_ASM -DRMD160_ASM -DAES_ASM -DVPAES_ASM -DWHIRLPOOL_ASM -DGHASH_ASM -I/opt/homebrew/opt/libxml2/include -I/opt/homebrew/opt/libxslt/include  -c -o eng_ctrl.o eng_ctrl.c
cc -I.. -I../.. -I../modes -I../asn1 -I../evp -I../../include  -fPIC -fno-common -DOPENSSL_PIC -DOPENSSL_THREADS -D_REENTRANT -DDSO_DLFCN -DHAVE_DLFCN_H -arch i386 -O3 -fomit-frame-pointer -DL_ENDIAN -DOPENSSL_BN_ASM_PART_WORDS -DOPENSSL_IA32_SSE2 -DOPENSSL_BN_ASM_MONT -DOPENSSL_BN_ASM_GF2m -DRC4_ASM -DSHA1_ASM -DSHA256_ASM -DSHA512_ASM -DMD5_ASM -DRMD160_ASM -DAES_ASM -DVPAES_ASM -DWHIRLPOOL_ASM -DGHASH_ASM -I/opt/homebrew/opt/libxml2/include -I/opt/homebrew/opt/libxslt/include  -c -o eng_table.o eng_table.c
cc -I.. -I../.. -I../modes -I../asn1 -I../evp -I../../include  -fPIC -fno-common -DOPENSSL_PIC -DOPENSSL_THREADS -D_REENTRANT -DDSO_DLFCN -DHAVE_DLFCN_H -arch i386 -O3 -fomit-frame-pointer -DL_ENDIAN -DOPENSSL_BN_ASM_PART_WORDS -DOPENSSL_IA32_SSE2 -DOPENSSL_BN_ASM_MONT -DOPENSSL_BN_ASM_GF2m -DRC4_ASM -DSHA1_ASM -DSHA256_ASM -DSHA512_ASM -DMD5_ASM -DRMD160_ASM -DAES_ASM -DVPAES_ASM -DWHIRLPOOL_ASM -DGHASH_ASM -I/opt/homebrew/opt/libxml2/include -I/opt/homebrew/opt/libxslt/include  -c -o eng_pkey.o eng_pkey.c
cc -I.. -I../.. -I../modes -I../asn1 -I../evp -I../../include  -fPIC -fno-common -DOPENSSL_PIC -DOPENSSL_THREADS -D_REENTRANT -DDSO_DLFCN -DHAVE_DLFCN_H -arch i386 -O3 -fomit-frame-pointer -DL_ENDIAN -DOPENSSL_BN_ASM_PART_WORDS -DOPENSSL_IA32_SSE2 -DOPENSSL_BN_ASM_MONT -DOPENSSL_BN_ASM_GF2m -DRC4_ASM -DSHA1_ASM -DSHA256_ASM -DSHA512_ASM -DMD5_ASM -DRMD160_ASM -DAES_ASM -DVPAES_ASM -DWHIRLPOOL_ASM -DGHASH_ASM -I/opt/homebrew/opt/libxml2/include -I/opt/homebrew/opt/libxslt/include  -c -o eng_fat.o eng_fat.c
cc -I.. -I../.. -I../modes -I../asn1 -I../evp -I../../include  -fPIC -fno-common -DOPENSSL_PIC -DOPENSSL_THREADS -D_REENTRANT -DDSO_DLFCN -DHAVE_DLFCN_H -arch i386 -O3 -fomit-frame-pointer -DL_ENDIAN -DOPENSSL_BN_ASM_PART_WORDS -DOPENSSL_IA32_SSE2 -DOPENSSL_BN_ASM_MONT -DOPENSSL_BN_ASM_GF2m -DRC4_ASM -DSHA1_ASM -DSHA256_ASM -DSHA512_ASM -DMD5_ASM -DRMD160_ASM -DAES_ASM -DVPAES_ASM -DWHIRLPOOL_ASM -DGHASH_ASM -I/opt/homebrew/opt/libxml2/include -I/opt/homebrew/opt/libxslt/include  -c -o eng_all.o eng_all.c
cc -I.. -I../.. -I../modes -I../asn1 -I../evp -I../../include  -fPIC -fno-common -DOPENSSL_PIC -DOPENSSL_THREADS -D_REENTRANT -DDSO_DLFCN -DHAVE_DLFCN_H -arch i386 -O3 -fomit-frame-pointer -DL_ENDIAN -DOPENSSL_BN_ASM_PART_WORDS -DOPENSSL_IA32_SSE2 -DOPENSSL_BN_ASM_MONT -DOPENSSL_BN_ASM_GF2m -DRC4_ASM -DSHA1_ASM -DSHA256_ASM -DSHA512_ASM -DMD5_ASM -DRMD160_ASM -DAES_ASM -DVPAES_ASM -DWHIRLPOOL_ASM -DGHASH_ASM -I/opt/homebrew/opt/libxml2/include -I/opt/homebrew/opt/libxslt/include  -c -o tb_rsa.o tb_rsa.c
cc -I.. -I../.. -I../modes -I../asn1 -I../evp -I../../include  -fPIC -fno-common -DOPENSSL_PIC -DOPENSSL_THREADS -D_REENTRANT -DDSO_DLFCN -DHAVE_DLFCN_H -arch i386 -O3 -fomit-frame-pointer -DL_ENDIAN -DOPENSSL_BN_ASM_PART_WORDS -DOPENSSL_IA32_SSE2 -DOPENSSL_BN_ASM_MONT -DOPENSSL_BN_ASM_GF2m -DRC4_ASM -DSHA1_ASM -DSHA256_ASM -DSHA512_ASM -DMD5_ASM -DRMD160_ASM -DAES_ASM -DVPAES_ASM -DWHIRLPOOL_ASM -DGHASH_ASM -I/opt/homebrew/opt/libxml2/include -I/opt/homebrew/opt/libxslt/include  -c -o tb_dsa.o tb_dsa.c
cc -I.. -I../.. -I../modes -I../asn1 -I../evp -I../../include  -fPIC -fno-common -DOPENSSL_PIC -DOPENSSL_THREADS -D_REENTRANT -DDSO_DLFCN -DHAVE_DLFCN_H -arch i386 -O3 -fomit-frame-pointer -DL_ENDIAN -DOPENSSL_BN_ASM_PART_WORDS -DOPENSSL_IA32_SSE2 -DOPENSSL_BN_ASM_MONT -DOPENSSL_BN_ASM_GF2m -DRC4_ASM -DSHA1_ASM -DSHA256_ASM -DSHA512_ASM -DMD5_ASM -DRMD160_ASM -DAES_ASM -DVPAES_ASM -DWHIRLPOOL_ASM -DGHASH_ASM -I/opt/homebrew/opt/libxml2/include -I/opt/homebrew/opt/libxslt/include  -c -o tb_ecdsa.o tb_ecdsa.c
cc -I.. -I../.. -I../modes -I../asn1 -I../evp -I../../include  -fPIC -fno-common -DOPENSSL_PIC -DOPENSSL_THREADS -D_REENTRANT -DDSO_DLFCN -DHAVE_DLFCN_H -arch i386 -O3 -fomit-frame-pointer -DL_ENDIAN -DOPENSSL_BN_ASM_PART_WORDS -DOPENSSL_IA32_SSE2 -DOPENSSL_BN_ASM_MONT -DOPENSSL_BN_ASM_GF2m -DRC4_ASM -DSHA1_ASM -DSHA256_ASM -DSHA512_ASM -DMD5_ASM -DRMD160_ASM -DAES_ASM -DVPAES_ASM -DWHIRLPOOL_ASM -DGHASH_ASM -I/opt/homebrew/opt/libxml2/include -I/opt/homebrew/opt/libxslt/include  -c -o tb_dh.o tb_dh.c
cc -I.. -I../.. -I../modes -I../asn1 -I../evp -I../../include  -fPIC -fno-common -DOPENSSL_PIC -DOPENSSL_THREADS -D_REENTRANT -DDSO_DLFCN -DHAVE_DLFCN_H -arch i386 -O3 -fomit-frame-pointer -DL_ENDIAN -DOPENSSL_BN_ASM_PART_WORDS -DOPENSSL_IA32_SSE2 -DOPENSSL_BN_ASM_MONT -DOPENSSL_BN_ASM_GF2m -DRC4_ASM -DSHA1_ASM -DSHA256_ASM -DSHA512_ASM -DMD5_ASM -DRMD160_ASM -DAES_ASM -DVPAES_ASM -DWHIRLPOOL_ASM -DGHASH_ASM -I/opt/homebrew/opt/libxml2/include -I/opt/homebrew/opt/libxslt/include  -c -o tb_ecdh.o tb_ecdh.c
cc -I.. -I../.. -I../modes -I../asn1 -I../evp -I../../include  -fPIC -fno-common -DOPENSSL_PIC -DOPENSSL_THREADS -D_REENTRANT -DDSO_DLFCN -DHAVE_DLFCN_H -arch i386 -O3 -fomit-frame-pointer -DL_ENDIAN -DOPENSSL_BN_ASM_PART_WORDS -DOPENSSL_IA32_SSE2 -DOPENSSL_BN_ASM_MONT -DOPENSSL_BN_ASM_GF2m -DRC4_ASM -DSHA1_ASM -DSHA256_ASM -DSHA512_ASM -DMD5_ASM -DRMD160_ASM -DAES_ASM -DVPAES_ASM -DWHIRLPOOL_ASM -DGHASH_ASM -I/opt/homebrew/opt/libxml2/include -I/opt/homebrew/opt/libxslt/include  -c -o tb_rand.o tb_rand.c
cc -I.. -I../.. -I../modes -I../asn1 -I../evp -I../../include  -fPIC -fno-common -DOPENSSL_PIC -DOPENSSL_THREADS -D_REENTRANT -DDSO_DLFCN -DHAVE_DLFCN_H -arch i386 -O3 -fomit-frame-pointer -DL_ENDIAN -DOPENSSL_BN_ASM_PART_WORDS -DOPENSSL_IA32_SSE2 -DOPENSSL_BN_ASM_MONT -DOPENSSL_BN_ASM_GF2m -DRC4_ASM -DSHA1_ASM -DSHA256_ASM -DSHA512_ASM -DMD5_ASM -DRMD160_ASM -DAES_ASM -DVPAES_ASM -DWHIRLPOOL_ASM -DGHASH_ASM -I/opt/homebrew/opt/libxml2/include -I/opt/homebrew/opt/libxslt/include  -c -o tb_store.o tb_store.c
cc -I.. -I../.. -I../modes -I../asn1 -I../evp -I../../include  -fPIC -fno-common -DOPENSSL_PIC -DOPENSSL_THREADS -D_REENTRANT -DDSO_DLFCN -DHAVE_DLFCN_H -arch i386 -O3 -fomit-frame-pointer -DL_ENDIAN -DOPENSSL_BN_ASM_PART_WORDS -DOPENSSL_IA32_SSE2 -DOPENSSL_BN_ASM_MONT -DOPENSSL_BN_ASM_GF2m -DRC4_ASM -DSHA1_ASM -DSHA256_ASM -DSHA512_ASM -DMD5_ASM -DRMD160_ASM -DAES_ASM -DVPAES_ASM -DWHIRLPOOL_ASM -DGHASH_ASM -I/opt/homebrew/opt/libxml2/include -I/opt/homebrew/opt/libxslt/include  -c -o tb_cipher.o tb_cipher.c
cc -I.. -I../.. -I../modes -I../asn1 -I../evp -I../../include  -fPIC -fno-common -DOPENSSL_PIC -DOPENSSL_THREADS -D_REENTRANT -DDSO_DLFCN -DHAVE_DLFCN_H -arch i386 -O3 -fomit-frame-pointer -DL_ENDIAN -DOPENSSL_BN_ASM_PART_WORDS -DOPENSSL_IA32_SSE2 -DOPENSSL_BN_ASM_MONT -DOPENSSL_BN_ASM_GF2m -DRC4_ASM -DSHA1_ASM -DSHA256_ASM -DSHA512_ASM -DMD5_ASM -DRMD160_ASM -DAES_ASM -DVPAES_ASM -DWHIRLPOOL_ASM -DGHASH_ASM -I/opt/homebrew/opt/libxml2/include -I/opt/homebrew/opt/libxslt/include  -c -o tb_digest.o tb_digest.c
cc -I.. -I../.. -I../modes -I../asn1 -I../evp -I../../include  -fPIC -fno-common -DOPENSSL_PIC -DOPENSSL_THREADS -D_REENTRANT -DDSO_DLFCN -DHAVE_DLFCN_H -arch i386 -O3 -fomit-frame-pointer -DL_ENDIAN -DOPENSSL_BN_ASM_PART_WORDS -DOPENSSL_IA32_SSE2 -DOPENSSL_BN_ASM_MONT -DOPENSSL_BN_ASM_GF2m -DRC4_ASM -DSHA1_ASM -DSHA256_ASM -DSHA512_ASM -DMD5_ASM -DRMD160_ASM -DAES_ASM -DVPAES_ASM -DWHIRLPOOL_ASM -DGHASH_ASM -I/opt/homebrew/opt/libxml2/include -I/opt/homebrew/opt/libxslt/include  -c -o tb_pkmeth.o tb_pkmeth.c
cc -I.. -I../.. -I../modes -I../asn1 -I../evp -I../../include  -fPIC -fno-common -DOPENSSL_PIC -DOPENSSL_THREADS -D_REENTRANT -DDSO_DLFCN -DHAVE_DLFCN_H -arch i386 -O3 -fomit-frame-pointer -DL_ENDIAN -DOPENSSL_BN_ASM_PART_WORDS -DOPENSSL_IA32_SSE2 -DOPENSSL_BN_ASM_MONT -DOPENSSL_BN_ASM_GF2m -DRC4_ASM -DSHA1_ASM -DSHA256_ASM -DSHA512_ASM -DMD5_ASM -DRMD160_ASM -DAES_ASM -DVPAES_ASM -DWHIRLPOOL_ASM -DGHASH_ASM -I/opt/homebrew/opt/libxml2/include -I/opt/homebrew/opt/libxslt/include  -c -o tb_asnmth.o tb_asnmth.c
cc -I.. -I../.. -I../modes -I../asn1 -I../evp -I../../include  -fPIC -fno-common -DOPENSSL_PIC -DOPENSSL_THREADS -D_REENTRANT -DDSO_DLFCN -DHAVE_DLFCN_H -arch i386 -O3 -fomit-frame-pointer -DL_ENDIAN -DOPENSSL_BN_ASM_PART_WORDS -DOPENSSL_IA32_SSE2 -DOPENSSL_BN_ASM_MONT -DOPENSSL_BN_ASM_GF2m -DRC4_ASM -DSHA1_ASM -DSHA256_ASM -DSHA512_ASM -DMD5_ASM -DRMD160_ASM -DAES_ASM -DVPAES_ASM -DWHIRLPOOL_ASM -DGHASH_ASM -I/opt/homebrew/opt/libxml2/include -I/opt/homebrew/opt/libxslt/include  -c -o eng_openssl.o eng_openssl.c
cc -I.. -I../.. -I../modes -I../asn1 -I../evp -I../../include  -fPIC -fno-common -DOPENSSL_PIC -DOPENSSL_THREADS -D_REENTRANT -DDSO_DLFCN -DHAVE_DLFCN_H -arch i386 -O3 -fomit-frame-pointer -DL_ENDIAN -DOPENSSL_BN_ASM_PART_WORDS -DOPENSSL_IA32_SSE2 -DOPENSSL_BN_ASM_MONT -DOPENSSL_BN_ASM_GF2m -DRC4_ASM -DSHA1_ASM -DSHA256_ASM -DSHA512_ASM -DMD5_ASM -DRMD160_ASM -DAES_ASM -DVPAES_ASM -DWHIRLPOOL_ASM -DGHASH_ASM -I/opt/homebrew/opt/libxml2/include -I/opt/homebrew/opt/libxslt/include  -c -o eng_cnf.o eng_cnf.c
cc -I.. -I../.. -I../modes -I../asn1 -I../evp -I../../include  -fPIC -fno-common -DOPENSSL_PIC -DOPENSSL_THREADS -D_REENTRANT -DDSO_DLFCN -DHAVE_DLFCN_H -arch i386 -O3 -fomit-frame-pointer -DL_ENDIAN -DOPENSSL_BN_ASM_PART_WORDS -DOPENSSL_IA32_SSE2 -DOPENSSL_BN_ASM_MONT -DOPENSSL_BN_ASM_GF2m -DRC4_ASM -DSHA1_ASM -DSHA256_ASM -DSHA512_ASM -DMD5_ASM -DRMD160_ASM -DAES_ASM -DVPAES_ASM -DWHIRLPOOL_ASM -DGHASH_ASM -I/opt/homebrew/opt/libxml2/include -I/opt/homebrew/opt/libxslt/include  -c -o eng_dyn.o eng_dyn.c
cc -I.. -I../.. -I../modes -I../asn1 -I../evp -I../../include  -fPIC -fno-common -DOPENSSL_PIC -DOPENSSL_THREADS -D_REENTRANT -DDSO_DLFCN -DHAVE_DLFCN_H -arch i386 -O3 -fomit-frame-pointer -DL_ENDIAN -DOPENSSL_BN_ASM_PART_WORDS -DOPENSSL_IA32_SSE2 -DOPENSSL_BN_ASM_MONT -DOPENSSL_BN_ASM_GF2m -DRC4_ASM -DSHA1_ASM -DSHA256_ASM -DSHA512_ASM -DMD5_ASM -DRMD160_ASM -DAES_ASM -DVPAES_ASM -DWHIRLPOOL_ASM -DGHASH_ASM -I/opt/homebrew/opt/libxml2/include -I/opt/homebrew/opt/libxslt/include  -c -o eng_cryptodev.o eng_cryptodev.c
cc -I.. -I../.. -I../modes -I../asn1 -I../evp -I../../include  -fPIC -fno-common -DOPENSSL_PIC -DOPENSSL_THREADS -D_REENTRANT -DDSO_DLFCN -DHAVE_DLFCN_H -arch i386 -O3 -fomit-frame-pointer -DL_ENDIAN -DOPENSSL_BN_ASM_PART_WORDS -DOPENSSL_IA32_SSE2 -DOPENSSL_BN_ASM_MONT -DOPENSSL_BN_ASM_GF2m -DRC4_ASM -DSHA1_ASM -DSHA256_ASM -DSHA512_ASM -DMD5_ASM -DRMD160_ASM -DAES_ASM -DVPAES_ASM -DWHIRLPOOL_ASM -DGHASH_ASM -I/opt/homebrew/opt/libxml2/include -I/opt/homebrew/opt/libxslt/include  -c -o eng_rdrand.o eng_rdrand.c
ar  r ../../libcrypto.a eng_err.o eng_lib.o eng_list.o eng_init.o eng_ctrl.o eng_table.o eng_pkey.o eng_fat.o eng_all.o tb_rsa.o tb_dsa.o tb_ecdsa.o tb_dh.o tb_ecdh.o tb_rand.o tb_store.o tb_cipher.o tb_digest.o tb_pkmeth.o tb_asnmth.o eng_openssl.o eng_cnf.o eng_dyn.o eng_cryptodev.o eng_rdrand.o
/Library/Developer/CommandLineTools/usr/bin/ranlib: file: ../../libcrypto.a(ebcdic.o) has no symbols
/Library/Developer/CommandLineTools/usr/bin/ranlib: file: ../../libcrypto.a(fips_ers.o) has no symbols
/Library/Developer/CommandLineTools/usr/bin/ranlib: file: ../../libcrypto.a(ecp_nistp224.o) has no symbols
/Library/Developer/CommandLineTools/usr/bin/ranlib: file: ../../libcrypto.a(ecp_nistp256.o) has no symbols
/Library/Developer/CommandLineTools/usr/bin/ranlib: file: ../../libcrypto.a(ecp_nistp521.o) has no symbols
/Library/Developer/CommandLineTools/usr/bin/ranlib: file: ../../libcrypto.a(ecp_nistputil.o) has no symbols
/usr/bin/ranlib ../../libcrypto.a || echo Never mind.
/Library/Developer/CommandLineTools/usr/bin/ranlib: file: ../../libcrypto.a(ebcdic.o) has no symbols
/Library/Developer/CommandLineTools/usr/bin/ranlib: file: ../../libcrypto.a(fips_ers.o) has no symbols
/Library/Developer/CommandLineTools/usr/bin/ranlib: file: ../../libcrypto.a(ecp_nistp224.o) has no symbols
/Library/Developer/CommandLineTools/usr/bin/ranlib: file: ../../libcrypto.a(ecp_nistp256.o) has no symbols
/Library/Developer/CommandLineTools/usr/bin/ranlib: file: ../../libcrypto.a(ecp_nistp521.o) has no symbols
/Library/Developer/CommandLineTools/usr/bin/ranlib: file: ../../libcrypto.a(ecp_nistputil.o) has no symbols
making all in crypto/buffer...
cc -I.. -I../.. -I../modes -I../asn1 -I../evp -I../../include  -fPIC -fno-common -DOPENSSL_PIC -DOPENSSL_THREADS -D_REENTRANT -DDSO_DLFCN -DHAVE_DLFCN_H -arch i386 -O3 -fomit-frame-pointer -DL_ENDIAN -DOPENSSL_BN_ASM_PART_WORDS -DOPENSSL_IA32_SSE2 -DOPENSSL_BN_ASM_MONT -DOPENSSL_BN_ASM_GF2m -DRC4_ASM -DSHA1_ASM -DSHA256_ASM -DSHA512_ASM -DMD5_ASM -DRMD160_ASM -DAES_ASM -DVPAES_ASM -DWHIRLPOOL_ASM -DGHASH_ASM -I/opt/homebrew/opt/libxml2/include -I/opt/homebrew/opt/libxslt/include  -c -o buffer.o buffer.c
cc -I.. -I../.. -I../modes -I../asn1 -I../evp -I../../include  -fPIC -fno-common -DOPENSSL_PIC -DOPENSSL_THREADS -D_REENTRANT -DDSO_DLFCN -DHAVE_DLFCN_H -arch i386 -O3 -fomit-frame-pointer -DL_ENDIAN -DOPENSSL_BN_ASM_PART_WORDS -DOPENSSL_IA32_SSE2 -DOPENSSL_BN_ASM_MONT -DOPENSSL_BN_ASM_GF2m -DRC4_ASM -DSHA1_ASM -DSHA256_ASM -DSHA512_ASM -DMD5_ASM -DRMD160_ASM -DAES_ASM -DVPAES_ASM -DWHIRLPOOL_ASM -DGHASH_ASM -I/opt/homebrew/opt/libxml2/include -I/opt/homebrew/opt/libxslt/include  -c -o buf_str.o buf_str.c
cc -I.. -I../.. -I../modes -I../asn1 -I../evp -I../../include  -fPIC -fno-common -DOPENSSL_PIC -DOPENSSL_THREADS -D_REENTRANT -DDSO_DLFCN -DHAVE_DLFCN_H -arch i386 -O3 -fomit-frame-pointer -DL_ENDIAN -DOPENSSL_BN_ASM_PART_WORDS -DOPENSSL_IA32_SSE2 -DOPENSSL_BN_ASM_MONT -DOPENSSL_BN_ASM_GF2m -DRC4_ASM -DSHA1_ASM -DSHA256_ASM -DSHA512_ASM -DMD5_ASM -DRMD160_ASM -DAES_ASM -DVPAES_ASM -DWHIRLPOOL_ASM -DGHASH_ASM -I/opt/homebrew/opt/libxml2/include -I/opt/homebrew/opt/libxslt/include  -c -o buf_err.o buf_err.c
ar  r ../../libcrypto.a buffer.o buf_str.o buf_err.o
/Library/Developer/CommandLineTools/usr/bin/ranlib: file: ../../libcrypto.a(ebcdic.o) has no symbols
/Library/Developer/CommandLineTools/usr/bin/ranlib: file: ../../libcrypto.a(fips_ers.o) has no symbols
/Library/Developer/CommandLineTools/usr/bin/ranlib: file: ../../libcrypto.a(ecp_nistp224.o) has no symbols
/Library/Developer/CommandLineTools/usr/bin/ranlib: file: ../../libcrypto.a(ecp_nistp256.o) has no symbols
/Library/Developer/CommandLineTools/usr/bin/ranlib: file: ../../libcrypto.a(ecp_nistp521.o) has no symbols
/Library/Developer/CommandLineTools/usr/bin/ranlib: file: ../../libcrypto.a(ecp_nistputil.o) has no symbols
/usr/bin/ranlib ../../libcrypto.a || echo Never mind.
/Library/Developer/CommandLineTools/usr/bin/ranlib: file: ../../libcrypto.a(ebcdic.o) has no symbols
/Library/Developer/CommandLineTools/usr/bin/ranlib: file: ../../libcrypto.a(fips_ers.o) has no symbols
/Library/Developer/CommandLineTools/usr/bin/ranlib: file: ../../libcrypto.a(ecp_nistp224.o) has no symbols
/Library/Developer/CommandLineTools/usr/bin/ranlib: file: ../../libcrypto.a(ecp_nistp256.o) has no symbols
/Library/Developer/CommandLineTools/usr/bin/ranlib: file: ../../libcrypto.a(ecp_nistp521.o) has no symbols
/Library/Developer/CommandLineTools/usr/bin/ranlib: file: ../../libcrypto.a(ecp_nistputil.o) has no symbols
making all in crypto/bio...
cc -I.. -I../.. -I../modes -I../asn1 -I../evp -I../../include  -fPIC -fno-common -DOPENSSL_PIC -DOPENSSL_THREADS -D_REENTRANT -DDSO_DLFCN -DHAVE_DLFCN_H -arch i386 -O3 -fomit-frame-pointer -DL_ENDIAN -DOPENSSL_BN_ASM_PART_WORDS -DOPENSSL_IA32_SSE2 -DOPENSSL_BN_ASM_MONT -DOPENSSL_BN_ASM_GF2m -DRC4_ASM -DSHA1_ASM -DSHA256_ASM -DSHA512_ASM -DMD5_ASM -DRMD160_ASM -DAES_ASM -DVPAES_ASM -DWHIRLPOOL_ASM -DGHASH_ASM -I/opt/homebrew/opt/libxml2/include -I/opt/homebrew/opt/libxslt/include  -c -o bio_lib.o bio_lib.c
cc -I.. -I../.. -I../modes -I../asn1 -I../evp -I../../include  -fPIC -fno-common -DOPENSSL_PIC -DOPENSSL_THREADS -D_REENTRANT -DDSO_DLFCN -DHAVE_DLFCN_H -arch i386 -O3 -fomit-frame-pointer -DL_ENDIAN -DOPENSSL_BN_ASM_PART_WORDS -DOPENSSL_IA32_SSE2 -DOPENSSL_BN_ASM_MONT -DOPENSSL_BN_ASM_GF2m -DRC4_ASM -DSHA1_ASM -DSHA256_ASM -DSHA512_ASM -DMD5_ASM -DRMD160_ASM -DAES_ASM -DVPAES_ASM -DWHIRLPOOL_ASM -DGHASH_ASM -I/opt/homebrew/opt/libxml2/include -I/opt/homebrew/opt/libxslt/include  -c -o bio_cb.o bio_cb.c
cc -I.. -I../.. -I../modes -I../asn1 -I../evp -I../../include  -fPIC -fno-common -DOPENSSL_PIC -DOPENSSL_THREADS -D_REENTRANT -DDSO_DLFCN -DHAVE_DLFCN_H -arch i386 -O3 -fomit-frame-pointer -DL_ENDIAN -DOPENSSL_BN_ASM_PART_WORDS -DOPENSSL_IA32_SSE2 -DOPENSSL_BN_ASM_MONT -DOPENSSL_BN_ASM_GF2m -DRC4_ASM -DSHA1_ASM -DSHA256_ASM -DSHA512_ASM -DMD5_ASM -DRMD160_ASM -DAES_ASM -DVPAES_ASM -DWHIRLPOOL_ASM -DGHASH_ASM -I/opt/homebrew/opt/libxml2/include -I/opt/homebrew/opt/libxslt/include  -c -o bio_err.o bio_err.c
cc -I.. -I../.. -I../modes -I../asn1 -I../evp -I../../include  -fPIC -fno-common -DOPENSSL_PIC -DOPENSSL_THREADS -D_REENTRANT -DDSO_DLFCN -DHAVE_DLFCN_H -arch i386 -O3 -fomit-frame-pointer -DL_ENDIAN -DOPENSSL_BN_ASM_PART_WORDS -DOPENSSL_IA32_SSE2 -DOPENSSL_BN_ASM_MONT -DOPENSSL_BN_ASM_GF2m -DRC4_ASM -DSHA1_ASM -DSHA256_ASM -DSHA512_ASM -DMD5_ASM -DRMD160_ASM -DAES_ASM -DVPAES_ASM -DWHIRLPOOL_ASM -DGHASH_ASM -I/opt/homebrew/opt/libxml2/include -I/opt/homebrew/opt/libxslt/include  -c -o bss_mem.o bss_mem.c
cc -I.. -I../.. -I../modes -I../asn1 -I../evp -I../../include  -fPIC -fno-common -DOPENSSL_PIC -DOPENSSL_THREADS -D_REENTRANT -DDSO_DLFCN -DHAVE_DLFCN_H -arch i386 -O3 -fomit-frame-pointer -DL_ENDIAN -DOPENSSL_BN_ASM_PART_WORDS -DOPENSSL_IA32_SSE2 -DOPENSSL_BN_ASM_MONT -DOPENSSL_BN_ASM_GF2m -DRC4_ASM -DSHA1_ASM -DSHA256_ASM -DSHA512_ASM -DMD5_ASM -DRMD160_ASM -DAES_ASM -DVPAES_ASM -DWHIRLPOOL_ASM -DGHASH_ASM -I/opt/homebrew/opt/libxml2/include -I/opt/homebrew/opt/libxslt/include  -c -o bss_null.o bss_null.c
cc -I.. -I../.. -I../modes -I../asn1 -I../evp -I../../include  -fPIC -fno-common -DOPENSSL_PIC -DOPENSSL_THREADS -D_REENTRANT -DDSO_DLFCN -DHAVE_DLFCN_H -arch i386 -O3 -fomit-frame-pointer -DL_ENDIAN -DOPENSSL_BN_ASM_PART_WORDS -DOPENSSL_IA32_SSE2 -DOPENSSL_BN_ASM_MONT -DOPENSSL_BN_ASM_GF2m -DRC4_ASM -DSHA1_ASM -DSHA256_ASM -DSHA512_ASM -DMD5_ASM -DRMD160_ASM -DAES_ASM -DVPAES_ASM -DWHIRLPOOL_ASM -DGHASH_ASM -I/opt/homebrew/opt/libxml2/include -I/opt/homebrew/opt/libxslt/include  -c -o bss_fd.o bss_fd.c
cc -I.. -I../.. -I../modes -I../asn1 -I../evp -I../../include  -fPIC -fno-common -DOPENSSL_PIC -DOPENSSL_THREADS -D_REENTRANT -DDSO_DLFCN -DHAVE_DLFCN_H -arch i386 -O3 -fomit-frame-pointer -DL_ENDIAN -DOPENSSL_BN_ASM_PART_WORDS -DOPENSSL_IA32_SSE2 -DOPENSSL_BN_ASM_MONT -DOPENSSL_BN_ASM_GF2m -DRC4_ASM -DSHA1_ASM -DSHA256_ASM -DSHA512_ASM -DMD5_ASM -DRMD160_ASM -DAES_ASM -DVPAES_ASM -DWHIRLPOOL_ASM -DGHASH_ASM -I/opt/homebrew/opt/libxml2/include -I/opt/homebrew/opt/libxslt/include  -c -o bss_file.o bss_file.c
cc -I.. -I../.. -I../modes -I../asn1 -I../evp -I../../include  -fPIC -fno-common -DOPENSSL_PIC -DOPENSSL_THREADS -D_REENTRANT -DDSO_DLFCN -DHAVE_DLFCN_H -arch i386 -O3 -fomit-frame-pointer -DL_ENDIAN -DOPENSSL_BN_ASM_PART_WORDS -DOPENSSL_IA32_SSE2 -DOPENSSL_BN_ASM_MONT -DOPENSSL_BN_ASM_GF2m -DRC4_ASM -DSHA1_ASM -DSHA256_ASM -DSHA512_ASM -DMD5_ASM -DRMD160_ASM -DAES_ASM -DVPAES_ASM -DWHIRLPOOL_ASM -DGHASH_ASM -I/opt/homebrew/opt/libxml2/include -I/opt/homebrew/opt/libxslt/include  -c -o bss_sock.o bss_sock.c
cc -I.. -I../.. -I../modes -I../asn1 -I../evp -I../../include  -fPIC -fno-common -DOPENSSL_PIC -DOPENSSL_THREADS -D_REENTRANT -DDSO_DLFCN -DHAVE_DLFCN_H -arch i386 -O3 -fomit-frame-pointer -DL_ENDIAN -DOPENSSL_BN_ASM_PART_WORDS -DOPENSSL_IA32_SSE2 -DOPENSSL_BN_ASM_MONT -DOPENSSL_BN_ASM_GF2m -DRC4_ASM -DSHA1_ASM -DSHA256_ASM -DSHA512_ASM -DMD5_ASM -DRMD160_ASM -DAES_ASM -DVPAES_ASM -DWHIRLPOOL_ASM -DGHASH_ASM -I/opt/homebrew/opt/libxml2/include -I/opt/homebrew/opt/libxslt/include  -c -o bss_conn.o bss_conn.c
cc -I.. -I../.. -I../modes -I../asn1 -I../evp -I../../include  -fPIC -fno-common -DOPENSSL_PIC -DOPENSSL_THREADS -D_REENTRANT -DDSO_DLFCN -DHAVE_DLFCN_H -arch i386 -O3 -fomit-frame-pointer -DL_ENDIAN -DOPENSSL_BN_ASM_PART_WORDS -DOPENSSL_IA32_SSE2 -DOPENSSL_BN_ASM_MONT -DOPENSSL_BN_ASM_GF2m -DRC4_ASM -DSHA1_ASM -DSHA256_ASM -DSHA512_ASM -DMD5_ASM -DRMD160_ASM -DAES_ASM -DVPAES_ASM -DWHIRLPOOL_ASM -DGHASH_ASM -I/opt/homebrew/opt/libxml2/include -I/opt/homebrew/opt/libxslt/include  -c -o bf_null.o bf_null.c
cc -I.. -I../.. -I../modes -I../asn1 -I../evp -I../../include  -fPIC -fno-common -DOPENSSL_PIC -DOPENSSL_THREADS -D_REENTRANT -DDSO_DLFCN -DHAVE_DLFCN_H -arch i386 -O3 -fomit-frame-pointer -DL_ENDIAN -DOPENSSL_BN_ASM_PART_WORDS -DOPENSSL_IA32_SSE2 -DOPENSSL_BN_ASM_MONT -DOPENSSL_BN_ASM_GF2m -DRC4_ASM -DSHA1_ASM -DSHA256_ASM -DSHA512_ASM -DMD5_ASM -DRMD160_ASM -DAES_ASM -DVPAES_ASM -DWHIRLPOOL_ASM -DGHASH_ASM -I/opt/homebrew/opt/libxml2/include -I/opt/homebrew/opt/libxslt/include  -c -o bf_buff.o bf_buff.c
cc -I.. -I../.. -I../modes -I../asn1 -I../evp -I../../include  -fPIC -fno-common -DOPENSSL_PIC -DOPENSSL_THREADS -D_REENTRANT -DDSO_DLFCN -DHAVE_DLFCN_H -arch i386 -O3 -fomit-frame-pointer -DL_ENDIAN -DOPENSSL_BN_ASM_PART_WORDS -DOPENSSL_IA32_SSE2 -DOPENSSL_BN_ASM_MONT -DOPENSSL_BN_ASM_GF2m -DRC4_ASM -DSHA1_ASM -DSHA256_ASM -DSHA512_ASM -DMD5_ASM -DRMD160_ASM -DAES_ASM -DVPAES_ASM -DWHIRLPOOL_ASM -DGHASH_ASM -I/opt/homebrew/opt/libxml2/include -I/opt/homebrew/opt/libxslt/include  -c -o b_print.o b_print.c
cc -I.. -I../.. -I../modes -I../asn1 -I../evp -I../../include  -fPIC -fno-common -DOPENSSL_PIC -DOPENSSL_THREADS -D_REENTRANT -DDSO_DLFCN -DHAVE_DLFCN_H -arch i386 -O3 -fomit-frame-pointer -DL_ENDIAN -DOPENSSL_BN_ASM_PART_WORDS -DOPENSSL_IA32_SSE2 -DOPENSSL_BN_ASM_MONT -DOPENSSL_BN_ASM_GF2m -DRC4_ASM -DSHA1_ASM -DSHA256_ASM -DSHA512_ASM -DMD5_ASM -DRMD160_ASM -DAES_ASM -DVPAES_ASM -DWHIRLPOOL_ASM -DGHASH_ASM -I/opt/homebrew/opt/libxml2/include -I/opt/homebrew/opt/libxslt/include  -c -o b_dump.o b_dump.c
cc -I.. -I../.. -I../modes -I../asn1 -I../evp -I../../include  -fPIC -fno-common -DOPENSSL_PIC -DOPENSSL_THREADS -D_REENTRANT -DDSO_DLFCN -DHAVE_DLFCN_H -arch i386 -O3 -fomit-frame-pointer -DL_ENDIAN -DOPENSSL_BN_ASM_PART_WORDS -DOPENSSL_IA32_SSE2 -DOPENSSL_BN_ASM_MONT -DOPENSSL_BN_ASM_GF2m -DRC4_ASM -DSHA1_ASM -DSHA256_ASM -DSHA512_ASM -DMD5_ASM -DRMD160_ASM -DAES_ASM -DVPAES_ASM -DWHIRLPOOL_ASM -DGHASH_ASM -I/opt/homebrew/opt/libxml2/include -I/opt/homebrew/opt/libxslt/include  -c -o b_sock.o b_sock.c
cc -I.. -I../.. -I../modes -I../asn1 -I../evp -I../../include  -fPIC -fno-common -DOPENSSL_PIC -DOPENSSL_THREADS -D_REENTRANT -DDSO_DLFCN -DHAVE_DLFCN_H -arch i386 -O3 -fomit-frame-pointer -DL_ENDIAN -DOPENSSL_BN_ASM_PART_WORDS -DOPENSSL_IA32_SSE2 -DOPENSSL_BN_ASM_MONT -DOPENSSL_BN_ASM_GF2m -DRC4_ASM -DSHA1_ASM -DSHA256_ASM -DSHA512_ASM -DMD5_ASM -DRMD160_ASM -DAES_ASM -DVPAES_ASM -DWHIRLPOOL_ASM -DGHASH_ASM -I/opt/homebrew/opt/libxml2/include -I/opt/homebrew/opt/libxslt/include  -c -o bss_acpt.o bss_acpt.c
cc -I.. -I../.. -I../modes -I../asn1 -I../evp -I../../include  -fPIC -fno-common -DOPENSSL_PIC -DOPENSSL_THREADS -D_REENTRANT -DDSO_DLFCN -DHAVE_DLFCN_H -arch i386 -O3 -fomit-frame-pointer -DL_ENDIAN -DOPENSSL_BN_ASM_PART_WORDS -DOPENSSL_IA32_SSE2 -DOPENSSL_BN_ASM_MONT -DOPENSSL_BN_ASM_GF2m -DRC4_ASM -DSHA1_ASM -DSHA256_ASM -DSHA512_ASM -DMD5_ASM -DRMD160_ASM -DAES_ASM -DVPAES_ASM -DWHIRLPOOL_ASM -DGHASH_ASM -I/opt/homebrew/opt/libxml2/include -I/opt/homebrew/opt/libxslt/include  -c -o bf_nbio.o bf_nbio.c
cc -I.. -I../.. -I../modes -I../asn1 -I../evp -I../../include  -fPIC -fno-common -DOPENSSL_PIC -DOPENSSL_THREADS -D_REENTRANT -DDSO_DLFCN -DHAVE_DLFCN_H -arch i386 -O3 -fomit-frame-pointer -DL_ENDIAN -DOPENSSL_BN_ASM_PART_WORDS -DOPENSSL_IA32_SSE2 -DOPENSSL_BN_ASM_MONT -DOPENSSL_BN_ASM_GF2m -DRC4_ASM -DSHA1_ASM -DSHA256_ASM -DSHA512_ASM -DMD5_ASM -DRMD160_ASM -DAES_ASM -DVPAES_ASM -DWHIRLPOOL_ASM -DGHASH_ASM -I/opt/homebrew/opt/libxml2/include -I/opt/homebrew/opt/libxslt/include  -c -o bss_log.o bss_log.c
cc -I.. -I../.. -I../modes -I../asn1 -I../evp -I../../include  -fPIC -fno-common -DOPENSSL_PIC -DOPENSSL_THREADS -D_REENTRANT -DDSO_DLFCN -DHAVE_DLFCN_H -arch i386 -O3 -fomit-frame-pointer -DL_ENDIAN -DOPENSSL_BN_ASM_PART_WORDS -DOPENSSL_IA32_SSE2 -DOPENSSL_BN_ASM_MONT -DOPENSSL_BN_ASM_GF2m -DRC4_ASM -DSHA1_ASM -DSHA256_ASM -DSHA512_ASM -DMD5_ASM -DRMD160_ASM -DAES_ASM -DVPAES_ASM -DWHIRLPOOL_ASM -DGHASH_ASM -I/opt/homebrew/opt/libxml2/include -I/opt/homebrew/opt/libxslt/include  -c -o bss_bio.o bss_bio.c
cc -I.. -I../.. -I../modes -I../asn1 -I../evp -I../../include  -fPIC -fno-common -DOPENSSL_PIC -DOPENSSL_THREADS -D_REENTRANT -DDSO_DLFCN -DHAVE_DLFCN_H -arch i386 -O3 -fomit-frame-pointer -DL_ENDIAN -DOPENSSL_BN_ASM_PART_WORDS -DOPENSSL_IA32_SSE2 -DOPENSSL_BN_ASM_MONT -DOPENSSL_BN_ASM_GF2m -DRC4_ASM -DSHA1_ASM -DSHA256_ASM -DSHA512_ASM -DMD5_ASM -DRMD160_ASM -DAES_ASM -DVPAES_ASM -DWHIRLPOOL_ASM -DGHASH_ASM -I/opt/homebrew/opt/libxml2/include -I/opt/homebrew/opt/libxslt/include  -c -o bss_dgram.o bss_dgram.c
ar  r ../../libcrypto.a bio_lib.o bio_cb.o bio_err.o bss_mem.o bss_null.o bss_fd.o bss_file.o bss_sock.o bss_conn.o bf_null.o bf_buff.o b_print.o b_dump.o b_sock.o bss_acpt.o bf_nbio.o bss_log.o bss_bio.o bss_dgram.o
/Library/Developer/CommandLineTools/usr/bin/ranlib: file: ../../libcrypto.a(ebcdic.o) has no symbols
/Library/Developer/CommandLineTools/usr/bin/ranlib: file: ../../libcrypto.a(fips_ers.o) has no symbols
/Library/Developer/CommandLineTools/usr/bin/ranlib: file: ../../libcrypto.a(ecp_nistp224.o) has no symbols
/Library/Developer/CommandLineTools/usr/bin/ranlib: file: ../../libcrypto.a(ecp_nistp256.o) has no symbols
/Library/Developer/CommandLineTools/usr/bin/ranlib: file: ../../libcrypto.a(ecp_nistp521.o) has no symbols
/Library/Developer/CommandLineTools/usr/bin/ranlib: file: ../../libcrypto.a(ecp_nistputil.o) has no symbols
/usr/bin/ranlib ../../libcrypto.a || echo Never mind.
/Library/Developer/CommandLineTools/usr/bin/ranlib: file: ../../libcrypto.a(ebcdic.o) has no symbols
/Library/Developer/CommandLineTools/usr/bin/ranlib: file: ../../libcrypto.a(fips_ers.o) has no symbols
/Library/Developer/CommandLineTools/usr/bin/ranlib: file: ../../libcrypto.a(ecp_nistp224.o) has no symbols
/Library/Developer/CommandLineTools/usr/bin/ranlib: file: ../../libcrypto.a(ecp_nistp256.o) has no symbols
/Library/Developer/CommandLineTools/usr/bin/ranlib: file: ../../libcrypto.a(ecp_nistp521.o) has no symbols
/Library/Developer/CommandLineTools/usr/bin/ranlib: file: ../../libcrypto.a(ecp_nistputil.o) has no symbols
making all in crypto/stack...
cc -I.. -I../.. -I../modes -I../asn1 -I../evp -I../../include  -fPIC -fno-common -DOPENSSL_PIC -DOPENSSL_THREADS -D_REENTRANT -DDSO_DLFCN -DHAVE_DLFCN_H -arch i386 -O3 -fomit-frame-pointer -DL_ENDIAN -DOPENSSL_BN_ASM_PART_WORDS -DOPENSSL_IA32_SSE2 -DOPENSSL_BN_ASM_MONT -DOPENSSL_BN_ASM_GF2m -DRC4_ASM -DSHA1_ASM -DSHA256_ASM -DSHA512_ASM -DMD5_ASM -DRMD160_ASM -DAES_ASM -DVPAES_ASM -DWHIRLPOOL_ASM -DGHASH_ASM -I/opt/homebrew/opt/libxml2/include -I/opt/homebrew/opt/libxslt/include  -c -o stack.o stack.c
ar  r ../../libcrypto.a stack.o
/Library/Developer/CommandLineTools/usr/bin/ranlib: file: ../../libcrypto.a(ebcdic.o) has no symbols
/Library/Developer/CommandLineTools/usr/bin/ranlib: file: ../../libcrypto.a(fips_ers.o) has no symbols
/Library/Developer/CommandLineTools/usr/bin/ranlib: file: ../../libcrypto.a(ecp_nistp224.o) has no symbols
/Library/Developer/CommandLineTools/usr/bin/ranlib: file: ../../libcrypto.a(ecp_nistp256.o) has no symbols
/Library/Developer/CommandLineTools/usr/bin/ranlib: file: ../../libcrypto.a(ecp_nistp521.o) has no symbols
/Library/Developer/CommandLineTools/usr/bin/ranlib: file: ../../libcrypto.a(ecp_nistputil.o) has no symbols
/usr/bin/ranlib ../../libcrypto.a || echo Never mind.
/Library/Developer/CommandLineTools/usr/bin/ranlib: file: ../../libcrypto.a(ebcdic.o) has no symbols
/Library/Developer/CommandLineTools/usr/bin/ranlib: file: ../../libcrypto.a(fips_ers.o) has no symbols
/Library/Developer/CommandLineTools/usr/bin/ranlib: file: ../../libcrypto.a(ecp_nistp224.o) has no symbols
/Library/Developer/CommandLineTools/usr/bin/ranlib: file: ../../libcrypto.a(ecp_nistp256.o) has no symbols
/Library/Developer/CommandLineTools/usr/bin/ranlib: file: ../../libcrypto.a(ecp_nistp521.o) has no symbols
/Library/Developer/CommandLineTools/usr/bin/ranlib: file: ../../libcrypto.a(ecp_nistputil.o) has no symbols
making all in crypto/lhash...
cc -I.. -I../.. -I../modes -I../asn1 -I../evp -I../../include  -fPIC -fno-common -DOPENSSL_PIC -DOPENSSL_THREADS -D_REENTRANT -DDSO_DLFCN -DHAVE_DLFCN_H -arch i386 -O3 -fomit-frame-pointer -DL_ENDIAN -DOPENSSL_BN_ASM_PART_WORDS -DOPENSSL_IA32_SSE2 -DOPENSSL_BN_ASM_MONT -DOPENSSL_BN_ASM_GF2m -DRC4_ASM -DSHA1_ASM -DSHA256_ASM -DSHA512_ASM -DMD5_ASM -DRMD160_ASM -DAES_ASM -DVPAES_ASM -DWHIRLPOOL_ASM -DGHASH_ASM -I/opt/homebrew/opt/libxml2/include -I/opt/homebrew/opt/libxslt/include  -c -o lhash.o lhash.c
cc -I.. -I../.. -I../modes -I../asn1 -I../evp -I../../include  -fPIC -fno-common -DOPENSSL_PIC -DOPENSSL_THREADS -D_REENTRANT -DDSO_DLFCN -DHAVE_DLFCN_H -arch i386 -O3 -fomit-frame-pointer -DL_ENDIAN -DOPENSSL_BN_ASM_PART_WORDS -DOPENSSL_IA32_SSE2 -DOPENSSL_BN_ASM_MONT -DOPENSSL_BN_ASM_GF2m -DRC4_ASM -DSHA1_ASM -DSHA256_ASM -DSHA512_ASM -DMD5_ASM -DRMD160_ASM -DAES_ASM -DVPAES_ASM -DWHIRLPOOL_ASM -DGHASH_ASM -I/opt/homebrew/opt/libxml2/include -I/opt/homebrew/opt/libxslt/include  -c -o lh_stats.o lh_stats.c
ar  r ../../libcrypto.a lhash.o lh_stats.o
/Library/Developer/CommandLineTools/usr/bin/ranlib: file: ../../libcrypto.a(ebcdic.o) has no symbols
/Library/Developer/CommandLineTools/usr/bin/ranlib: file: ../../libcrypto.a(fips_ers.o) has no symbols
/Library/Developer/CommandLineTools/usr/bin/ranlib: file: ../../libcrypto.a(ecp_nistp224.o) has no symbols
/Library/Developer/CommandLineTools/usr/bin/ranlib: file: ../../libcrypto.a(ecp_nistp256.o) has no symbols
/Library/Developer/CommandLineTools/usr/bin/ranlib: file: ../../libcrypto.a(ecp_nistp521.o) has no symbols
/Library/Developer/CommandLineTools/usr/bin/ranlib: file: ../../libcrypto.a(ecp_nistputil.o) has no symbols
/usr/bin/ranlib ../../libcrypto.a || echo Never mind.
/Library/Developer/CommandLineTools/usr/bin/ranlib: file: ../../libcrypto.a(ebcdic.o) has no symbols
/Library/Developer/CommandLineTools/usr/bin/ranlib: file: ../../libcrypto.a(fips_ers.o) has no symbols
/Library/Developer/CommandLineTools/usr/bin/ranlib: file: ../../libcrypto.a(ecp_nistp224.o) has no symbols
/Library/Developer/CommandLineTools/usr/bin/ranlib: file: ../../libcrypto.a(ecp_nistp256.o) has no symbols
/Library/Developer/CommandLineTools/usr/bin/ranlib: file: ../../libcrypto.a(ecp_nistp521.o) has no symbols
/Library/Developer/CommandLineTools/usr/bin/ranlib: file: ../../libcrypto.a(ecp_nistputil.o) has no symbols
making all in crypto/rand...
cc -I.. -I../.. -I../modes -I../asn1 -I../evp -I../../include  -fPIC -fno-common -DOPENSSL_PIC -DOPENSSL_THREADS -D_REENTRANT -DDSO_DLFCN -DHAVE_DLFCN_H -arch i386 -O3 -fomit-frame-pointer -DL_ENDIAN -DOPENSSL_BN_ASM_PART_WORDS -DOPENSSL_IA32_SSE2 -DOPENSSL_BN_ASM_MONT -DOPENSSL_BN_ASM_GF2m -DRC4_ASM -DSHA1_ASM -DSHA256_ASM -DSHA512_ASM -DMD5_ASM -DRMD160_ASM -DAES_ASM -DVPAES_ASM -DWHIRLPOOL_ASM -DGHASH_ASM -I/opt/homebrew/opt/libxml2/include -I/opt/homebrew/opt/libxslt/include  -c -o md_rand.o md_rand.c
cc -I.. -I../.. -I../modes -I../asn1 -I../evp -I../../include  -fPIC -fno-common -DOPENSSL_PIC -DOPENSSL_THREADS -D_REENTRANT -DDSO_DLFCN -DHAVE_DLFCN_H -arch i386 -O3 -fomit-frame-pointer -DL_ENDIAN -DOPENSSL_BN_ASM_PART_WORDS -DOPENSSL_IA32_SSE2 -DOPENSSL_BN_ASM_MONT -DOPENSSL_BN_ASM_GF2m -DRC4_ASM -DSHA1_ASM -DSHA256_ASM -DSHA512_ASM -DMD5_ASM -DRMD160_ASM -DAES_ASM -DVPAES_ASM -DWHIRLPOOL_ASM -DGHASH_ASM -I/opt/homebrew/opt/libxml2/include -I/opt/homebrew/opt/libxslt/include  -c -o randfile.o randfile.c
cc -I.. -I../.. -I../modes -I../asn1 -I../evp -I../../include  -fPIC -fno-common -DOPENSSL_PIC -DOPENSSL_THREADS -D_REENTRANT -DDSO_DLFCN -DHAVE_DLFCN_H -arch i386 -O3 -fomit-frame-pointer -DL_ENDIAN -DOPENSSL_BN_ASM_PART_WORDS -DOPENSSL_IA32_SSE2 -DOPENSSL_BN_ASM_MONT -DOPENSSL_BN_ASM_GF2m -DRC4_ASM -DSHA1_ASM -DSHA256_ASM -DSHA512_ASM -DMD5_ASM -DRMD160_ASM -DAES_ASM -DVPAES_ASM -DWHIRLPOOL_ASM -DGHASH_ASM -I/opt/homebrew/opt/libxml2/include -I/opt/homebrew/opt/libxslt/include  -c -o rand_lib.o rand_lib.c
cc -I.. -I../.. -I../modes -I../asn1 -I../evp -I../../include  -fPIC -fno-common -DOPENSSL_PIC -DOPENSSL_THREADS -D_REENTRANT -DDSO_DLFCN -DHAVE_DLFCN_H -arch i386 -O3 -fomit-frame-pointer -DL_ENDIAN -DOPENSSL_BN_ASM_PART_WORDS -DOPENSSL_IA32_SSE2 -DOPENSSL_BN_ASM_MONT -DOPENSSL_BN_ASM_GF2m -DRC4_ASM -DSHA1_ASM -DSHA256_ASM -DSHA512_ASM -DMD5_ASM -DRMD160_ASM -DAES_ASM -DVPAES_ASM -DWHIRLPOOL_ASM -DGHASH_ASM -I/opt/homebrew/opt/libxml2/include -I/opt/homebrew/opt/libxslt/include  -c -o rand_err.o rand_err.c
cc -I.. -I../.. -I../modes -I../asn1 -I../evp -I../../include  -fPIC -fno-common -DOPENSSL_PIC -DOPENSSL_THREADS -D_REENTRANT -DDSO_DLFCN -DHAVE_DLFCN_H -arch i386 -O3 -fomit-frame-pointer -DL_ENDIAN -DOPENSSL_BN_ASM_PART_WORDS -DOPENSSL_IA32_SSE2 -DOPENSSL_BN_ASM_MONT -DOPENSSL_BN_ASM_GF2m -DRC4_ASM -DSHA1_ASM -DSHA256_ASM -DSHA512_ASM -DMD5_ASM -DRMD160_ASM -DAES_ASM -DVPAES_ASM -DWHIRLPOOL_ASM -DGHASH_ASM -I/opt/homebrew/opt/libxml2/include -I/opt/homebrew/opt/libxslt/include  -c -o rand_egd.o rand_egd.c
cc -I.. -I../.. -I../modes -I../asn1 -I../evp -I../../include  -fPIC -fno-common -DOPENSSL_PIC -DOPENSSL_THREADS -D_REENTRANT -DDSO_DLFCN -DHAVE_DLFCN_H -arch i386 -O3 -fomit-frame-pointer -DL_ENDIAN -DOPENSSL_BN_ASM_PART_WORDS -DOPENSSL_IA32_SSE2 -DOPENSSL_BN_ASM_MONT -DOPENSSL_BN_ASM_GF2m -DRC4_ASM -DSHA1_ASM -DSHA256_ASM -DSHA512_ASM -DMD5_ASM -DRMD160_ASM -DAES_ASM -DVPAES_ASM -DWHIRLPOOL_ASM -DGHASH_ASM -I/opt/homebrew/opt/libxml2/include -I/opt/homebrew/opt/libxslt/include  -c -o rand_win.o rand_win.c
cc -I.. -I../.. -I../modes -I../asn1 -I../evp -I../../include  -fPIC -fno-common -DOPENSSL_PIC -DOPENSSL_THREADS -D_REENTRANT -DDSO_DLFCN -DHAVE_DLFCN_H -arch i386 -O3 -fomit-frame-pointer -DL_ENDIAN -DOPENSSL_BN_ASM_PART_WORDS -DOPENSSL_IA32_SSE2 -DOPENSSL_BN_ASM_MONT -DOPENSSL_BN_ASM_GF2m -DRC4_ASM -DSHA1_ASM -DSHA256_ASM -DSHA512_ASM -DMD5_ASM -DRMD160_ASM -DAES_ASM -DVPAES_ASM -DWHIRLPOOL_ASM -DGHASH_ASM -I/opt/homebrew/opt/libxml2/include -I/opt/homebrew/opt/libxslt/include  -c -o rand_unix.o rand_unix.c
cc -I.. -I../.. -I../modes -I../asn1 -I../evp -I../../include  -fPIC -fno-common -DOPENSSL_PIC -DOPENSSL_THREADS -D_REENTRANT -DDSO_DLFCN -DHAVE_DLFCN_H -arch i386 -O3 -fomit-frame-pointer -DL_ENDIAN -DOPENSSL_BN_ASM_PART_WORDS -DOPENSSL_IA32_SSE2 -DOPENSSL_BN_ASM_MONT -DOPENSSL_BN_ASM_GF2m -DRC4_ASM -DSHA1_ASM -DSHA256_ASM -DSHA512_ASM -DMD5_ASM -DRMD160_ASM -DAES_ASM -DVPAES_ASM -DWHIRLPOOL_ASM -DGHASH_ASM -I/opt/homebrew/opt/libxml2/include -I/opt/homebrew/opt/libxslt/include  -c -o rand_os2.o rand_os2.c
cc -I.. -I../.. -I../modes -I../asn1 -I../evp -I../../include  -fPIC -fno-common -DOPENSSL_PIC -DOPENSSL_THREADS -D_REENTRANT -DDSO_DLFCN -DHAVE_DLFCN_H -arch i386 -O3 -fomit-frame-pointer -DL_ENDIAN -DOPENSSL_BN_ASM_PART_WORDS -DOPENSSL_IA32_SSE2 -DOPENSSL_BN_ASM_MONT -DOPENSSL_BN_ASM_GF2m -DRC4_ASM -DSHA1_ASM -DSHA256_ASM -DSHA512_ASM -DMD5_ASM -DRMD160_ASM -DAES_ASM -DVPAES_ASM -DWHIRLPOOL_ASM -DGHASH_ASM -I/opt/homebrew/opt/libxml2/include -I/opt/homebrew/opt/libxslt/include  -c -o rand_nw.o rand_nw.c
ar  r ../../libcrypto.a md_rand.o randfile.o rand_lib.o rand_err.o rand_egd.o rand_win.o rand_unix.o rand_os2.o rand_nw.o
/Library/Developer/CommandLineTools/usr/bin/ranlib: file: ../../libcrypto.a(ebcdic.o) has no symbols
/Library/Developer/CommandLineTools/usr/bin/ranlib: file: ../../libcrypto.a(fips_ers.o) has no symbols
/Library/Developer/CommandLineTools/usr/bin/ranlib: file: ../../libcrypto.a(ecp_nistp224.o) has no symbols
/Library/Developer/CommandLineTools/usr/bin/ranlib: file: ../../libcrypto.a(ecp_nistp256.o) has no symbols
/Library/Developer/CommandLineTools/usr/bin/ranlib: file: ../../libcrypto.a(ecp_nistp521.o) has no symbols
/Library/Developer/CommandLineTools/usr/bin/ranlib: file: ../../libcrypto.a(ecp_nistputil.o) has no symbols
/Library/Developer/CommandLineTools/usr/bin/ranlib: file: ../../libcrypto.a(rand_win.o) has no symbols
/Library/Developer/CommandLineTools/usr/bin/ranlib: file: ../../libcrypto.a(rand_os2.o) has no symbols
/Library/Developer/CommandLineTools/usr/bin/ranlib: file: ../../libcrypto.a(rand_nw.o) has no symbols
/usr/bin/ranlib ../../libcrypto.a || echo Never mind.
/Library/Developer/CommandLineTools/usr/bin/ranlib: file: ../../libcrypto.a(ebcdic.o) has no symbols
/Library/Developer/CommandLineTools/usr/bin/ranlib: file: ../../libcrypto.a(fips_ers.o) has no symbols
/Library/Developer/CommandLineTools/usr/bin/ranlib: file: ../../libcrypto.a(ecp_nistp224.o) has no symbols
/Library/Developer/CommandLineTools/usr/bin/ranlib: file: ../../libcrypto.a(ecp_nistp256.o) has no symbols
/Library/Developer/CommandLineTools/usr/bin/ranlib: file: ../../libcrypto.a(ecp_nistp521.o) has no symbols
/Library/Developer/CommandLineTools/usr/bin/ranlib: file: ../../libcrypto.a(ecp_nistputil.o) has no symbols
/Library/Developer/CommandLineTools/usr/bin/ranlib: file: ../../libcrypto.a(rand_win.o) has no symbols
/Library/Developer/CommandLineTools/usr/bin/ranlib: file: ../../libcrypto.a(rand_os2.o) has no symbols
/Library/Developer/CommandLineTools/usr/bin/ranlib: file: ../../libcrypto.a(rand_nw.o) has no symbols
making all in crypto/err...
cc -I.. -I../.. -I../modes -I../asn1 -I../evp -I../../include  -fPIC -fno-common -DOPENSSL_PIC -DOPENSSL_THREADS -D_REENTRANT -DDSO_DLFCN -DHAVE_DLFCN_H -arch i386 -O3 -fomit-frame-pointer -DL_ENDIAN -DOPENSSL_BN_ASM_PART_WORDS -DOPENSSL_IA32_SSE2 -DOPENSSL_BN_ASM_MONT -DOPENSSL_BN_ASM_GF2m -DRC4_ASM -DSHA1_ASM -DSHA256_ASM -DSHA512_ASM -DMD5_ASM -DRMD160_ASM -DAES_ASM -DVPAES_ASM -DWHIRLPOOL_ASM -DGHASH_ASM -I/opt/homebrew/opt/libxml2/include -I/opt/homebrew/opt/libxslt/include  -c -o err.o err.c
cc -I.. -I../.. -I../modes -I../asn1 -I../evp -I../../include  -fPIC -fno-common -DOPENSSL_PIC -DOPENSSL_THREADS -D_REENTRANT -DDSO_DLFCN -DHAVE_DLFCN_H -arch i386 -O3 -fomit-frame-pointer -DL_ENDIAN -DOPENSSL_BN_ASM_PART_WORDS -DOPENSSL_IA32_SSE2 -DOPENSSL_BN_ASM_MONT -DOPENSSL_BN_ASM_GF2m -DRC4_ASM -DSHA1_ASM -DSHA256_ASM -DSHA512_ASM -DMD5_ASM -DRMD160_ASM -DAES_ASM -DVPAES_ASM -DWHIRLPOOL_ASM -DGHASH_ASM -I/opt/homebrew/opt/libxml2/include -I/opt/homebrew/opt/libxslt/include  -c -o err_all.o err_all.c
cc -I.. -I../.. -I../modes -I../asn1 -I../evp -I../../include  -fPIC -fno-common -DOPENSSL_PIC -DOPENSSL_THREADS -D_REENTRANT -DDSO_DLFCN -DHAVE_DLFCN_H -arch i386 -O3 -fomit-frame-pointer -DL_ENDIAN -DOPENSSL_BN_ASM_PART_WORDS -DOPENSSL_IA32_SSE2 -DOPENSSL_BN_ASM_MONT -DOPENSSL_BN_ASM_GF2m -DRC4_ASM -DSHA1_ASM -DSHA256_ASM -DSHA512_ASM -DMD5_ASM -DRMD160_ASM -DAES_ASM -DVPAES_ASM -DWHIRLPOOL_ASM -DGHASH_ASM -I/opt/homebrew/opt/libxml2/include -I/opt/homebrew/opt/libxslt/include  -c -o err_prn.o err_prn.c
ar  r ../../libcrypto.a err.o err_all.o err_prn.o
/Library/Developer/CommandLineTools/usr/bin/ranlib: file: ../../libcrypto.a(ebcdic.o) has no symbols
/Library/Developer/CommandLineTools/usr/bin/ranlib: file: ../../libcrypto.a(fips_ers.o) has no symbols
/Library/Developer/CommandLineTools/usr/bin/ranlib: file: ../../libcrypto.a(ecp_nistp224.o) has no symbols
/Library/Developer/CommandLineTools/usr/bin/ranlib: file: ../../libcrypto.a(ecp_nistp256.o) has no symbols
/Library/Developer/CommandLineTools/usr/bin/ranlib: file: ../../libcrypto.a(ecp_nistp521.o) has no symbols
/Library/Developer/CommandLineTools/usr/bin/ranlib: file: ../../libcrypto.a(ecp_nistputil.o) has no symbols
/Library/Developer/CommandLineTools/usr/bin/ranlib: file: ../../libcrypto.a(rand_win.o) has no symbols
/Library/Developer/CommandLineTools/usr/bin/ranlib: file: ../../libcrypto.a(rand_os2.o) has no symbols
/Library/Developer/CommandLineTools/usr/bin/ranlib: file: ../../libcrypto.a(rand_nw.o) has no symbols
/usr/bin/ranlib ../../libcrypto.a || echo Never mind.
/Library/Developer/CommandLineTools/usr/bin/ranlib: file: ../../libcrypto.a(ebcdic.o) has no symbols
/Library/Developer/CommandLineTools/usr/bin/ranlib: file: ../../libcrypto.a(fips_ers.o) has no symbols
/Library/Developer/CommandLineTools/usr/bin/ranlib: file: ../../libcrypto.a(ecp_nistp224.o) has no symbols
/Library/Developer/CommandLineTools/usr/bin/ranlib: file: ../../libcrypto.a(ecp_nistp256.o) has no symbols
/Library/Developer/CommandLineTools/usr/bin/ranlib: file: ../../libcrypto.a(ecp_nistp521.o) has no symbols
/Library/Developer/CommandLineTools/usr/bin/ranlib: file: ../../libcrypto.a(ecp_nistputil.o) has no symbols
/Library/Developer/CommandLineTools/usr/bin/ranlib: file: ../../libcrypto.a(rand_win.o) has no symbols
/Library/Developer/CommandLineTools/usr/bin/ranlib: file: ../../libcrypto.a(rand_os2.o) has no symbols
/Library/Developer/CommandLineTools/usr/bin/ranlib: file: ../../libcrypto.a(rand_nw.o) has no symbols
making all in crypto/evp...
cc -I.. -I../.. -I../modes -I../asn1 -I../evp -I../../include  -fPIC -fno-common -DOPENSSL_PIC -DOPENSSL_THREADS -D_REENTRANT -DDSO_DLFCN -DHAVE_DLFCN_H -arch i386 -O3 -fomit-frame-pointer -DL_ENDIAN -DOPENSSL_BN_ASM_PART_WORDS -DOPENSSL_IA32_SSE2 -DOPENSSL_BN_ASM_MONT -DOPENSSL_BN_ASM_GF2m -DRC4_ASM -DSHA1_ASM -DSHA256_ASM -DSHA512_ASM -DMD5_ASM -DRMD160_ASM -DAES_ASM -DVPAES_ASM -DWHIRLPOOL_ASM -DGHASH_ASM -I/opt/homebrew/opt/libxml2/include -I/opt/homebrew/opt/libxslt/include  -c -o encode.o encode.c
cc -I.. -I../.. -I../modes -I../asn1 -I../evp -I../../include  -fPIC -fno-common -DOPENSSL_PIC -DOPENSSL_THREADS -D_REENTRANT -DDSO_DLFCN -DHAVE_DLFCN_H -arch i386 -O3 -fomit-frame-pointer -DL_ENDIAN -DOPENSSL_BN_ASM_PART_WORDS -DOPENSSL_IA32_SSE2 -DOPENSSL_BN_ASM_MONT -DOPENSSL_BN_ASM_GF2m -DRC4_ASM -DSHA1_ASM -DSHA256_ASM -DSHA512_ASM -DMD5_ASM -DRMD160_ASM -DAES_ASM -DVPAES_ASM -DWHIRLPOOL_ASM -DGHASH_ASM -I/opt/homebrew/opt/libxml2/include -I/opt/homebrew/opt/libxslt/include  -c -o digest.o digest.c
cc -I.. -I../.. -I../modes -I../asn1 -I../evp -I../../include  -fPIC -fno-common -DOPENSSL_PIC -DOPENSSL_THREADS -D_REENTRANT -DDSO_DLFCN -DHAVE_DLFCN_H -arch i386 -O3 -fomit-frame-pointer -DL_ENDIAN -DOPENSSL_BN_ASM_PART_WORDS -DOPENSSL_IA32_SSE2 -DOPENSSL_BN_ASM_MONT -DOPENSSL_BN_ASM_GF2m -DRC4_ASM -DSHA1_ASM -DSHA256_ASM -DSHA512_ASM -DMD5_ASM -DRMD160_ASM -DAES_ASM -DVPAES_ASM -DWHIRLPOOL_ASM -DGHASH_ASM -I/opt/homebrew/opt/libxml2/include -I/opt/homebrew/opt/libxslt/include  -c -o evp_enc.o evp_enc.c
cc -I.. -I../.. -I../modes -I../asn1 -I../evp -I../../include  -fPIC -fno-common -DOPENSSL_PIC -DOPENSSL_THREADS -D_REENTRANT -DDSO_DLFCN -DHAVE_DLFCN_H -arch i386 -O3 -fomit-frame-pointer -DL_ENDIAN -DOPENSSL_BN_ASM_PART_WORDS -DOPENSSL_IA32_SSE2 -DOPENSSL_BN_ASM_MONT -DOPENSSL_BN_ASM_GF2m -DRC4_ASM -DSHA1_ASM -DSHA256_ASM -DSHA512_ASM -DMD5_ASM -DRMD160_ASM -DAES_ASM -DVPAES_ASM -DWHIRLPOOL_ASM -DGHASH_ASM -I/opt/homebrew/opt/libxml2/include -I/opt/homebrew/opt/libxslt/include  -c -o evp_key.o evp_key.c
cc -I.. -I../.. -I../modes -I../asn1 -I../evp -I../../include  -fPIC -fno-common -DOPENSSL_PIC -DOPENSSL_THREADS -D_REENTRANT -DDSO_DLFCN -DHAVE_DLFCN_H -arch i386 -O3 -fomit-frame-pointer -DL_ENDIAN -DOPENSSL_BN_ASM_PART_WORDS -DOPENSSL_IA32_SSE2 -DOPENSSL_BN_ASM_MONT -DOPENSSL_BN_ASM_GF2m -DRC4_ASM -DSHA1_ASM -DSHA256_ASM -DSHA512_ASM -DMD5_ASM -DRMD160_ASM -DAES_ASM -DVPAES_ASM -DWHIRLPOOL_ASM -DGHASH_ASM -I/opt/homebrew/opt/libxml2/include -I/opt/homebrew/opt/libxslt/include  -c -o evp_acnf.o evp_acnf.c
cc -I.. -I../.. -I../modes -I../asn1 -I../evp -I../../include  -fPIC -fno-common -DOPENSSL_PIC -DOPENSSL_THREADS -D_REENTRANT -DDSO_DLFCN -DHAVE_DLFCN_H -arch i386 -O3 -fomit-frame-pointer -DL_ENDIAN -DOPENSSL_BN_ASM_PART_WORDS -DOPENSSL_IA32_SSE2 -DOPENSSL_BN_ASM_MONT -DOPENSSL_BN_ASM_GF2m -DRC4_ASM -DSHA1_ASM -DSHA256_ASM -DSHA512_ASM -DMD5_ASM -DRMD160_ASM -DAES_ASM -DVPAES_ASM -DWHIRLPOOL_ASM -DGHASH_ASM -I/opt/homebrew/opt/libxml2/include -I/opt/homebrew/opt/libxslt/include  -c -o evp_cnf.o evp_cnf.c
cc -I.. -I../.. -I../modes -I../asn1 -I../evp -I../../include  -fPIC -fno-common -DOPENSSL_PIC -DOPENSSL_THREADS -D_REENTRANT -DDSO_DLFCN -DHAVE_DLFCN_H -arch i386 -O3 -fomit-frame-pointer -DL_ENDIAN -DOPENSSL_BN_ASM_PART_WORDS -DOPENSSL_IA32_SSE2 -DOPENSSL_BN_ASM_MONT -DOPENSSL_BN_ASM_GF2m -DRC4_ASM -DSHA1_ASM -DSHA256_ASM -DSHA512_ASM -DMD5_ASM -DRMD160_ASM -DAES_ASM -DVPAES_ASM -DWHIRLPOOL_ASM -DGHASH_ASM -I/opt/homebrew/opt/libxml2/include -I/opt/homebrew/opt/libxslt/include  -c -o e_des.o e_des.c
cc -I.. -I../.. -I../modes -I../asn1 -I../evp -I../../include  -fPIC -fno-common -DOPENSSL_PIC -DOPENSSL_THREADS -D_REENTRANT -DDSO_DLFCN -DHAVE_DLFCN_H -arch i386 -O3 -fomit-frame-pointer -DL_ENDIAN -DOPENSSL_BN_ASM_PART_WORDS -DOPENSSL_IA32_SSE2 -DOPENSSL_BN_ASM_MONT -DOPENSSL_BN_ASM_GF2m -DRC4_ASM -DSHA1_ASM -DSHA256_ASM -DSHA512_ASM -DMD5_ASM -DRMD160_ASM -DAES_ASM -DVPAES_ASM -DWHIRLPOOL_ASM -DGHASH_ASM -I/opt/homebrew/opt/libxml2/include -I/opt/homebrew/opt/libxslt/include  -c -o e_bf.o e_bf.c
cc -I.. -I../.. -I../modes -I../asn1 -I../evp -I../../include  -fPIC -fno-common -DOPENSSL_PIC -DOPENSSL_THREADS -D_REENTRANT -DDSO_DLFCN -DHAVE_DLFCN_H -arch i386 -O3 -fomit-frame-pointer -DL_ENDIAN -DOPENSSL_BN_ASM_PART_WORDS -DOPENSSL_IA32_SSE2 -DOPENSSL_BN_ASM_MONT -DOPENSSL_BN_ASM_GF2m -DRC4_ASM -DSHA1_ASM -DSHA256_ASM -DSHA512_ASM -DMD5_ASM -DRMD160_ASM -DAES_ASM -DVPAES_ASM -DWHIRLPOOL_ASM -DGHASH_ASM -I/opt/homebrew/opt/libxml2/include -I/opt/homebrew/opt/libxslt/include  -c -o e_idea.o e_idea.c
cc -I.. -I../.. -I../modes -I../asn1 -I../evp -I../../include  -fPIC -fno-common -DOPENSSL_PIC -DOPENSSL_THREADS -D_REENTRANT -DDSO_DLFCN -DHAVE_DLFCN_H -arch i386 -O3 -fomit-frame-pointer -DL_ENDIAN -DOPENSSL_BN_ASM_PART_WORDS -DOPENSSL_IA32_SSE2 -DOPENSSL_BN_ASM_MONT -DOPENSSL_BN_ASM_GF2m -DRC4_ASM -DSHA1_ASM -DSHA256_ASM -DSHA512_ASM -DMD5_ASM -DRMD160_ASM -DAES_ASM -DVPAES_ASM -DWHIRLPOOL_ASM -DGHASH_ASM -I/opt/homebrew/opt/libxml2/include -I/opt/homebrew/opt/libxslt/include  -c -o e_des3.o e_des3.c
cc -I.. -I../.. -I../modes -I../asn1 -I../evp -I../../include  -fPIC -fno-common -DOPENSSL_PIC -DOPENSSL_THREADS -D_REENTRANT -DDSO_DLFCN -DHAVE_DLFCN_H -arch i386 -O3 -fomit-frame-pointer -DL_ENDIAN -DOPENSSL_BN_ASM_PART_WORDS -DOPENSSL_IA32_SSE2 -DOPENSSL_BN_ASM_MONT -DOPENSSL_BN_ASM_GF2m -DRC4_ASM -DSHA1_ASM -DSHA256_ASM -DSHA512_ASM -DMD5_ASM -DRMD160_ASM -DAES_ASM -DVPAES_ASM -DWHIRLPOOL_ASM -DGHASH_ASM -I/opt/homebrew/opt/libxml2/include -I/opt/homebrew/opt/libxslt/include  -c -o e_camellia.o e_camellia.c
cc -I.. -I../.. -I../modes -I../asn1 -I../evp -I../../include  -fPIC -fno-common -DOPENSSL_PIC -DOPENSSL_THREADS -D_REENTRANT -DDSO_DLFCN -DHAVE_DLFCN_H -arch i386 -O3 -fomit-frame-pointer -DL_ENDIAN -DOPENSSL_BN_ASM_PART_WORDS -DOPENSSL_IA32_SSE2 -DOPENSSL_BN_ASM_MONT -DOPENSSL_BN_ASM_GF2m -DRC4_ASM -DSHA1_ASM -DSHA256_ASM -DSHA512_ASM -DMD5_ASM -DRMD160_ASM -DAES_ASM -DVPAES_ASM -DWHIRLPOOL_ASM -DGHASH_ASM -I/opt/homebrew/opt/libxml2/include -I/opt/homebrew/opt/libxslt/include  -c -o e_rc4.o e_rc4.c
cc -I.. -I../.. -I../modes -I../asn1 -I../evp -I../../include  -fPIC -fno-common -DOPENSSL_PIC -DOPENSSL_THREADS -D_REENTRANT -DDSO_DLFCN -DHAVE_DLFCN_H -arch i386 -O3 -fomit-frame-pointer -DL_ENDIAN -DOPENSSL_BN_ASM_PART_WORDS -DOPENSSL_IA32_SSE2 -DOPENSSL_BN_ASM_MONT -DOPENSSL_BN_ASM_GF2m -DRC4_ASM -DSHA1_ASM -DSHA256_ASM -DSHA512_ASM -DMD5_ASM -DRMD160_ASM -DAES_ASM -DVPAES_ASM -DWHIRLPOOL_ASM -DGHASH_ASM -I/opt/homebrew/opt/libxml2/include -I/opt/homebrew/opt/libxslt/include  -c -o e_aes.o e_aes.c
cc -I.. -I../.. -I../modes -I../asn1 -I../evp -I../../include  -fPIC -fno-common -DOPENSSL_PIC -DOPENSSL_THREADS -D_REENTRANT -DDSO_DLFCN -DHAVE_DLFCN_H -arch i386 -O3 -fomit-frame-pointer -DL_ENDIAN -DOPENSSL_BN_ASM_PART_WORDS -DOPENSSL_IA32_SSE2 -DOPENSSL_BN_ASM_MONT -DOPENSSL_BN_ASM_GF2m -DRC4_ASM -DSHA1_ASM -DSHA256_ASM -DSHA512_ASM -DMD5_ASM -DRMD160_ASM -DAES_ASM -DVPAES_ASM -DWHIRLPOOL_ASM -DGHASH_ASM -I/opt/homebrew/opt/libxml2/include -I/opt/homebrew/opt/libxslt/include  -c -o names.o names.c
cc -I.. -I../.. -I../modes -I../asn1 -I../evp -I../../include  -fPIC -fno-common -DOPENSSL_PIC -DOPENSSL_THREADS -D_REENTRANT -DDSO_DLFCN -DHAVE_DLFCN_H -arch i386 -O3 -fomit-frame-pointer -DL_ENDIAN -DOPENSSL_BN_ASM_PART_WORDS -DOPENSSL_IA32_SSE2 -DOPENSSL_BN_ASM_MONT -DOPENSSL_BN_ASM_GF2m -DRC4_ASM -DSHA1_ASM -DSHA256_ASM -DSHA512_ASM -DMD5_ASM -DRMD160_ASM -DAES_ASM -DVPAES_ASM -DWHIRLPOOL_ASM -DGHASH_ASM -I/opt/homebrew/opt/libxml2/include -I/opt/homebrew/opt/libxslt/include  -c -o e_seed.o e_seed.c
cc -I.. -I../.. -I../modes -I../asn1 -I../evp -I../../include  -fPIC -fno-common -DOPENSSL_PIC -DOPENSSL_THREADS -D_REENTRANT -DDSO_DLFCN -DHAVE_DLFCN_H -arch i386 -O3 -fomit-frame-pointer -DL_ENDIAN -DOPENSSL_BN_ASM_PART_WORDS -DOPENSSL_IA32_SSE2 -DOPENSSL_BN_ASM_MONT -DOPENSSL_BN_ASM_GF2m -DRC4_ASM -DSHA1_ASM -DSHA256_ASM -DSHA512_ASM -DMD5_ASM -DRMD160_ASM -DAES_ASM -DVPAES_ASM -DWHIRLPOOL_ASM -DGHASH_ASM -I/opt/homebrew/opt/libxml2/include -I/opt/homebrew/opt/libxslt/include  -c -o e_xcbc_d.o e_xcbc_d.c
cc -I.. -I../.. -I../modes -I../asn1 -I../evp -I../../include  -fPIC -fno-common -DOPENSSL_PIC -DOPENSSL_THREADS -D_REENTRANT -DDSO_DLFCN -DHAVE_DLFCN_H -arch i386 -O3 -fomit-frame-pointer -DL_ENDIAN -DOPENSSL_BN_ASM_PART_WORDS -DOPENSSL_IA32_SSE2 -DOPENSSL_BN_ASM_MONT -DOPENSSL_BN_ASM_GF2m -DRC4_ASM -DSHA1_ASM -DSHA256_ASM -DSHA512_ASM -DMD5_ASM -DRMD160_ASM -DAES_ASM -DVPAES_ASM -DWHIRLPOOL_ASM -DGHASH_ASM -I/opt/homebrew/opt/libxml2/include -I/opt/homebrew/opt/libxslt/include  -c -o e_rc2.o e_rc2.c
cc -I.. -I../.. -I../modes -I../asn1 -I../evp -I../../include  -fPIC -fno-common -DOPENSSL_PIC -DOPENSSL_THREADS -D_REENTRANT -DDSO_DLFCN -DHAVE_DLFCN_H -arch i386 -O3 -fomit-frame-pointer -DL_ENDIAN -DOPENSSL_BN_ASM_PART_WORDS -DOPENSSL_IA32_SSE2 -DOPENSSL_BN_ASM_MONT -DOPENSSL_BN_ASM_GF2m -DRC4_ASM -DSHA1_ASM -DSHA256_ASM -DSHA512_ASM -DMD5_ASM -DRMD160_ASM -DAES_ASM -DVPAES_ASM -DWHIRLPOOL_ASM -DGHASH_ASM -I/opt/homebrew/opt/libxml2/include -I/opt/homebrew/opt/libxslt/include  -c -o e_cast.o e_cast.c
cc -I.. -I../.. -I../modes -I../asn1 -I../evp -I../../include  -fPIC -fno-common -DOPENSSL_PIC -DOPENSSL_THREADS -D_REENTRANT -DDSO_DLFCN -DHAVE_DLFCN_H -arch i386 -O3 -fomit-frame-pointer -DL_ENDIAN -DOPENSSL_BN_ASM_PART_WORDS -DOPENSSL_IA32_SSE2 -DOPENSSL_BN_ASM_MONT -DOPENSSL_BN_ASM_GF2m -DRC4_ASM -DSHA1_ASM -DSHA256_ASM -DSHA512_ASM -DMD5_ASM -DRMD160_ASM -DAES_ASM -DVPAES_ASM -DWHIRLPOOL_ASM -DGHASH_ASM -I/opt/homebrew/opt/libxml2/include -I/opt/homebrew/opt/libxslt/include  -c -o e_rc5.o e_rc5.c
cc -I.. -I../.. -I../modes -I../asn1 -I../evp -I../../include  -fPIC -fno-common -DOPENSSL_PIC -DOPENSSL_THREADS -D_REENTRANT -DDSO_DLFCN -DHAVE_DLFCN_H -arch i386 -O3 -fomit-frame-pointer -DL_ENDIAN -DOPENSSL_BN_ASM_PART_WORDS -DOPENSSL_IA32_SSE2 -DOPENSSL_BN_ASM_MONT -DOPENSSL_BN_ASM_GF2m -DRC4_ASM -DSHA1_ASM -DSHA256_ASM -DSHA512_ASM -DMD5_ASM -DRMD160_ASM -DAES_ASM -DVPAES_ASM -DWHIRLPOOL_ASM -DGHASH_ASM -I/opt/homebrew/opt/libxml2/include -I/opt/homebrew/opt/libxslt/include  -c -o m_null.o m_null.c
cc -I.. -I../.. -I../modes -I../asn1 -I../evp -I../../include  -fPIC -fno-common -DOPENSSL_PIC -DOPENSSL_THREADS -D_REENTRANT -DDSO_DLFCN -DHAVE_DLFCN_H -arch i386 -O3 -fomit-frame-pointer -DL_ENDIAN -DOPENSSL_BN_ASM_PART_WORDS -DOPENSSL_IA32_SSE2 -DOPENSSL_BN_ASM_MONT -DOPENSSL_BN_ASM_GF2m -DRC4_ASM -DSHA1_ASM -DSHA256_ASM -DSHA512_ASM -DMD5_ASM -DRMD160_ASM -DAES_ASM -DVPAES_ASM -DWHIRLPOOL_ASM -DGHASH_ASM -I/opt/homebrew/opt/libxml2/include -I/opt/homebrew/opt/libxslt/include  -c -o m_md2.o m_md2.c
cc -I.. -I../.. -I../modes -I../asn1 -I../evp -I../../include  -fPIC -fno-common -DOPENSSL_PIC -DOPENSSL_THREADS -D_REENTRANT -DDSO_DLFCN -DHAVE_DLFCN_H -arch i386 -O3 -fomit-frame-pointer -DL_ENDIAN -DOPENSSL_BN_ASM_PART_WORDS -DOPENSSL_IA32_SSE2 -DOPENSSL_BN_ASM_MONT -DOPENSSL_BN_ASM_GF2m -DRC4_ASM -DSHA1_ASM -DSHA256_ASM -DSHA512_ASM -DMD5_ASM -DRMD160_ASM -DAES_ASM -DVPAES_ASM -DWHIRLPOOL_ASM -DGHASH_ASM -I/opt/homebrew/opt/libxml2/include -I/opt/homebrew/opt/libxslt/include  -c -o m_md4.o m_md4.c
cc -I.. -I../.. -I../modes -I../asn1 -I../evp -I../../include  -fPIC -fno-common -DOPENSSL_PIC -DOPENSSL_THREADS -D_REENTRANT -DDSO_DLFCN -DHAVE_DLFCN_H -arch i386 -O3 -fomit-frame-pointer -DL_ENDIAN -DOPENSSL_BN_ASM_PART_WORDS -DOPENSSL_IA32_SSE2 -DOPENSSL_BN_ASM_MONT -DOPENSSL_BN_ASM_GF2m -DRC4_ASM -DSHA1_ASM -DSHA256_ASM -DSHA512_ASM -DMD5_ASM -DRMD160_ASM -DAES_ASM -DVPAES_ASM -DWHIRLPOOL_ASM -DGHASH_ASM -I/opt/homebrew/opt/libxml2/include -I/opt/homebrew/opt/libxslt/include  -c -o m_md5.o m_md5.c
cc -I.. -I../.. -I../modes -I../asn1 -I../evp -I../../include  -fPIC -fno-common -DOPENSSL_PIC -DOPENSSL_THREADS -D_REENTRANT -DDSO_DLFCN -DHAVE_DLFCN_H -arch i386 -O3 -fomit-frame-pointer -DL_ENDIAN -DOPENSSL_BN_ASM_PART_WORDS -DOPENSSL_IA32_SSE2 -DOPENSSL_BN_ASM_MONT -DOPENSSL_BN_ASM_GF2m -DRC4_ASM -DSHA1_ASM -DSHA256_ASM -DSHA512_ASM -DMD5_ASM -DRMD160_ASM -DAES_ASM -DVPAES_ASM -DWHIRLPOOL_ASM -DGHASH_ASM -I/opt/homebrew/opt/libxml2/include -I/opt/homebrew/opt/libxslt/include  -c -o m_sha.o m_sha.c
cc -I.. -I../.. -I../modes -I../asn1 -I../evp -I../../include  -fPIC -fno-common -DOPENSSL_PIC -DOPENSSL_THREADS -D_REENTRANT -DDSO_DLFCN -DHAVE_DLFCN_H -arch i386 -O3 -fomit-frame-pointer -DL_ENDIAN -DOPENSSL_BN_ASM_PART_WORDS -DOPENSSL_IA32_SSE2 -DOPENSSL_BN_ASM_MONT -DOPENSSL_BN_ASM_GF2m -DRC4_ASM -DSHA1_ASM -DSHA256_ASM -DSHA512_ASM -DMD5_ASM -DRMD160_ASM -DAES_ASM -DVPAES_ASM -DWHIRLPOOL_ASM -DGHASH_ASM -I/opt/homebrew/opt/libxml2/include -I/opt/homebrew/opt/libxslt/include  -c -o m_sha1.o m_sha1.c
cc -I.. -I../.. -I../modes -I../asn1 -I../evp -I../../include  -fPIC -fno-common -DOPENSSL_PIC -DOPENSSL_THREADS -D_REENTRANT -DDSO_DLFCN -DHAVE_DLFCN_H -arch i386 -O3 -fomit-frame-pointer -DL_ENDIAN -DOPENSSL_BN_ASM_PART_WORDS -DOPENSSL_IA32_SSE2 -DOPENSSL_BN_ASM_MONT -DOPENSSL_BN_ASM_GF2m -DRC4_ASM -DSHA1_ASM -DSHA256_ASM -DSHA512_ASM -DMD5_ASM -DRMD160_ASM -DAES_ASM -DVPAES_ASM -DWHIRLPOOL_ASM -DGHASH_ASM -I/opt/homebrew/opt/libxml2/include -I/opt/homebrew/opt/libxslt/include  -c -o m_wp.o m_wp.c
cc -I.. -I../.. -I../modes -I../asn1 -I../evp -I../../include  -fPIC -fno-common -DOPENSSL_PIC -DOPENSSL_THREADS -D_REENTRANT -DDSO_DLFCN -DHAVE_DLFCN_H -arch i386 -O3 -fomit-frame-pointer -DL_ENDIAN -DOPENSSL_BN_ASM_PART_WORDS -DOPENSSL_IA32_SSE2 -DOPENSSL_BN_ASM_MONT -DOPENSSL_BN_ASM_GF2m -DRC4_ASM -DSHA1_ASM -DSHA256_ASM -DSHA512_ASM -DMD5_ASM -DRMD160_ASM -DAES_ASM -DVPAES_ASM -DWHIRLPOOL_ASM -DGHASH_ASM -I/opt/homebrew/opt/libxml2/include -I/opt/homebrew/opt/libxslt/include  -c -o m_dss.o m_dss.c
cc -I.. -I../.. -I../modes -I../asn1 -I../evp -I../../include  -fPIC -fno-common -DOPENSSL_PIC -DOPENSSL_THREADS -D_REENTRANT -DDSO_DLFCN -DHAVE_DLFCN_H -arch i386 -O3 -fomit-frame-pointer -DL_ENDIAN -DOPENSSL_BN_ASM_PART_WORDS -DOPENSSL_IA32_SSE2 -DOPENSSL_BN_ASM_MONT -DOPENSSL_BN_ASM_GF2m -DRC4_ASM -DSHA1_ASM -DSHA256_ASM -DSHA512_ASM -DMD5_ASM -DRMD160_ASM -DAES_ASM -DVPAES_ASM -DWHIRLPOOL_ASM -DGHASH_ASM -I/opt/homebrew/opt/libxml2/include -I/opt/homebrew/opt/libxslt/include  -c -o m_dss1.o m_dss1.c
cc -I.. -I../.. -I../modes -I../asn1 -I../evp -I../../include  -fPIC -fno-common -DOPENSSL_PIC -DOPENSSL_THREADS -D_REENTRANT -DDSO_DLFCN -DHAVE_DLFCN_H -arch i386 -O3 -fomit-frame-pointer -DL_ENDIAN -DOPENSSL_BN_ASM_PART_WORDS -DOPENSSL_IA32_SSE2 -DOPENSSL_BN_ASM_MONT -DOPENSSL_BN_ASM_GF2m -DRC4_ASM -DSHA1_ASM -DSHA256_ASM -DSHA512_ASM -DMD5_ASM -DRMD160_ASM -DAES_ASM -DVPAES_ASM -DWHIRLPOOL_ASM -DGHASH_ASM -I/opt/homebrew/opt/libxml2/include -I/opt/homebrew/opt/libxslt/include  -c -o m_mdc2.o m_mdc2.c
cc -I.. -I../.. -I../modes -I../asn1 -I../evp -I../../include  -fPIC -fno-common -DOPENSSL_PIC -DOPENSSL_THREADS -D_REENTRANT -DDSO_DLFCN -DHAVE_DLFCN_H -arch i386 -O3 -fomit-frame-pointer -DL_ENDIAN -DOPENSSL_BN_ASM_PART_WORDS -DOPENSSL_IA32_SSE2 -DOPENSSL_BN_ASM_MONT -DOPENSSL_BN_ASM_GF2m -DRC4_ASM -DSHA1_ASM -DSHA256_ASM -DSHA512_ASM -DMD5_ASM -DRMD160_ASM -DAES_ASM -DVPAES_ASM -DWHIRLPOOL_ASM -DGHASH_ASM -I/opt/homebrew/opt/libxml2/include -I/opt/homebrew/opt/libxslt/include  -c -o m_ripemd.o m_ripemd.c
cc -I.. -I../.. -I../modes -I../asn1 -I../evp -I../../include  -fPIC -fno-common -DOPENSSL_PIC -DOPENSSL_THREADS -D_REENTRANT -DDSO_DLFCN -DHAVE_DLFCN_H -arch i386 -O3 -fomit-frame-pointer -DL_ENDIAN -DOPENSSL_BN_ASM_PART_WORDS -DOPENSSL_IA32_SSE2 -DOPENSSL_BN_ASM_MONT -DOPENSSL_BN_ASM_GF2m -DRC4_ASM -DSHA1_ASM -DSHA256_ASM -DSHA512_ASM -DMD5_ASM -DRMD160_ASM -DAES_ASM -DVPAES_ASM -DWHIRLPOOL_ASM -DGHASH_ASM -I/opt/homebrew/opt/libxml2/include -I/opt/homebrew/opt/libxslt/include  -c -o m_ecdsa.o m_ecdsa.c
cc -I.. -I../.. -I../modes -I../asn1 -I../evp -I../../include  -fPIC -fno-common -DOPENSSL_PIC -DOPENSSL_THREADS -D_REENTRANT -DDSO_DLFCN -DHAVE_DLFCN_H -arch i386 -O3 -fomit-frame-pointer -DL_ENDIAN -DOPENSSL_BN_ASM_PART_WORDS -DOPENSSL_IA32_SSE2 -DOPENSSL_BN_ASM_MONT -DOPENSSL_BN_ASM_GF2m -DRC4_ASM -DSHA1_ASM -DSHA256_ASM -DSHA512_ASM -DMD5_ASM -DRMD160_ASM -DAES_ASM -DVPAES_ASM -DWHIRLPOOL_ASM -DGHASH_ASM -I/opt/homebrew/opt/libxml2/include -I/opt/homebrew/opt/libxslt/include  -c -o p_open.o p_open.c
cc -I.. -I../.. -I../modes -I../asn1 -I../evp -I../../include  -fPIC -fno-common -DOPENSSL_PIC -DOPENSSL_THREADS -D_REENTRANT -DDSO_DLFCN -DHAVE_DLFCN_H -arch i386 -O3 -fomit-frame-pointer -DL_ENDIAN -DOPENSSL_BN_ASM_PART_WORDS -DOPENSSL_IA32_SSE2 -DOPENSSL_BN_ASM_MONT -DOPENSSL_BN_ASM_GF2m -DRC4_ASM -DSHA1_ASM -DSHA256_ASM -DSHA512_ASM -DMD5_ASM -DRMD160_ASM -DAES_ASM -DVPAES_ASM -DWHIRLPOOL_ASM -DGHASH_ASM -I/opt/homebrew/opt/libxml2/include -I/opt/homebrew/opt/libxslt/include  -c -o p_seal.o p_seal.c
cc -I.. -I../.. -I../modes -I../asn1 -I../evp -I../../include  -fPIC -fno-common -DOPENSSL_PIC -DOPENSSL_THREADS -D_REENTRANT -DDSO_DLFCN -DHAVE_DLFCN_H -arch i386 -O3 -fomit-frame-pointer -DL_ENDIAN -DOPENSSL_BN_ASM_PART_WORDS -DOPENSSL_IA32_SSE2 -DOPENSSL_BN_ASM_MONT -DOPENSSL_BN_ASM_GF2m -DRC4_ASM -DSHA1_ASM -DSHA256_ASM -DSHA512_ASM -DMD5_ASM -DRMD160_ASM -DAES_ASM -DVPAES_ASM -DWHIRLPOOL_ASM -DGHASH_ASM -I/opt/homebrew/opt/libxml2/include -I/opt/homebrew/opt/libxslt/include  -c -o p_sign.o p_sign.c
cc -I.. -I../.. -I../modes -I../asn1 -I../evp -I../../include  -fPIC -fno-common -DOPENSSL_PIC -DOPENSSL_THREADS -D_REENTRANT -DDSO_DLFCN -DHAVE_DLFCN_H -arch i386 -O3 -fomit-frame-pointer -DL_ENDIAN -DOPENSSL_BN_ASM_PART_WORDS -DOPENSSL_IA32_SSE2 -DOPENSSL_BN_ASM_MONT -DOPENSSL_BN_ASM_GF2m -DRC4_ASM -DSHA1_ASM -DSHA256_ASM -DSHA512_ASM -DMD5_ASM -DRMD160_ASM -DAES_ASM -DVPAES_ASM -DWHIRLPOOL_ASM -DGHASH_ASM -I/opt/homebrew/opt/libxml2/include -I/opt/homebrew/opt/libxslt/include  -c -o p_verify.o p_verify.c
cc -I.. -I../.. -I../modes -I../asn1 -I../evp -I../../include  -fPIC -fno-common -DOPENSSL_PIC -DOPENSSL_THREADS -D_REENTRANT -DDSO_DLFCN -DHAVE_DLFCN_H -arch i386 -O3 -fomit-frame-pointer -DL_ENDIAN -DOPENSSL_BN_ASM_PART_WORDS -DOPENSSL_IA32_SSE2 -DOPENSSL_BN_ASM_MONT -DOPENSSL_BN_ASM_GF2m -DRC4_ASM -DSHA1_ASM -DSHA256_ASM -DSHA512_ASM -DMD5_ASM -DRMD160_ASM -DAES_ASM -DVPAES_ASM -DWHIRLPOOL_ASM -DGHASH_ASM -I/opt/homebrew/opt/libxml2/include -I/opt/homebrew/opt/libxslt/include  -c -o p_lib.o p_lib.c
cc -I.. -I../.. -I../modes -I../asn1 -I../evp -I../../include  -fPIC -fno-common -DOPENSSL_PIC -DOPENSSL_THREADS -D_REENTRANT -DDSO_DLFCN -DHAVE_DLFCN_H -arch i386 -O3 -fomit-frame-pointer -DL_ENDIAN -DOPENSSL_BN_ASM_PART_WORDS -DOPENSSL_IA32_SSE2 -DOPENSSL_BN_ASM_MONT -DOPENSSL_BN_ASM_GF2m -DRC4_ASM -DSHA1_ASM -DSHA256_ASM -DSHA512_ASM -DMD5_ASM -DRMD160_ASM -DAES_ASM -DVPAES_ASM -DWHIRLPOOL_ASM -DGHASH_ASM -I/opt/homebrew/opt/libxml2/include -I/opt/homebrew/opt/libxslt/include  -c -o p_enc.o p_enc.c
cc -I.. -I../.. -I../modes -I../asn1 -I../evp -I../../include  -fPIC -fno-common -DOPENSSL_PIC -DOPENSSL_THREADS -D_REENTRANT -DDSO_DLFCN -DHAVE_DLFCN_H -arch i386 -O3 -fomit-frame-pointer -DL_ENDIAN -DOPENSSL_BN_ASM_PART_WORDS -DOPENSSL_IA32_SSE2 -DOPENSSL_BN_ASM_MONT -DOPENSSL_BN_ASM_GF2m -DRC4_ASM -DSHA1_ASM -DSHA256_ASM -DSHA512_ASM -DMD5_ASM -DRMD160_ASM -DAES_ASM -DVPAES_ASM -DWHIRLPOOL_ASM -DGHASH_ASM -I/opt/homebrew/opt/libxml2/include -I/opt/homebrew/opt/libxslt/include  -c -o p_dec.o p_dec.c
cc -I.. -I../.. -I../modes -I../asn1 -I../evp -I../../include  -fPIC -fno-common -DOPENSSL_PIC -DOPENSSL_THREADS -D_REENTRANT -DDSO_DLFCN -DHAVE_DLFCN_H -arch i386 -O3 -fomit-frame-pointer -DL_ENDIAN -DOPENSSL_BN_ASM_PART_WORDS -DOPENSSL_IA32_SSE2 -DOPENSSL_BN_ASM_MONT -DOPENSSL_BN_ASM_GF2m -DRC4_ASM -DSHA1_ASM -DSHA256_ASM -DSHA512_ASM -DMD5_ASM -DRMD160_ASM -DAES_ASM -DVPAES_ASM -DWHIRLPOOL_ASM -DGHASH_ASM -I/opt/homebrew/opt/libxml2/include -I/opt/homebrew/opt/libxslt/include  -c -o bio_md.o bio_md.c
cc -I.. -I../.. -I../modes -I../asn1 -I../evp -I../../include  -fPIC -fno-common -DOPENSSL_PIC -DOPENSSL_THREADS -D_REENTRANT -DDSO_DLFCN -DHAVE_DLFCN_H -arch i386 -O3 -fomit-frame-pointer -DL_ENDIAN -DOPENSSL_BN_ASM_PART_WORDS -DOPENSSL_IA32_SSE2 -DOPENSSL_BN_ASM_MONT -DOPENSSL_BN_ASM_GF2m -DRC4_ASM -DSHA1_ASM -DSHA256_ASM -DSHA512_ASM -DMD5_ASM -DRMD160_ASM -DAES_ASM -DVPAES_ASM -DWHIRLPOOL_ASM -DGHASH_ASM -I/opt/homebrew/opt/libxml2/include -I/opt/homebrew/opt/libxslt/include  -c -o bio_b64.o bio_b64.c
cc -I.. -I../.. -I../modes -I../asn1 -I../evp -I../../include  -fPIC -fno-common -DOPENSSL_PIC -DOPENSSL_THREADS -D_REENTRANT -DDSO_DLFCN -DHAVE_DLFCN_H -arch i386 -O3 -fomit-frame-pointer -DL_ENDIAN -DOPENSSL_BN_ASM_PART_WORDS -DOPENSSL_IA32_SSE2 -DOPENSSL_BN_ASM_MONT -DOPENSSL_BN_ASM_GF2m -DRC4_ASM -DSHA1_ASM -DSHA256_ASM -DSHA512_ASM -DMD5_ASM -DRMD160_ASM -DAES_ASM -DVPAES_ASM -DWHIRLPOOL_ASM -DGHASH_ASM -I/opt/homebrew/opt/libxml2/include -I/opt/homebrew/opt/libxslt/include  -c -o bio_enc.o bio_enc.c
cc -I.. -I../.. -I../modes -I../asn1 -I../evp -I../../include  -fPIC -fno-common -DOPENSSL_PIC -DOPENSSL_THREADS -D_REENTRANT -DDSO_DLFCN -DHAVE_DLFCN_H -arch i386 -O3 -fomit-frame-pointer -DL_ENDIAN -DOPENSSL_BN_ASM_PART_WORDS -DOPENSSL_IA32_SSE2 -DOPENSSL_BN_ASM_MONT -DOPENSSL_BN_ASM_GF2m -DRC4_ASM -DSHA1_ASM -DSHA256_ASM -DSHA512_ASM -DMD5_ASM -DRMD160_ASM -DAES_ASM -DVPAES_ASM -DWHIRLPOOL_ASM -DGHASH_ASM -I/opt/homebrew/opt/libxml2/include -I/opt/homebrew/opt/libxslt/include  -c -o evp_err.o evp_err.c
cc -I.. -I../.. -I../modes -I../asn1 -I../evp -I../../include  -fPIC -fno-common -DOPENSSL_PIC -DOPENSSL_THREADS -D_REENTRANT -DDSO_DLFCN -DHAVE_DLFCN_H -arch i386 -O3 -fomit-frame-pointer -DL_ENDIAN -DOPENSSL_BN_ASM_PART_WORDS -DOPENSSL_IA32_SSE2 -DOPENSSL_BN_ASM_MONT -DOPENSSL_BN_ASM_GF2m -DRC4_ASM -DSHA1_ASM -DSHA256_ASM -DSHA512_ASM -DMD5_ASM -DRMD160_ASM -DAES_ASM -DVPAES_ASM -DWHIRLPOOL_ASM -DGHASH_ASM -I/opt/homebrew/opt/libxml2/include -I/opt/homebrew/opt/libxslt/include  -c -o e_null.o e_null.c
cc -I.. -I../.. -I../modes -I../asn1 -I../evp -I../../include  -fPIC -fno-common -DOPENSSL_PIC -DOPENSSL_THREADS -D_REENTRANT -DDSO_DLFCN -DHAVE_DLFCN_H -arch i386 -O3 -fomit-frame-pointer -DL_ENDIAN -DOPENSSL_BN_ASM_PART_WORDS -DOPENSSL_IA32_SSE2 -DOPENSSL_BN_ASM_MONT -DOPENSSL_BN_ASM_GF2m -DRC4_ASM -DSHA1_ASM -DSHA256_ASM -DSHA512_ASM -DMD5_ASM -DRMD160_ASM -DAES_ASM -DVPAES_ASM -DWHIRLPOOL_ASM -DGHASH_ASM -I/opt/homebrew/opt/libxml2/include -I/opt/homebrew/opt/libxslt/include  -c -o c_all.o c_all.c
cc -I.. -I../.. -I../modes -I../asn1 -I../evp -I../../include  -fPIC -fno-common -DOPENSSL_PIC -DOPENSSL_THREADS -D_REENTRANT -DDSO_DLFCN -DHAVE_DLFCN_H -arch i386 -O3 -fomit-frame-pointer -DL_ENDIAN -DOPENSSL_BN_ASM_PART_WORDS -DOPENSSL_IA32_SSE2 -DOPENSSL_BN_ASM_MONT -DOPENSSL_BN_ASM_GF2m -DRC4_ASM -DSHA1_ASM -DSHA256_ASM -DSHA512_ASM -DMD5_ASM -DRMD160_ASM -DAES_ASM -DVPAES_ASM -DWHIRLPOOL_ASM -DGHASH_ASM -I/opt/homebrew/opt/libxml2/include -I/opt/homebrew/opt/libxslt/include  -c -o c_allc.o c_allc.c
cc -I.. -I../.. -I../modes -I../asn1 -I../evp -I../../include  -fPIC -fno-common -DOPENSSL_PIC -DOPENSSL_THREADS -D_REENTRANT -DDSO_DLFCN -DHAVE_DLFCN_H -arch i386 -O3 -fomit-frame-pointer -DL_ENDIAN -DOPENSSL_BN_ASM_PART_WORDS -DOPENSSL_IA32_SSE2 -DOPENSSL_BN_ASM_MONT -DOPENSSL_BN_ASM_GF2m -DRC4_ASM -DSHA1_ASM -DSHA256_ASM -DSHA512_ASM -DMD5_ASM -DRMD160_ASM -DAES_ASM -DVPAES_ASM -DWHIRLPOOL_ASM -DGHASH_ASM -I/opt/homebrew/opt/libxml2/include -I/opt/homebrew/opt/libxslt/include  -c -o c_alld.o c_alld.c
cc -I.. -I../.. -I../modes -I../asn1 -I../evp -I../../include  -fPIC -fno-common -DOPENSSL_PIC -DOPENSSL_THREADS -D_REENTRANT -DDSO_DLFCN -DHAVE_DLFCN_H -arch i386 -O3 -fomit-frame-pointer -DL_ENDIAN -DOPENSSL_BN_ASM_PART_WORDS -DOPENSSL_IA32_SSE2 -DOPENSSL_BN_ASM_MONT -DOPENSSL_BN_ASM_GF2m -DRC4_ASM -DSHA1_ASM -DSHA256_ASM -DSHA512_ASM -DMD5_ASM -DRMD160_ASM -DAES_ASM -DVPAES_ASM -DWHIRLPOOL_ASM -DGHASH_ASM -I/opt/homebrew/opt/libxml2/include -I/opt/homebrew/opt/libxslt/include  -c -o evp_lib.o evp_lib.c
cc -I.. -I../.. -I../modes -I../asn1 -I../evp -I../../include  -fPIC -fno-common -DOPENSSL_PIC -DOPENSSL_THREADS -D_REENTRANT -DDSO_DLFCN -DHAVE_DLFCN_H -arch i386 -O3 -fomit-frame-pointer -DL_ENDIAN -DOPENSSL_BN_ASM_PART_WORDS -DOPENSSL_IA32_SSE2 -DOPENSSL_BN_ASM_MONT -DOPENSSL_BN_ASM_GF2m -DRC4_ASM -DSHA1_ASM -DSHA256_ASM -DSHA512_ASM -DMD5_ASM -DRMD160_ASM -DAES_ASM -DVPAES_ASM -DWHIRLPOOL_ASM -DGHASH_ASM -I/opt/homebrew/opt/libxml2/include -I/opt/homebrew/opt/libxslt/include  -c -o bio_ok.o bio_ok.c
cc -I.. -I../.. -I../modes -I../asn1 -I../evp -I../../include  -fPIC -fno-common -DOPENSSL_PIC -DOPENSSL_THREADS -D_REENTRANT -DDSO_DLFCN -DHAVE_DLFCN_H -arch i386 -O3 -fomit-frame-pointer -DL_ENDIAN -DOPENSSL_BN_ASM_PART_WORDS -DOPENSSL_IA32_SSE2 -DOPENSSL_BN_ASM_MONT -DOPENSSL_BN_ASM_GF2m -DRC4_ASM -DSHA1_ASM -DSHA256_ASM -DSHA512_ASM -DMD5_ASM -DRMD160_ASM -DAES_ASM -DVPAES_ASM -DWHIRLPOOL_ASM -DGHASH_ASM -I/opt/homebrew/opt/libxml2/include -I/opt/homebrew/opt/libxslt/include  -c -o evp_pkey.o evp_pkey.c
cc -I.. -I../.. -I../modes -I../asn1 -I../evp -I../../include  -fPIC -fno-common -DOPENSSL_PIC -DOPENSSL_THREADS -D_REENTRANT -DDSO_DLFCN -DHAVE_DLFCN_H -arch i386 -O3 -fomit-frame-pointer -DL_ENDIAN -DOPENSSL_BN_ASM_PART_WORDS -DOPENSSL_IA32_SSE2 -DOPENSSL_BN_ASM_MONT -DOPENSSL_BN_ASM_GF2m -DRC4_ASM -DSHA1_ASM -DSHA256_ASM -DSHA512_ASM -DMD5_ASM -DRMD160_ASM -DAES_ASM -DVPAES_ASM -DWHIRLPOOL_ASM -DGHASH_ASM -I/opt/homebrew/opt/libxml2/include -I/opt/homebrew/opt/libxslt/include  -c -o evp_pbe.o evp_pbe.c
cc -I.. -I../.. -I../modes -I../asn1 -I../evp -I../../include  -fPIC -fno-common -DOPENSSL_PIC -DOPENSSL_THREADS -D_REENTRANT -DDSO_DLFCN -DHAVE_DLFCN_H -arch i386 -O3 -fomit-frame-pointer -DL_ENDIAN -DOPENSSL_BN_ASM_PART_WORDS -DOPENSSL_IA32_SSE2 -DOPENSSL_BN_ASM_MONT -DOPENSSL_BN_ASM_GF2m -DRC4_ASM -DSHA1_ASM -DSHA256_ASM -DSHA512_ASM -DMD5_ASM -DRMD160_ASM -DAES_ASM -DVPAES_ASM -DWHIRLPOOL_ASM -DGHASH_ASM -I/opt/homebrew/opt/libxml2/include -I/opt/homebrew/opt/libxslt/include  -c -o p5_crpt.o p5_crpt.c
cc -I.. -I../.. -I../modes -I../asn1 -I../evp -I../../include  -fPIC -fno-common -DOPENSSL_PIC -DOPENSSL_THREADS -D_REENTRANT -DDSO_DLFCN -DHAVE_DLFCN_H -arch i386 -O3 -fomit-frame-pointer -DL_ENDIAN -DOPENSSL_BN_ASM_PART_WORDS -DOPENSSL_IA32_SSE2 -DOPENSSL_BN_ASM_MONT -DOPENSSL_BN_ASM_GF2m -DRC4_ASM -DSHA1_ASM -DSHA256_ASM -DSHA512_ASM -DMD5_ASM -DRMD160_ASM -DAES_ASM -DVPAES_ASM -DWHIRLPOOL_ASM -DGHASH_ASM -I/opt/homebrew/opt/libxml2/include -I/opt/homebrew/opt/libxslt/include  -c -o p5_crpt2.o p5_crpt2.c
cc -I.. -I../.. -I../modes -I../asn1 -I../evp -I../../include  -fPIC -fno-common -DOPENSSL_PIC -DOPENSSL_THREADS -D_REENTRANT -DDSO_DLFCN -DHAVE_DLFCN_H -arch i386 -O3 -fomit-frame-pointer -DL_ENDIAN -DOPENSSL_BN_ASM_PART_WORDS -DOPENSSL_IA32_SSE2 -DOPENSSL_BN_ASM_MONT -DOPENSSL_BN_ASM_GF2m -DRC4_ASM -DSHA1_ASM -DSHA256_ASM -DSHA512_ASM -DMD5_ASM -DRMD160_ASM -DAES_ASM -DVPAES_ASM -DWHIRLPOOL_ASM -DGHASH_ASM -I/opt/homebrew/opt/libxml2/include -I/opt/homebrew/opt/libxslt/include  -c -o e_old.o e_old.c
cc -I.. -I../.. -I../modes -I../asn1 -I../evp -I../../include  -fPIC -fno-common -DOPENSSL_PIC -DOPENSSL_THREADS -D_REENTRANT -DDSO_DLFCN -DHAVE_DLFCN_H -arch i386 -O3 -fomit-frame-pointer -DL_ENDIAN -DOPENSSL_BN_ASM_PART_WORDS -DOPENSSL_IA32_SSE2 -DOPENSSL_BN_ASM_MONT -DOPENSSL_BN_ASM_GF2m -DRC4_ASM -DSHA1_ASM -DSHA256_ASM -DSHA512_ASM -DMD5_ASM -DRMD160_ASM -DAES_ASM -DVPAES_ASM -DWHIRLPOOL_ASM -DGHASH_ASM -I/opt/homebrew/opt/libxml2/include -I/opt/homebrew/opt/libxslt/include  -c -o pmeth_lib.o pmeth_lib.c
cc -I.. -I../.. -I../modes -I../asn1 -I../evp -I../../include  -fPIC -fno-common -DOPENSSL_PIC -DOPENSSL_THREADS -D_REENTRANT -DDSO_DLFCN -DHAVE_DLFCN_H -arch i386 -O3 -fomit-frame-pointer -DL_ENDIAN -DOPENSSL_BN_ASM_PART_WORDS -DOPENSSL_IA32_SSE2 -DOPENSSL_BN_ASM_MONT -DOPENSSL_BN_ASM_GF2m -DRC4_ASM -DSHA1_ASM -DSHA256_ASM -DSHA512_ASM -DMD5_ASM -DRMD160_ASM -DAES_ASM -DVPAES_ASM -DWHIRLPOOL_ASM -DGHASH_ASM -I/opt/homebrew/opt/libxml2/include -I/opt/homebrew/opt/libxslt/include  -c -o pmeth_fn.o pmeth_fn.c
cc -I.. -I../.. -I../modes -I../asn1 -I../evp -I../../include  -fPIC -fno-common -DOPENSSL_PIC -DOPENSSL_THREADS -D_REENTRANT -DDSO_DLFCN -DHAVE_DLFCN_H -arch i386 -O3 -fomit-frame-pointer -DL_ENDIAN -DOPENSSL_BN_ASM_PART_WORDS -DOPENSSL_IA32_SSE2 -DOPENSSL_BN_ASM_MONT -DOPENSSL_BN_ASM_GF2m -DRC4_ASM -DSHA1_ASM -DSHA256_ASM -DSHA512_ASM -DMD5_ASM -DRMD160_ASM -DAES_ASM -DVPAES_ASM -DWHIRLPOOL_ASM -DGHASH_ASM -I/opt/homebrew/opt/libxml2/include -I/opt/homebrew/opt/libxslt/include  -c -o pmeth_gn.o pmeth_gn.c
cc -I.. -I../.. -I../modes -I../asn1 -I../evp -I../../include  -fPIC -fno-common -DOPENSSL_PIC -DOPENSSL_THREADS -D_REENTRANT -DDSO_DLFCN -DHAVE_DLFCN_H -arch i386 -O3 -fomit-frame-pointer -DL_ENDIAN -DOPENSSL_BN_ASM_PART_WORDS -DOPENSSL_IA32_SSE2 -DOPENSSL_BN_ASM_MONT -DOPENSSL_BN_ASM_GF2m -DRC4_ASM -DSHA1_ASM -DSHA256_ASM -DSHA512_ASM -DMD5_ASM -DRMD160_ASM -DAES_ASM -DVPAES_ASM -DWHIRLPOOL_ASM -DGHASH_ASM -I/opt/homebrew/opt/libxml2/include -I/opt/homebrew/opt/libxslt/include  -c -o m_sigver.o m_sigver.c
cc -I.. -I../.. -I../modes -I../asn1 -I../evp -I../../include  -fPIC -fno-common -DOPENSSL_PIC -DOPENSSL_THREADS -D_REENTRANT -DDSO_DLFCN -DHAVE_DLFCN_H -arch i386 -O3 -fomit-frame-pointer -DL_ENDIAN -DOPENSSL_BN_ASM_PART_WORDS -DOPENSSL_IA32_SSE2 -DOPENSSL_BN_ASM_MONT -DOPENSSL_BN_ASM_GF2m -DRC4_ASM -DSHA1_ASM -DSHA256_ASM -DSHA512_ASM -DMD5_ASM -DRMD160_ASM -DAES_ASM -DVPAES_ASM -DWHIRLPOOL_ASM -DGHASH_ASM -I/opt/homebrew/opt/libxml2/include -I/opt/homebrew/opt/libxslt/include  -c -o e_aes_cbc_hmac_sha1.o e_aes_cbc_hmac_sha1.c
cc -I.. -I../.. -I../modes -I../asn1 -I../evp -I../../include  -fPIC -fno-common -DOPENSSL_PIC -DOPENSSL_THREADS -D_REENTRANT -DDSO_DLFCN -DHAVE_DLFCN_H -arch i386 -O3 -fomit-frame-pointer -DL_ENDIAN -DOPENSSL_BN_ASM_PART_WORDS -DOPENSSL_IA32_SSE2 -DOPENSSL_BN_ASM_MONT -DOPENSSL_BN_ASM_GF2m -DRC4_ASM -DSHA1_ASM -DSHA256_ASM -DSHA512_ASM -DMD5_ASM -DRMD160_ASM -DAES_ASM -DVPAES_ASM -DWHIRLPOOL_ASM -DGHASH_ASM -I/opt/homebrew/opt/libxml2/include -I/opt/homebrew/opt/libxslt/include  -c -o e_aes_cbc_hmac_sha256.o e_aes_cbc_hmac_sha256.c
cc -I.. -I../.. -I../modes -I../asn1 -I../evp -I../../include  -fPIC -fno-common -DOPENSSL_PIC -DOPENSSL_THREADS -D_REENTRANT -DDSO_DLFCN -DHAVE_DLFCN_H -arch i386 -O3 -fomit-frame-pointer -DL_ENDIAN -DOPENSSL_BN_ASM_PART_WORDS -DOPENSSL_IA32_SSE2 -DOPENSSL_BN_ASM_MONT -DOPENSSL_BN_ASM_GF2m -DRC4_ASM -DSHA1_ASM -DSHA256_ASM -DSHA512_ASM -DMD5_ASM -DRMD160_ASM -DAES_ASM -DVPAES_ASM -DWHIRLPOOL_ASM -DGHASH_ASM -I/opt/homebrew/opt/libxml2/include -I/opt/homebrew/opt/libxslt/include  -c -o e_rc4_hmac_md5.o e_rc4_hmac_md5.c
ar  r ../../libcrypto.a encode.o digest.o evp_enc.o evp_key.o evp_acnf.o evp_cnf.o e_des.o e_bf.o e_idea.o e_des3.o e_camellia.o e_rc4.o e_aes.o names.o e_seed.o e_xcbc_d.o e_rc2.o e_cast.o e_rc5.o m_null.o m_md2.o m_md4.o m_md5.o m_sha.o m_sha1.o m_wp.o m_dss.o m_dss1.o m_mdc2.o m_ripemd.o m_ecdsa.o p_open.o p_seal.o p_sign.o p_verify.o p_lib.o p_enc.o p_dec.o bio_md.o bio_b64.o bio_enc.o evp_err.o e_null.o c_all.o c_allc.o c_alld.o evp_lib.o bio_ok.o evp_pkey.o evp_pbe.o p5_crpt.o p5_crpt2.o e_old.o pmeth_lib.o pmeth_fn.o pmeth_gn.o m_sigver.o e_aes_cbc_hmac_sha1.o e_aes_cbc_hmac_sha256.o e_rc4_hmac_md5.o
/Library/Developer/CommandLineTools/usr/bin/ranlib: file: ../../libcrypto.a(ebcdic.o) has no symbols
/Library/Developer/CommandLineTools/usr/bin/ranlib: file: ../../libcrypto.a(fips_ers.o) has no symbols
/Library/Developer/CommandLineTools/usr/bin/ranlib: file: ../../libcrypto.a(ecp_nistp224.o) has no symbols
/Library/Developer/CommandLineTools/usr/bin/ranlib: file: ../../libcrypto.a(ecp_nistp256.o) has no symbols
/Library/Developer/CommandLineTools/usr/bin/ranlib: file: ../../libcrypto.a(ecp_nistp521.o) has no symbols
/Library/Developer/CommandLineTools/usr/bin/ranlib: file: ../../libcrypto.a(ecp_nistputil.o) has no symbols
/Library/Developer/CommandLineTools/usr/bin/ranlib: file: ../../libcrypto.a(rand_win.o) has no symbols
/Library/Developer/CommandLineTools/usr/bin/ranlib: file: ../../libcrypto.a(rand_os2.o) has no symbols
/Library/Developer/CommandLineTools/usr/bin/ranlib: file: ../../libcrypto.a(rand_nw.o) has no symbols
/Library/Developer/CommandLineTools/usr/bin/ranlib: file: ../../libcrypto.a(e_rc5.o) has no symbols
/Library/Developer/CommandLineTools/usr/bin/ranlib: file: ../../libcrypto.a(m_md2.o) has no symbols
/usr/bin/ranlib ../../libcrypto.a || echo Never mind.
/Library/Developer/CommandLineTools/usr/bin/ranlib: file: ../../libcrypto.a(ebcdic.o) has no symbols
/Library/Developer/CommandLineTools/usr/bin/ranlib: file: ../../libcrypto.a(fips_ers.o) has no symbols
/Library/Developer/CommandLineTools/usr/bin/ranlib: file: ../../libcrypto.a(ecp_nistp224.o) has no symbols
/Library/Developer/CommandLineTools/usr/bin/ranlib: file: ../../libcrypto.a(ecp_nistp256.o) has no symbols
/Library/Developer/CommandLineTools/usr/bin/ranlib: file: ../../libcrypto.a(ecp_nistp521.o) has no symbols
/Library/Developer/CommandLineTools/usr/bin/ranlib: file: ../../libcrypto.a(ecp_nistputil.o) has no symbols
/Library/Developer/CommandLineTools/usr/bin/ranlib: file: ../../libcrypto.a(rand_win.o) has no symbols
/Library/Developer/CommandLineTools/usr/bin/ranlib: file: ../../libcrypto.a(rand_os2.o) has no symbols
/Library/Developer/CommandLineTools/usr/bin/ranlib: file: ../../libcrypto.a(rand_nw.o) has no symbols
/Library/Developer/CommandLineTools/usr/bin/ranlib: file: ../../libcrypto.a(e_rc5.o) has no symbols
/Library/Developer/CommandLineTools/usr/bin/ranlib: file: ../../libcrypto.a(m_md2.o) has no symbols
making all in crypto/asn1...
cc -I.. -I../.. -I../modes -I../asn1 -I../evp -I../../include  -fPIC -fno-common -DOPENSSL_PIC -DOPENSSL_THREADS -D_REENTRANT -DDSO_DLFCN -DHAVE_DLFCN_H -arch i386 -O3 -fomit-frame-pointer -DL_ENDIAN -DOPENSSL_BN_ASM_PART_WORDS -DOPENSSL_IA32_SSE2 -DOPENSSL_BN_ASM_MONT -DOPENSSL_BN_ASM_GF2m -DRC4_ASM -DSHA1_ASM -DSHA256_ASM -DSHA512_ASM -DMD5_ASM -DRMD160_ASM -DAES_ASM -DVPAES_ASM -DWHIRLPOOL_ASM -DGHASH_ASM -I/opt/homebrew/opt/libxml2/include -I/opt/homebrew/opt/libxslt/include  -c -o a_object.o a_object.c
cc -I.. -I../.. -I../modes -I../asn1 -I../evp -I../../include  -fPIC -fno-common -DOPENSSL_PIC -DOPENSSL_THREADS -D_REENTRANT -DDSO_DLFCN -DHAVE_DLFCN_H -arch i386 -O3 -fomit-frame-pointer -DL_ENDIAN -DOPENSSL_BN_ASM_PART_WORDS -DOPENSSL_IA32_SSE2 -DOPENSSL_BN_ASM_MONT -DOPENSSL_BN_ASM_GF2m -DRC4_ASM -DSHA1_ASM -DSHA256_ASM -DSHA512_ASM -DMD5_ASM -DRMD160_ASM -DAES_ASM -DVPAES_ASM -DWHIRLPOOL_ASM -DGHASH_ASM -I/opt/homebrew/opt/libxml2/include -I/opt/homebrew/opt/libxslt/include  -c -o a_bitstr.o a_bitstr.c
cc -I.. -I../.. -I../modes -I../asn1 -I../evp -I../../include  -fPIC -fno-common -DOPENSSL_PIC -DOPENSSL_THREADS -D_REENTRANT -DDSO_DLFCN -DHAVE_DLFCN_H -arch i386 -O3 -fomit-frame-pointer -DL_ENDIAN -DOPENSSL_BN_ASM_PART_WORDS -DOPENSSL_IA32_SSE2 -DOPENSSL_BN_ASM_MONT -DOPENSSL_BN_ASM_GF2m -DRC4_ASM -DSHA1_ASM -DSHA256_ASM -DSHA512_ASM -DMD5_ASM -DRMD160_ASM -DAES_ASM -DVPAES_ASM -DWHIRLPOOL_ASM -DGHASH_ASM -I/opt/homebrew/opt/libxml2/include -I/opt/homebrew/opt/libxslt/include  -c -o a_utctm.o a_utctm.c
cc -I.. -I../.. -I../modes -I../asn1 -I../evp -I../../include  -fPIC -fno-common -DOPENSSL_PIC -DOPENSSL_THREADS -D_REENTRANT -DDSO_DLFCN -DHAVE_DLFCN_H -arch i386 -O3 -fomit-frame-pointer -DL_ENDIAN -DOPENSSL_BN_ASM_PART_WORDS -DOPENSSL_IA32_SSE2 -DOPENSSL_BN_ASM_MONT -DOPENSSL_BN_ASM_GF2m -DRC4_ASM -DSHA1_ASM -DSHA256_ASM -DSHA512_ASM -DMD5_ASM -DRMD160_ASM -DAES_ASM -DVPAES_ASM -DWHIRLPOOL_ASM -DGHASH_ASM -I/opt/homebrew/opt/libxml2/include -I/opt/homebrew/opt/libxslt/include  -c -o a_gentm.o a_gentm.c
cc -I.. -I../.. -I../modes -I../asn1 -I../evp -I../../include  -fPIC -fno-common -DOPENSSL_PIC -DOPENSSL_THREADS -D_REENTRANT -DDSO_DLFCN -DHAVE_DLFCN_H -arch i386 -O3 -fomit-frame-pointer -DL_ENDIAN -DOPENSSL_BN_ASM_PART_WORDS -DOPENSSL_IA32_SSE2 -DOPENSSL_BN_ASM_MONT -DOPENSSL_BN_ASM_GF2m -DRC4_ASM -DSHA1_ASM -DSHA256_ASM -DSHA512_ASM -DMD5_ASM -DRMD160_ASM -DAES_ASM -DVPAES_ASM -DWHIRLPOOL_ASM -DGHASH_ASM -I/opt/homebrew/opt/libxml2/include -I/opt/homebrew/opt/libxslt/include  -c -o a_time.o a_time.c
cc -I.. -I../.. -I../modes -I../asn1 -I../evp -I../../include  -fPIC -fno-common -DOPENSSL_PIC -DOPENSSL_THREADS -D_REENTRANT -DDSO_DLFCN -DHAVE_DLFCN_H -arch i386 -O3 -fomit-frame-pointer -DL_ENDIAN -DOPENSSL_BN_ASM_PART_WORDS -DOPENSSL_IA32_SSE2 -DOPENSSL_BN_ASM_MONT -DOPENSSL_BN_ASM_GF2m -DRC4_ASM -DSHA1_ASM -DSHA256_ASM -DSHA512_ASM -DMD5_ASM -DRMD160_ASM -DAES_ASM -DVPAES_ASM -DWHIRLPOOL_ASM -DGHASH_ASM -I/opt/homebrew/opt/libxml2/include -I/opt/homebrew/opt/libxslt/include  -c -o a_int.o a_int.c
cc -I.. -I../.. -I../modes -I../asn1 -I../evp -I../../include  -fPIC -fno-common -DOPENSSL_PIC -DOPENSSL_THREADS -D_REENTRANT -DDSO_DLFCN -DHAVE_DLFCN_H -arch i386 -O3 -fomit-frame-pointer -DL_ENDIAN -DOPENSSL_BN_ASM_PART_WORDS -DOPENSSL_IA32_SSE2 -DOPENSSL_BN_ASM_MONT -DOPENSSL_BN_ASM_GF2m -DRC4_ASM -DSHA1_ASM -DSHA256_ASM -DSHA512_ASM -DMD5_ASM -DRMD160_ASM -DAES_ASM -DVPAES_ASM -DWHIRLPOOL_ASM -DGHASH_ASM -I/opt/homebrew/opt/libxml2/include -I/opt/homebrew/opt/libxslt/include  -c -o a_octet.o a_octet.c
cc -I.. -I../.. -I../modes -I../asn1 -I../evp -I../../include  -fPIC -fno-common -DOPENSSL_PIC -DOPENSSL_THREADS -D_REENTRANT -DDSO_DLFCN -DHAVE_DLFCN_H -arch i386 -O3 -fomit-frame-pointer -DL_ENDIAN -DOPENSSL_BN_ASM_PART_WORDS -DOPENSSL_IA32_SSE2 -DOPENSSL_BN_ASM_MONT -DOPENSSL_BN_ASM_GF2m -DRC4_ASM -DSHA1_ASM -DSHA256_ASM -DSHA512_ASM -DMD5_ASM -DRMD160_ASM -DAES_ASM -DVPAES_ASM -DWHIRLPOOL_ASM -DGHASH_ASM -I/opt/homebrew/opt/libxml2/include -I/opt/homebrew/opt/libxslt/include  -c -o a_print.o a_print.c
cc -I.. -I../.. -I../modes -I../asn1 -I../evp -I../../include  -fPIC -fno-common -DOPENSSL_PIC -DOPENSSL_THREADS -D_REENTRANT -DDSO_DLFCN -DHAVE_DLFCN_H -arch i386 -O3 -fomit-frame-pointer -DL_ENDIAN -DOPENSSL_BN_ASM_PART_WORDS -DOPENSSL_IA32_SSE2 -DOPENSSL_BN_ASM_MONT -DOPENSSL_BN_ASM_GF2m -DRC4_ASM -DSHA1_ASM -DSHA256_ASM -DSHA512_ASM -DMD5_ASM -DRMD160_ASM -DAES_ASM -DVPAES_ASM -DWHIRLPOOL_ASM -DGHASH_ASM -I/opt/homebrew/opt/libxml2/include -I/opt/homebrew/opt/libxslt/include  -c -o a_type.o a_type.c
cc -I.. -I../.. -I../modes -I../asn1 -I../evp -I../../include  -fPIC -fno-common -DOPENSSL_PIC -DOPENSSL_THREADS -D_REENTRANT -DDSO_DLFCN -DHAVE_DLFCN_H -arch i386 -O3 -fomit-frame-pointer -DL_ENDIAN -DOPENSSL_BN_ASM_PART_WORDS -DOPENSSL_IA32_SSE2 -DOPENSSL_BN_ASM_MONT -DOPENSSL_BN_ASM_GF2m -DRC4_ASM -DSHA1_ASM -DSHA256_ASM -DSHA512_ASM -DMD5_ASM -DRMD160_ASM -DAES_ASM -DVPAES_ASM -DWHIRLPOOL_ASM -DGHASH_ASM -I/opt/homebrew/opt/libxml2/include -I/opt/homebrew/opt/libxslt/include  -c -o a_set.o a_set.c
cc -I.. -I../.. -I../modes -I../asn1 -I../evp -I../../include  -fPIC -fno-common -DOPENSSL_PIC -DOPENSSL_THREADS -D_REENTRANT -DDSO_DLFCN -DHAVE_DLFCN_H -arch i386 -O3 -fomit-frame-pointer -DL_ENDIAN -DOPENSSL_BN_ASM_PART_WORDS -DOPENSSL_IA32_SSE2 -DOPENSSL_BN_ASM_MONT -DOPENSSL_BN_ASM_GF2m -DRC4_ASM -DSHA1_ASM -DSHA256_ASM -DSHA512_ASM -DMD5_ASM -DRMD160_ASM -DAES_ASM -DVPAES_ASM -DWHIRLPOOL_ASM -DGHASH_ASM -I/opt/homebrew/opt/libxml2/include -I/opt/homebrew/opt/libxslt/include  -c -o a_dup.o a_dup.c
cc -I.. -I../.. -I../modes -I../asn1 -I../evp -I../../include  -fPIC -fno-common -DOPENSSL_PIC -DOPENSSL_THREADS -D_REENTRANT -DDSO_DLFCN -DHAVE_DLFCN_H -arch i386 -O3 -fomit-frame-pointer -DL_ENDIAN -DOPENSSL_BN_ASM_PART_WORDS -DOPENSSL_IA32_SSE2 -DOPENSSL_BN_ASM_MONT -DOPENSSL_BN_ASM_GF2m -DRC4_ASM -DSHA1_ASM -DSHA256_ASM -DSHA512_ASM -DMD5_ASM -DRMD160_ASM -DAES_ASM -DVPAES_ASM -DWHIRLPOOL_ASM -DGHASH_ASM -I/opt/homebrew/opt/libxml2/include -I/opt/homebrew/opt/libxslt/include  -c -o a_d2i_fp.o a_d2i_fp.c
cc -I.. -I../.. -I../modes -I../asn1 -I../evp -I../../include  -fPIC -fno-common -DOPENSSL_PIC -DOPENSSL_THREADS -D_REENTRANT -DDSO_DLFCN -DHAVE_DLFCN_H -arch i386 -O3 -fomit-frame-pointer -DL_ENDIAN -DOPENSSL_BN_ASM_PART_WORDS -DOPENSSL_IA32_SSE2 -DOPENSSL_BN_ASM_MONT -DOPENSSL_BN_ASM_GF2m -DRC4_ASM -DSHA1_ASM -DSHA256_ASM -DSHA512_ASM -DMD5_ASM -DRMD160_ASM -DAES_ASM -DVPAES_ASM -DWHIRLPOOL_ASM -DGHASH_ASM -I/opt/homebrew/opt/libxml2/include -I/opt/homebrew/opt/libxslt/include  -c -o a_i2d_fp.o a_i2d_fp.c
cc -I.. -I../.. -I../modes -I../asn1 -I../evp -I../../include  -fPIC -fno-common -DOPENSSL_PIC -DOPENSSL_THREADS -D_REENTRANT -DDSO_DLFCN -DHAVE_DLFCN_H -arch i386 -O3 -fomit-frame-pointer -DL_ENDIAN -DOPENSSL_BN_ASM_PART_WORDS -DOPENSSL_IA32_SSE2 -DOPENSSL_BN_ASM_MONT -DOPENSSL_BN_ASM_GF2m -DRC4_ASM -DSHA1_ASM -DSHA256_ASM -DSHA512_ASM -DMD5_ASM -DRMD160_ASM -DAES_ASM -DVPAES_ASM -DWHIRLPOOL_ASM -DGHASH_ASM -I/opt/homebrew/opt/libxml2/include -I/opt/homebrew/opt/libxslt/include  -c -o a_enum.o a_enum.c
cc -I.. -I../.. -I../modes -I../asn1 -I../evp -I../../include  -fPIC -fno-common -DOPENSSL_PIC -DOPENSSL_THREADS -D_REENTRANT -DDSO_DLFCN -DHAVE_DLFCN_H -arch i386 -O3 -fomit-frame-pointer -DL_ENDIAN -DOPENSSL_BN_ASM_PART_WORDS -DOPENSSL_IA32_SSE2 -DOPENSSL_BN_ASM_MONT -DOPENSSL_BN_ASM_GF2m -DRC4_ASM -DSHA1_ASM -DSHA256_ASM -DSHA512_ASM -DMD5_ASM -DRMD160_ASM -DAES_ASM -DVPAES_ASM -DWHIRLPOOL_ASM -DGHASH_ASM -I/opt/homebrew/opt/libxml2/include -I/opt/homebrew/opt/libxslt/include  -c -o a_utf8.o a_utf8.c
cc -I.. -I../.. -I../modes -I../asn1 -I../evp -I../../include  -fPIC -fno-common -DOPENSSL_PIC -DOPENSSL_THREADS -D_REENTRANT -DDSO_DLFCN -DHAVE_DLFCN_H -arch i386 -O3 -fomit-frame-pointer -DL_ENDIAN -DOPENSSL_BN_ASM_PART_WORDS -DOPENSSL_IA32_SSE2 -DOPENSSL_BN_ASM_MONT -DOPENSSL_BN_ASM_GF2m -DRC4_ASM -DSHA1_ASM -DSHA256_ASM -DSHA512_ASM -DMD5_ASM -DRMD160_ASM -DAES_ASM -DVPAES_ASM -DWHIRLPOOL_ASM -DGHASH_ASM -I/opt/homebrew/opt/libxml2/include -I/opt/homebrew/opt/libxslt/include  -c -o a_sign.o a_sign.c
cc -I.. -I../.. -I../modes -I../asn1 -I../evp -I../../include  -fPIC -fno-common -DOPENSSL_PIC -DOPENSSL_THREADS -D_REENTRANT -DDSO_DLFCN -DHAVE_DLFCN_H -arch i386 -O3 -fomit-frame-pointer -DL_ENDIAN -DOPENSSL_BN_ASM_PART_WORDS -DOPENSSL_IA32_SSE2 -DOPENSSL_BN_ASM_MONT -DOPENSSL_BN_ASM_GF2m -DRC4_ASM -DSHA1_ASM -DSHA256_ASM -DSHA512_ASM -DMD5_ASM -DRMD160_ASM -DAES_ASM -DVPAES_ASM -DWHIRLPOOL_ASM -DGHASH_ASM -I/opt/homebrew/opt/libxml2/include -I/opt/homebrew/opt/libxslt/include  -c -o a_digest.o a_digest.c
cc -I.. -I../.. -I../modes -I../asn1 -I../evp -I../../include  -fPIC -fno-common -DOPENSSL_PIC -DOPENSSL_THREADS -D_REENTRANT -DDSO_DLFCN -DHAVE_DLFCN_H -arch i386 -O3 -fomit-frame-pointer -DL_ENDIAN -DOPENSSL_BN_ASM_PART_WORDS -DOPENSSL_IA32_SSE2 -DOPENSSL_BN_ASM_MONT -DOPENSSL_BN_ASM_GF2m -DRC4_ASM -DSHA1_ASM -DSHA256_ASM -DSHA512_ASM -DMD5_ASM -DRMD160_ASM -DAES_ASM -DVPAES_ASM -DWHIRLPOOL_ASM -DGHASH_ASM -I/opt/homebrew/opt/libxml2/include -I/opt/homebrew/opt/libxslt/include  -c -o a_verify.o a_verify.c
cc -I.. -I../.. -I../modes -I../asn1 -I../evp -I../../include  -fPIC -fno-common -DOPENSSL_PIC -DOPENSSL_THREADS -D_REENTRANT -DDSO_DLFCN -DHAVE_DLFCN_H -arch i386 -O3 -fomit-frame-pointer -DL_ENDIAN -DOPENSSL_BN_ASM_PART_WORDS -DOPENSSL_IA32_SSE2 -DOPENSSL_BN_ASM_MONT -DOPENSSL_BN_ASM_GF2m -DRC4_ASM -DSHA1_ASM -DSHA256_ASM -DSHA512_ASM -DMD5_ASM -DRMD160_ASM -DAES_ASM -DVPAES_ASM -DWHIRLPOOL_ASM -DGHASH_ASM -I/opt/homebrew/opt/libxml2/include -I/opt/homebrew/opt/libxslt/include  -c -o a_mbstr.o a_mbstr.c
cc -I.. -I../.. -I../modes -I../asn1 -I../evp -I../../include  -fPIC -fno-common -DOPENSSL_PIC -DOPENSSL_THREADS -D_REENTRANT -DDSO_DLFCN -DHAVE_DLFCN_H -arch i386 -O3 -fomit-frame-pointer -DL_ENDIAN -DOPENSSL_BN_ASM_PART_WORDS -DOPENSSL_IA32_SSE2 -DOPENSSL_BN_ASM_MONT -DOPENSSL_BN_ASM_GF2m -DRC4_ASM -DSHA1_ASM -DSHA256_ASM -DSHA512_ASM -DMD5_ASM -DRMD160_ASM -DAES_ASM -DVPAES_ASM -DWHIRLPOOL_ASM -DGHASH_ASM -I/opt/homebrew/opt/libxml2/include -I/opt/homebrew/opt/libxslt/include  -c -o a_strex.o a_strex.c
cc -I.. -I../.. -I../modes -I../asn1 -I../evp -I../../include  -fPIC -fno-common -DOPENSSL_PIC -DOPENSSL_THREADS -D_REENTRANT -DDSO_DLFCN -DHAVE_DLFCN_H -arch i386 -O3 -fomit-frame-pointer -DL_ENDIAN -DOPENSSL_BN_ASM_PART_WORDS -DOPENSSL_IA32_SSE2 -DOPENSSL_BN_ASM_MONT -DOPENSSL_BN_ASM_GF2m -DRC4_ASM -DSHA1_ASM -DSHA256_ASM -DSHA512_ASM -DMD5_ASM -DRMD160_ASM -DAES_ASM -DVPAES_ASM -DWHIRLPOOL_ASM -DGHASH_ASM -I/opt/homebrew/opt/libxml2/include -I/opt/homebrew/opt/libxslt/include  -c -o x_algor.o x_algor.c
cc -I.. -I../.. -I../modes -I../asn1 -I../evp -I../../include  -fPIC -fno-common -DOPENSSL_PIC -DOPENSSL_THREADS -D_REENTRANT -DDSO_DLFCN -DHAVE_DLFCN_H -arch i386 -O3 -fomit-frame-pointer -DL_ENDIAN -DOPENSSL_BN_ASM_PART_WORDS -DOPENSSL_IA32_SSE2 -DOPENSSL_BN_ASM_MONT -DOPENSSL_BN_ASM_GF2m -DRC4_ASM -DSHA1_ASM -DSHA256_ASM -DSHA512_ASM -DMD5_ASM -DRMD160_ASM -DAES_ASM -DVPAES_ASM -DWHIRLPOOL_ASM -DGHASH_ASM -I/opt/homebrew/opt/libxml2/include -I/opt/homebrew/opt/libxslt/include  -c -o x_val.o x_val.c
cc -I.. -I../.. -I../modes -I../asn1 -I../evp -I../../include  -fPIC -fno-common -DOPENSSL_PIC -DOPENSSL_THREADS -D_REENTRANT -DDSO_DLFCN -DHAVE_DLFCN_H -arch i386 -O3 -fomit-frame-pointer -DL_ENDIAN -DOPENSSL_BN_ASM_PART_WORDS -DOPENSSL_IA32_SSE2 -DOPENSSL_BN_ASM_MONT -DOPENSSL_BN_ASM_GF2m -DRC4_ASM -DSHA1_ASM -DSHA256_ASM -DSHA512_ASM -DMD5_ASM -DRMD160_ASM -DAES_ASM -DVPAES_ASM -DWHIRLPOOL_ASM -DGHASH_ASM -I/opt/homebrew/opt/libxml2/include -I/opt/homebrew/opt/libxslt/include  -c -o x_pubkey.o x_pubkey.c
cc -I.. -I../.. -I../modes -I../asn1 -I../evp -I../../include  -fPIC -fno-common -DOPENSSL_PIC -DOPENSSL_THREADS -D_REENTRANT -DDSO_DLFCN -DHAVE_DLFCN_H -arch i386 -O3 -fomit-frame-pointer -DL_ENDIAN -DOPENSSL_BN_ASM_PART_WORDS -DOPENSSL_IA32_SSE2 -DOPENSSL_BN_ASM_MONT -DOPENSSL_BN_ASM_GF2m -DRC4_ASM -DSHA1_ASM -DSHA256_ASM -DSHA512_ASM -DMD5_ASM -DRMD160_ASM -DAES_ASM -DVPAES_ASM -DWHIRLPOOL_ASM -DGHASH_ASM -I/opt/homebrew/opt/libxml2/include -I/opt/homebrew/opt/libxslt/include  -c -o x_sig.o x_sig.c
cc -I.. -I../.. -I../modes -I../asn1 -I../evp -I../../include  -fPIC -fno-common -DOPENSSL_PIC -DOPENSSL_THREADS -D_REENTRANT -DDSO_DLFCN -DHAVE_DLFCN_H -arch i386 -O3 -fomit-frame-pointer -DL_ENDIAN -DOPENSSL_BN_ASM_PART_WORDS -DOPENSSL_IA32_SSE2 -DOPENSSL_BN_ASM_MONT -DOPENSSL_BN_ASM_GF2m -DRC4_ASM -DSHA1_ASM -DSHA256_ASM -DSHA512_ASM -DMD5_ASM -DRMD160_ASM -DAES_ASM -DVPAES_ASM -DWHIRLPOOL_ASM -DGHASH_ASM -I/opt/homebrew/opt/libxml2/include -I/opt/homebrew/opt/libxslt/include  -c -o x_req.o x_req.c
cc -I.. -I../.. -I../modes -I../asn1 -I../evp -I../../include  -fPIC -fno-common -DOPENSSL_PIC -DOPENSSL_THREADS -D_REENTRANT -DDSO_DLFCN -DHAVE_DLFCN_H -arch i386 -O3 -fomit-frame-pointer -DL_ENDIAN -DOPENSSL_BN_ASM_PART_WORDS -DOPENSSL_IA32_SSE2 -DOPENSSL_BN_ASM_MONT -DOPENSSL_BN_ASM_GF2m -DRC4_ASM -DSHA1_ASM -DSHA256_ASM -DSHA512_ASM -DMD5_ASM -DRMD160_ASM -DAES_ASM -DVPAES_ASM -DWHIRLPOOL_ASM -DGHASH_ASM -I/opt/homebrew/opt/libxml2/include -I/opt/homebrew/opt/libxslt/include  -c -o x_attrib.o x_attrib.c
cc -I.. -I../.. -I../modes -I../asn1 -I../evp -I../../include  -fPIC -fno-common -DOPENSSL_PIC -DOPENSSL_THREADS -D_REENTRANT -DDSO_DLFCN -DHAVE_DLFCN_H -arch i386 -O3 -fomit-frame-pointer -DL_ENDIAN -DOPENSSL_BN_ASM_PART_WORDS -DOPENSSL_IA32_SSE2 -DOPENSSL_BN_ASM_MONT -DOPENSSL_BN_ASM_GF2m -DRC4_ASM -DSHA1_ASM -DSHA256_ASM -DSHA512_ASM -DMD5_ASM -DRMD160_ASM -DAES_ASM -DVPAES_ASM -DWHIRLPOOL_ASM -DGHASH_ASM -I/opt/homebrew/opt/libxml2/include -I/opt/homebrew/opt/libxslt/include  -c -o x_bignum.o x_bignum.c
cc -I.. -I../.. -I../modes -I../asn1 -I../evp -I../../include  -fPIC -fno-common -DOPENSSL_PIC -DOPENSSL_THREADS -D_REENTRANT -DDSO_DLFCN -DHAVE_DLFCN_H -arch i386 -O3 -fomit-frame-pointer -DL_ENDIAN -DOPENSSL_BN_ASM_PART_WORDS -DOPENSSL_IA32_SSE2 -DOPENSSL_BN_ASM_MONT -DOPENSSL_BN_ASM_GF2m -DRC4_ASM -DSHA1_ASM -DSHA256_ASM -DSHA512_ASM -DMD5_ASM -DRMD160_ASM -DAES_ASM -DVPAES_ASM -DWHIRLPOOL_ASM -DGHASH_ASM -I/opt/homebrew/opt/libxml2/include -I/opt/homebrew/opt/libxslt/include  -c -o x_long.o x_long.c
cc -I.. -I../.. -I../modes -I../asn1 -I../evp -I../../include  -fPIC -fno-common -DOPENSSL_PIC -DOPENSSL_THREADS -D_REENTRANT -DDSO_DLFCN -DHAVE_DLFCN_H -arch i386 -O3 -fomit-frame-pointer -DL_ENDIAN -DOPENSSL_BN_ASM_PART_WORDS -DOPENSSL_IA32_SSE2 -DOPENSSL_BN_ASM_MONT -DOPENSSL_BN_ASM_GF2m -DRC4_ASM -DSHA1_ASM -DSHA256_ASM -DSHA512_ASM -DMD5_ASM -DRMD160_ASM -DAES_ASM -DVPAES_ASM -DWHIRLPOOL_ASM -DGHASH_ASM -I/opt/homebrew/opt/libxml2/include -I/opt/homebrew/opt/libxslt/include  -c -o x_name.o x_name.c
cc -I.. -I../.. -I../modes -I../asn1 -I../evp -I../../include  -fPIC -fno-common -DOPENSSL_PIC -DOPENSSL_THREADS -D_REENTRANT -DDSO_DLFCN -DHAVE_DLFCN_H -arch i386 -O3 -fomit-frame-pointer -DL_ENDIAN -DOPENSSL_BN_ASM_PART_WORDS -DOPENSSL_IA32_SSE2 -DOPENSSL_BN_ASM_MONT -DOPENSSL_BN_ASM_GF2m -DRC4_ASM -DSHA1_ASM -DSHA256_ASM -DSHA512_ASM -DMD5_ASM -DRMD160_ASM -DAES_ASM -DVPAES_ASM -DWHIRLPOOL_ASM -DGHASH_ASM -I/opt/homebrew/opt/libxml2/include -I/opt/homebrew/opt/libxslt/include  -c -o x_x509.o x_x509.c
cc -I.. -I../.. -I../modes -I../asn1 -I../evp -I../../include  -fPIC -fno-common -DOPENSSL_PIC -DOPENSSL_THREADS -D_REENTRANT -DDSO_DLFCN -DHAVE_DLFCN_H -arch i386 -O3 -fomit-frame-pointer -DL_ENDIAN -DOPENSSL_BN_ASM_PART_WORDS -DOPENSSL_IA32_SSE2 -DOPENSSL_BN_ASM_MONT -DOPENSSL_BN_ASM_GF2m -DRC4_ASM -DSHA1_ASM -DSHA256_ASM -DSHA512_ASM -DMD5_ASM -DRMD160_ASM -DAES_ASM -DVPAES_ASM -DWHIRLPOOL_ASM -DGHASH_ASM -I/opt/homebrew/opt/libxml2/include -I/opt/homebrew/opt/libxslt/include  -c -o x_x509a.o x_x509a.c
cc -I.. -I../.. -I../modes -I../asn1 -I../evp -I../../include  -fPIC -fno-common -DOPENSSL_PIC -DOPENSSL_THREADS -D_REENTRANT -DDSO_DLFCN -DHAVE_DLFCN_H -arch i386 -O3 -fomit-frame-pointer -DL_ENDIAN -DOPENSSL_BN_ASM_PART_WORDS -DOPENSSL_IA32_SSE2 -DOPENSSL_BN_ASM_MONT -DOPENSSL_BN_ASM_GF2m -DRC4_ASM -DSHA1_ASM -DSHA256_ASM -DSHA512_ASM -DMD5_ASM -DRMD160_ASM -DAES_ASM -DVPAES_ASM -DWHIRLPOOL_ASM -DGHASH_ASM -I/opt/homebrew/opt/libxml2/include -I/opt/homebrew/opt/libxslt/include  -c -o x_crl.o x_crl.c
cc -I.. -I../.. -I../modes -I../asn1 -I../evp -I../../include  -fPIC -fno-common -DOPENSSL_PIC -DOPENSSL_THREADS -D_REENTRANT -DDSO_DLFCN -DHAVE_DLFCN_H -arch i386 -O3 -fomit-frame-pointer -DL_ENDIAN -DOPENSSL_BN_ASM_PART_WORDS -DOPENSSL_IA32_SSE2 -DOPENSSL_BN_ASM_MONT -DOPENSSL_BN_ASM_GF2m -DRC4_ASM -DSHA1_ASM -DSHA256_ASM -DSHA512_ASM -DMD5_ASM -DRMD160_ASM -DAES_ASM -DVPAES_ASM -DWHIRLPOOL_ASM -DGHASH_ASM -I/opt/homebrew/opt/libxml2/include -I/opt/homebrew/opt/libxslt/include  -c -o x_info.o x_info.c
cc -I.. -I../.. -I../modes -I../asn1 -I../evp -I../../include  -fPIC -fno-common -DOPENSSL_PIC -DOPENSSL_THREADS -D_REENTRANT -DDSO_DLFCN -DHAVE_DLFCN_H -arch i386 -O3 -fomit-frame-pointer -DL_ENDIAN -DOPENSSL_BN_ASM_PART_WORDS -DOPENSSL_IA32_SSE2 -DOPENSSL_BN_ASM_MONT -DOPENSSL_BN_ASM_GF2m -DRC4_ASM -DSHA1_ASM -DSHA256_ASM -DSHA512_ASM -DMD5_ASM -DRMD160_ASM -DAES_ASM -DVPAES_ASM -DWHIRLPOOL_ASM -DGHASH_ASM -I/opt/homebrew/opt/libxml2/include -I/opt/homebrew/opt/libxslt/include  -c -o x_spki.o x_spki.c
cc -I.. -I../.. -I../modes -I../asn1 -I../evp -I../../include  -fPIC -fno-common -DOPENSSL_PIC -DOPENSSL_THREADS -D_REENTRANT -DDSO_DLFCN -DHAVE_DLFCN_H -arch i386 -O3 -fomit-frame-pointer -DL_ENDIAN -DOPENSSL_BN_ASM_PART_WORDS -DOPENSSL_IA32_SSE2 -DOPENSSL_BN_ASM_MONT -DOPENSSL_BN_ASM_GF2m -DRC4_ASM -DSHA1_ASM -DSHA256_ASM -DSHA512_ASM -DMD5_ASM -DRMD160_ASM -DAES_ASM -DVPAES_ASM -DWHIRLPOOL_ASM -DGHASH_ASM -I/opt/homebrew/opt/libxml2/include -I/opt/homebrew/opt/libxslt/include  -c -o nsseq.o nsseq.c
cc -I.. -I../.. -I../modes -I../asn1 -I../evp -I../../include  -fPIC -fno-common -DOPENSSL_PIC -DOPENSSL_THREADS -D_REENTRANT -DDSO_DLFCN -DHAVE_DLFCN_H -arch i386 -O3 -fomit-frame-pointer -DL_ENDIAN -DOPENSSL_BN_ASM_PART_WORDS -DOPENSSL_IA32_SSE2 -DOPENSSL_BN_ASM_MONT -DOPENSSL_BN_ASM_GF2m -DRC4_ASM -DSHA1_ASM -DSHA256_ASM -DSHA512_ASM -DMD5_ASM -DRMD160_ASM -DAES_ASM -DVPAES_ASM -DWHIRLPOOL_ASM -DGHASH_ASM -I/opt/homebrew/opt/libxml2/include -I/opt/homebrew/opt/libxslt/include  -c -o x_nx509.o x_nx509.c
cc -I.. -I../.. -I../modes -I../asn1 -I../evp -I../../include  -fPIC -fno-common -DOPENSSL_PIC -DOPENSSL_THREADS -D_REENTRANT -DDSO_DLFCN -DHAVE_DLFCN_H -arch i386 -O3 -fomit-frame-pointer -DL_ENDIAN -DOPENSSL_BN_ASM_PART_WORDS -DOPENSSL_IA32_SSE2 -DOPENSSL_BN_ASM_MONT -DOPENSSL_BN_ASM_GF2m -DRC4_ASM -DSHA1_ASM -DSHA256_ASM -DSHA512_ASM -DMD5_ASM -DRMD160_ASM -DAES_ASM -DVPAES_ASM -DWHIRLPOOL_ASM -DGHASH_ASM -I/opt/homebrew/opt/libxml2/include -I/opt/homebrew/opt/libxslt/include  -c -o d2i_pu.o d2i_pu.c
cc -I.. -I../.. -I../modes -I../asn1 -I../evp -I../../include  -fPIC -fno-common -DOPENSSL_PIC -DOPENSSL_THREADS -D_REENTRANT -DDSO_DLFCN -DHAVE_DLFCN_H -arch i386 -O3 -fomit-frame-pointer -DL_ENDIAN -DOPENSSL_BN_ASM_PART_WORDS -DOPENSSL_IA32_SSE2 -DOPENSSL_BN_ASM_MONT -DOPENSSL_BN_ASM_GF2m -DRC4_ASM -DSHA1_ASM -DSHA256_ASM -DSHA512_ASM -DMD5_ASM -DRMD160_ASM -DAES_ASM -DVPAES_ASM -DWHIRLPOOL_ASM -DGHASH_ASM -I/opt/homebrew/opt/libxml2/include -I/opt/homebrew/opt/libxslt/include  -c -o d2i_pr.o d2i_pr.c
cc -I.. -I../.. -I../modes -I../asn1 -I../evp -I../../include  -fPIC -fno-common -DOPENSSL_PIC -DOPENSSL_THREADS -D_REENTRANT -DDSO_DLFCN -DHAVE_DLFCN_H -arch i386 -O3 -fomit-frame-pointer -DL_ENDIAN -DOPENSSL_BN_ASM_PART_WORDS -DOPENSSL_IA32_SSE2 -DOPENSSL_BN_ASM_MONT -DOPENSSL_BN_ASM_GF2m -DRC4_ASM -DSHA1_ASM -DSHA256_ASM -DSHA512_ASM -DMD5_ASM -DRMD160_ASM -DAES_ASM -DVPAES_ASM -DWHIRLPOOL_ASM -DGHASH_ASM -I/opt/homebrew/opt/libxml2/include -I/opt/homebrew/opt/libxslt/include  -c -o i2d_pu.o i2d_pu.c
cc -I.. -I../.. -I../modes -I../asn1 -I../evp -I../../include  -fPIC -fno-common -DOPENSSL_PIC -DOPENSSL_THREADS -D_REENTRANT -DDSO_DLFCN -DHAVE_DLFCN_H -arch i386 -O3 -fomit-frame-pointer -DL_ENDIAN -DOPENSSL_BN_ASM_PART_WORDS -DOPENSSL_IA32_SSE2 -DOPENSSL_BN_ASM_MONT -DOPENSSL_BN_ASM_GF2m -DRC4_ASM -DSHA1_ASM -DSHA256_ASM -DSHA512_ASM -DMD5_ASM -DRMD160_ASM -DAES_ASM -DVPAES_ASM -DWHIRLPOOL_ASM -DGHASH_ASM -I/opt/homebrew/opt/libxml2/include -I/opt/homebrew/opt/libxslt/include  -c -o i2d_pr.o i2d_pr.c
cc -I.. -I../.. -I../modes -I../asn1 -I../evp -I../../include  -fPIC -fno-common -DOPENSSL_PIC -DOPENSSL_THREADS -D_REENTRANT -DDSO_DLFCN -DHAVE_DLFCN_H -arch i386 -O3 -fomit-frame-pointer -DL_ENDIAN -DOPENSSL_BN_ASM_PART_WORDS -DOPENSSL_IA32_SSE2 -DOPENSSL_BN_ASM_MONT -DOPENSSL_BN_ASM_GF2m -DRC4_ASM -DSHA1_ASM -DSHA256_ASM -DSHA512_ASM -DMD5_ASM -DRMD160_ASM -DAES_ASM -DVPAES_ASM -DWHIRLPOOL_ASM -DGHASH_ASM -I/opt/homebrew/opt/libxml2/include -I/opt/homebrew/opt/libxslt/include  -c -o t_req.o t_req.c
cc -I.. -I../.. -I../modes -I../asn1 -I../evp -I../../include  -fPIC -fno-common -DOPENSSL_PIC -DOPENSSL_THREADS -D_REENTRANT -DDSO_DLFCN -DHAVE_DLFCN_H -arch i386 -O3 -fomit-frame-pointer -DL_ENDIAN -DOPENSSL_BN_ASM_PART_WORDS -DOPENSSL_IA32_SSE2 -DOPENSSL_BN_ASM_MONT -DOPENSSL_BN_ASM_GF2m -DRC4_ASM -DSHA1_ASM -DSHA256_ASM -DSHA512_ASM -DMD5_ASM -DRMD160_ASM -DAES_ASM -DVPAES_ASM -DWHIRLPOOL_ASM -DGHASH_ASM -I/opt/homebrew/opt/libxml2/include -I/opt/homebrew/opt/libxslt/include  -c -o t_x509.o t_x509.c
cc -I.. -I../.. -I../modes -I../asn1 -I../evp -I../../include  -fPIC -fno-common -DOPENSSL_PIC -DOPENSSL_THREADS -D_REENTRANT -DDSO_DLFCN -DHAVE_DLFCN_H -arch i386 -O3 -fomit-frame-pointer -DL_ENDIAN -DOPENSSL_BN_ASM_PART_WORDS -DOPENSSL_IA32_SSE2 -DOPENSSL_BN_ASM_MONT -DOPENSSL_BN_ASM_GF2m -DRC4_ASM -DSHA1_ASM -DSHA256_ASM -DSHA512_ASM -DMD5_ASM -DRMD160_ASM -DAES_ASM -DVPAES_ASM -DWHIRLPOOL_ASM -DGHASH_ASM -I/opt/homebrew/opt/libxml2/include -I/opt/homebrew/opt/libxslt/include  -c -o t_x509a.o t_x509a.c
cc -I.. -I../.. -I../modes -I../asn1 -I../evp -I../../include  -fPIC -fno-common -DOPENSSL_PIC -DOPENSSL_THREADS -D_REENTRANT -DDSO_DLFCN -DHAVE_DLFCN_H -arch i386 -O3 -fomit-frame-pointer -DL_ENDIAN -DOPENSSL_BN_ASM_PART_WORDS -DOPENSSL_IA32_SSE2 -DOPENSSL_BN_ASM_MONT -DOPENSSL_BN_ASM_GF2m -DRC4_ASM -DSHA1_ASM -DSHA256_ASM -DSHA512_ASM -DMD5_ASM -DRMD160_ASM -DAES_ASM -DVPAES_ASM -DWHIRLPOOL_ASM -DGHASH_ASM -I/opt/homebrew/opt/libxml2/include -I/opt/homebrew/opt/libxslt/include  -c -o t_crl.o t_crl.c
cc -I.. -I../.. -I../modes -I../asn1 -I../evp -I../../include  -fPIC -fno-common -DOPENSSL_PIC -DOPENSSL_THREADS -D_REENTRANT -DDSO_DLFCN -DHAVE_DLFCN_H -arch i386 -O3 -fomit-frame-pointer -DL_ENDIAN -DOPENSSL_BN_ASM_PART_WORDS -DOPENSSL_IA32_SSE2 -DOPENSSL_BN_ASM_MONT -DOPENSSL_BN_ASM_GF2m -DRC4_ASM -DSHA1_ASM -DSHA256_ASM -DSHA512_ASM -DMD5_ASM -DRMD160_ASM -DAES_ASM -DVPAES_ASM -DWHIRLPOOL_ASM -DGHASH_ASM -I/opt/homebrew/opt/libxml2/include -I/opt/homebrew/opt/libxslt/include  -c -o t_pkey.o t_pkey.c
cc -I.. -I../.. -I../modes -I../asn1 -I../evp -I../../include  -fPIC -fno-common -DOPENSSL_PIC -DOPENSSL_THREADS -D_REENTRANT -DDSO_DLFCN -DHAVE_DLFCN_H -arch i386 -O3 -fomit-frame-pointer -DL_ENDIAN -DOPENSSL_BN_ASM_PART_WORDS -DOPENSSL_IA32_SSE2 -DOPENSSL_BN_ASM_MONT -DOPENSSL_BN_ASM_GF2m -DRC4_ASM -DSHA1_ASM -DSHA256_ASM -DSHA512_ASM -DMD5_ASM -DRMD160_ASM -DAES_ASM -DVPAES_ASM -DWHIRLPOOL_ASM -DGHASH_ASM -I/opt/homebrew/opt/libxml2/include -I/opt/homebrew/opt/libxslt/include  -c -o t_spki.o t_spki.c
cc -I.. -I../.. -I../modes -I../asn1 -I../evp -I../../include  -fPIC -fno-common -DOPENSSL_PIC -DOPENSSL_THREADS -D_REENTRANT -DDSO_DLFCN -DHAVE_DLFCN_H -arch i386 -O3 -fomit-frame-pointer -DL_ENDIAN -DOPENSSL_BN_ASM_PART_WORDS -DOPENSSL_IA32_SSE2 -DOPENSSL_BN_ASM_MONT -DOPENSSL_BN_ASM_GF2m -DRC4_ASM -DSHA1_ASM -DSHA256_ASM -DSHA512_ASM -DMD5_ASM -DRMD160_ASM -DAES_ASM -DVPAES_ASM -DWHIRLPOOL_ASM -DGHASH_ASM -I/opt/homebrew/opt/libxml2/include -I/opt/homebrew/opt/libxslt/include  -c -o t_bitst.o t_bitst.c
cc -I.. -I../.. -I../modes -I../asn1 -I../evp -I../../include  -fPIC -fno-common -DOPENSSL_PIC -DOPENSSL_THREADS -D_REENTRANT -DDSO_DLFCN -DHAVE_DLFCN_H -arch i386 -O3 -fomit-frame-pointer -DL_ENDIAN -DOPENSSL_BN_ASM_PART_WORDS -DOPENSSL_IA32_SSE2 -DOPENSSL_BN_ASM_MONT -DOPENSSL_BN_ASM_GF2m -DRC4_ASM -DSHA1_ASM -DSHA256_ASM -DSHA512_ASM -DMD5_ASM -DRMD160_ASM -DAES_ASM -DVPAES_ASM -DWHIRLPOOL_ASM -DGHASH_ASM -I/opt/homebrew/opt/libxml2/include -I/opt/homebrew/opt/libxslt/include  -c -o tasn_new.o tasn_new.c
cc -I.. -I../.. -I../modes -I../asn1 -I../evp -I../../include  -fPIC -fno-common -DOPENSSL_PIC -DOPENSSL_THREADS -D_REENTRANT -DDSO_DLFCN -DHAVE_DLFCN_H -arch i386 -O3 -fomit-frame-pointer -DL_ENDIAN -DOPENSSL_BN_ASM_PART_WORDS -DOPENSSL_IA32_SSE2 -DOPENSSL_BN_ASM_MONT -DOPENSSL_BN_ASM_GF2m -DRC4_ASM -DSHA1_ASM -DSHA256_ASM -DSHA512_ASM -DMD5_ASM -DRMD160_ASM -DAES_ASM -DVPAES_ASM -DWHIRLPOOL_ASM -DGHASH_ASM -I/opt/homebrew/opt/libxml2/include -I/opt/homebrew/opt/libxslt/include  -c -o tasn_fre.o tasn_fre.c
cc -I.. -I../.. -I../modes -I../asn1 -I../evp -I../../include  -fPIC -fno-common -DOPENSSL_PIC -DOPENSSL_THREADS -D_REENTRANT -DDSO_DLFCN -DHAVE_DLFCN_H -arch i386 -O3 -fomit-frame-pointer -DL_ENDIAN -DOPENSSL_BN_ASM_PART_WORDS -DOPENSSL_IA32_SSE2 -DOPENSSL_BN_ASM_MONT -DOPENSSL_BN_ASM_GF2m -DRC4_ASM -DSHA1_ASM -DSHA256_ASM -DSHA512_ASM -DMD5_ASM -DRMD160_ASM -DAES_ASM -DVPAES_ASM -DWHIRLPOOL_ASM -DGHASH_ASM -I/opt/homebrew/opt/libxml2/include -I/opt/homebrew/opt/libxslt/include  -c -o tasn_enc.o tasn_enc.c
cc -I.. -I../.. -I../modes -I../asn1 -I../evp -I../../include  -fPIC -fno-common -DOPENSSL_PIC -DOPENSSL_THREADS -D_REENTRANT -DDSO_DLFCN -DHAVE_DLFCN_H -arch i386 -O3 -fomit-frame-pointer -DL_ENDIAN -DOPENSSL_BN_ASM_PART_WORDS -DOPENSSL_IA32_SSE2 -DOPENSSL_BN_ASM_MONT -DOPENSSL_BN_ASM_GF2m -DRC4_ASM -DSHA1_ASM -DSHA256_ASM -DSHA512_ASM -DMD5_ASM -DRMD160_ASM -DAES_ASM -DVPAES_ASM -DWHIRLPOOL_ASM -DGHASH_ASM -I/opt/homebrew/opt/libxml2/include -I/opt/homebrew/opt/libxslt/include  -c -o tasn_dec.o tasn_dec.c
cc -I.. -I../.. -I../modes -I../asn1 -I../evp -I../../include  -fPIC -fno-common -DOPENSSL_PIC -DOPENSSL_THREADS -D_REENTRANT -DDSO_DLFCN -DHAVE_DLFCN_H -arch i386 -O3 -fomit-frame-pointer -DL_ENDIAN -DOPENSSL_BN_ASM_PART_WORDS -DOPENSSL_IA32_SSE2 -DOPENSSL_BN_ASM_MONT -DOPENSSL_BN_ASM_GF2m -DRC4_ASM -DSHA1_ASM -DSHA256_ASM -DSHA512_ASM -DMD5_ASM -DRMD160_ASM -DAES_ASM -DVPAES_ASM -DWHIRLPOOL_ASM -DGHASH_ASM -I/opt/homebrew/opt/libxml2/include -I/opt/homebrew/opt/libxslt/include  -c -o tasn_utl.o tasn_utl.c
cc -I.. -I../.. -I../modes -I../asn1 -I../evp -I../../include  -fPIC -fno-common -DOPENSSL_PIC -DOPENSSL_THREADS -D_REENTRANT -DDSO_DLFCN -DHAVE_DLFCN_H -arch i386 -O3 -fomit-frame-pointer -DL_ENDIAN -DOPENSSL_BN_ASM_PART_WORDS -DOPENSSL_IA32_SSE2 -DOPENSSL_BN_ASM_MONT -DOPENSSL_BN_ASM_GF2m -DRC4_ASM -DSHA1_ASM -DSHA256_ASM -DSHA512_ASM -DMD5_ASM -DRMD160_ASM -DAES_ASM -DVPAES_ASM -DWHIRLPOOL_ASM -DGHASH_ASM -I/opt/homebrew/opt/libxml2/include -I/opt/homebrew/opt/libxslt/include  -c -o tasn_typ.o tasn_typ.c
cc -I.. -I../.. -I../modes -I../asn1 -I../evp -I../../include  -fPIC -fno-common -DOPENSSL_PIC -DOPENSSL_THREADS -D_REENTRANT -DDSO_DLFCN -DHAVE_DLFCN_H -arch i386 -O3 -fomit-frame-pointer -DL_ENDIAN -DOPENSSL_BN_ASM_PART_WORDS -DOPENSSL_IA32_SSE2 -DOPENSSL_BN_ASM_MONT -DOPENSSL_BN_ASM_GF2m -DRC4_ASM -DSHA1_ASM -DSHA256_ASM -DSHA512_ASM -DMD5_ASM -DRMD160_ASM -DAES_ASM -DVPAES_ASM -DWHIRLPOOL_ASM -DGHASH_ASM -I/opt/homebrew/opt/libxml2/include -I/opt/homebrew/opt/libxslt/include  -c -o tasn_prn.o tasn_prn.c
cc -I.. -I../.. -I../modes -I../asn1 -I../evp -I../../include  -fPIC -fno-common -DOPENSSL_PIC -DOPENSSL_THREADS -D_REENTRANT -DDSO_DLFCN -DHAVE_DLFCN_H -arch i386 -O3 -fomit-frame-pointer -DL_ENDIAN -DOPENSSL_BN_ASM_PART_WORDS -DOPENSSL_IA32_SSE2 -DOPENSSL_BN_ASM_MONT -DOPENSSL_BN_ASM_GF2m -DRC4_ASM -DSHA1_ASM -DSHA256_ASM -DSHA512_ASM -DMD5_ASM -DRMD160_ASM -DAES_ASM -DVPAES_ASM -DWHIRLPOOL_ASM -DGHASH_ASM -I/opt/homebrew/opt/libxml2/include -I/opt/homebrew/opt/libxslt/include  -c -o ameth_lib.o ameth_lib.c
cc -I.. -I../.. -I../modes -I../asn1 -I../evp -I../../include  -fPIC -fno-common -DOPENSSL_PIC -DOPENSSL_THREADS -D_REENTRANT -DDSO_DLFCN -DHAVE_DLFCN_H -arch i386 -O3 -fomit-frame-pointer -DL_ENDIAN -DOPENSSL_BN_ASM_PART_WORDS -DOPENSSL_IA32_SSE2 -DOPENSSL_BN_ASM_MONT -DOPENSSL_BN_ASM_GF2m -DRC4_ASM -DSHA1_ASM -DSHA256_ASM -DSHA512_ASM -DMD5_ASM -DRMD160_ASM -DAES_ASM -DVPAES_ASM -DWHIRLPOOL_ASM -DGHASH_ASM -I/opt/homebrew/opt/libxml2/include -I/opt/homebrew/opt/libxslt/include  -c -o f_int.o f_int.c
cc -I.. -I../.. -I../modes -I../asn1 -I../evp -I../../include  -fPIC -fno-common -DOPENSSL_PIC -DOPENSSL_THREADS -D_REENTRANT -DDSO_DLFCN -DHAVE_DLFCN_H -arch i386 -O3 -fomit-frame-pointer -DL_ENDIAN -DOPENSSL_BN_ASM_PART_WORDS -DOPENSSL_IA32_SSE2 -DOPENSSL_BN_ASM_MONT -DOPENSSL_BN_ASM_GF2m -DRC4_ASM -DSHA1_ASM -DSHA256_ASM -DSHA512_ASM -DMD5_ASM -DRMD160_ASM -DAES_ASM -DVPAES_ASM -DWHIRLPOOL_ASM -DGHASH_ASM -I/opt/homebrew/opt/libxml2/include -I/opt/homebrew/opt/libxslt/include  -c -o f_string.o f_string.c
cc -I.. -I../.. -I../modes -I../asn1 -I../evp -I../../include  -fPIC -fno-common -DOPENSSL_PIC -DOPENSSL_THREADS -D_REENTRANT -DDSO_DLFCN -DHAVE_DLFCN_H -arch i386 -O3 -fomit-frame-pointer -DL_ENDIAN -DOPENSSL_BN_ASM_PART_WORDS -DOPENSSL_IA32_SSE2 -DOPENSSL_BN_ASM_MONT -DOPENSSL_BN_ASM_GF2m -DRC4_ASM -DSHA1_ASM -DSHA256_ASM -DSHA512_ASM -DMD5_ASM -DRMD160_ASM -DAES_ASM -DVPAES_ASM -DWHIRLPOOL_ASM -DGHASH_ASM -I/opt/homebrew/opt/libxml2/include -I/opt/homebrew/opt/libxslt/include  -c -o n_pkey.o n_pkey.c
cc -I.. -I../.. -I../modes -I../asn1 -I../evp -I../../include  -fPIC -fno-common -DOPENSSL_PIC -DOPENSSL_THREADS -D_REENTRANT -DDSO_DLFCN -DHAVE_DLFCN_H -arch i386 -O3 -fomit-frame-pointer -DL_ENDIAN -DOPENSSL_BN_ASM_PART_WORDS -DOPENSSL_IA32_SSE2 -DOPENSSL_BN_ASM_MONT -DOPENSSL_BN_ASM_GF2m -DRC4_ASM -DSHA1_ASM -DSHA256_ASM -DSHA512_ASM -DMD5_ASM -DRMD160_ASM -DAES_ASM -DVPAES_ASM -DWHIRLPOOL_ASM -DGHASH_ASM -I/opt/homebrew/opt/libxml2/include -I/opt/homebrew/opt/libxslt/include  -c -o f_enum.o f_enum.c
cc -I.. -I../.. -I../modes -I../asn1 -I../evp -I../../include  -fPIC -fno-common -DOPENSSL_PIC -DOPENSSL_THREADS -D_REENTRANT -DDSO_DLFCN -DHAVE_DLFCN_H -arch i386 -O3 -fomit-frame-pointer -DL_ENDIAN -DOPENSSL_BN_ASM_PART_WORDS -DOPENSSL_IA32_SSE2 -DOPENSSL_BN_ASM_MONT -DOPENSSL_BN_ASM_GF2m -DRC4_ASM -DSHA1_ASM -DSHA256_ASM -DSHA512_ASM -DMD5_ASM -DRMD160_ASM -DAES_ASM -DVPAES_ASM -DWHIRLPOOL_ASM -DGHASH_ASM -I/opt/homebrew/opt/libxml2/include -I/opt/homebrew/opt/libxslt/include  -c -o x_pkey.o x_pkey.c
cc -I.. -I../.. -I../modes -I../asn1 -I../evp -I../../include  -fPIC -fno-common -DOPENSSL_PIC -DOPENSSL_THREADS -D_REENTRANT -DDSO_DLFCN -DHAVE_DLFCN_H -arch i386 -O3 -fomit-frame-pointer -DL_ENDIAN -DOPENSSL_BN_ASM_PART_WORDS -DOPENSSL_IA32_SSE2 -DOPENSSL_BN_ASM_MONT -DOPENSSL_BN_ASM_GF2m -DRC4_ASM -DSHA1_ASM -DSHA256_ASM -DSHA512_ASM -DMD5_ASM -DRMD160_ASM -DAES_ASM -DVPAES_ASM -DWHIRLPOOL_ASM -DGHASH_ASM -I/opt/homebrew/opt/libxml2/include -I/opt/homebrew/opt/libxslt/include  -c -o a_bool.o a_bool.c
cc -I.. -I../.. -I../modes -I../asn1 -I../evp -I../../include  -fPIC -fno-common -DOPENSSL_PIC -DOPENSSL_THREADS -D_REENTRANT -DDSO_DLFCN -DHAVE_DLFCN_H -arch i386 -O3 -fomit-frame-pointer -DL_ENDIAN -DOPENSSL_BN_ASM_PART_WORDS -DOPENSSL_IA32_SSE2 -DOPENSSL_BN_ASM_MONT -DOPENSSL_BN_ASM_GF2m -DRC4_ASM -DSHA1_ASM -DSHA256_ASM -DSHA512_ASM -DMD5_ASM -DRMD160_ASM -DAES_ASM -DVPAES_ASM -DWHIRLPOOL_ASM -DGHASH_ASM -I/opt/homebrew/opt/libxml2/include -I/opt/homebrew/opt/libxslt/include  -c -o x_exten.o x_exten.c
cc -I.. -I../.. -I../modes -I../asn1 -I../evp -I../../include  -fPIC -fno-common -DOPENSSL_PIC -DOPENSSL_THREADS -D_REENTRANT -DDSO_DLFCN -DHAVE_DLFCN_H -arch i386 -O3 -fomit-frame-pointer -DL_ENDIAN -DOPENSSL_BN_ASM_PART_WORDS -DOPENSSL_IA32_SSE2 -DOPENSSL_BN_ASM_MONT -DOPENSSL_BN_ASM_GF2m -DRC4_ASM -DSHA1_ASM -DSHA256_ASM -DSHA512_ASM -DMD5_ASM -DRMD160_ASM -DAES_ASM -DVPAES_ASM -DWHIRLPOOL_ASM -DGHASH_ASM -I/opt/homebrew/opt/libxml2/include -I/opt/homebrew/opt/libxslt/include  -c -o bio_asn1.o bio_asn1.c
cc -I.. -I../.. -I../modes -I../asn1 -I../evp -I../../include  -fPIC -fno-common -DOPENSSL_PIC -DOPENSSL_THREADS -D_REENTRANT -DDSO_DLFCN -DHAVE_DLFCN_H -arch i386 -O3 -fomit-frame-pointer -DL_ENDIAN -DOPENSSL_BN_ASM_PART_WORDS -DOPENSSL_IA32_SSE2 -DOPENSSL_BN_ASM_MONT -DOPENSSL_BN_ASM_GF2m -DRC4_ASM -DSHA1_ASM -DSHA256_ASM -DSHA512_ASM -DMD5_ASM -DRMD160_ASM -DAES_ASM -DVPAES_ASM -DWHIRLPOOL_ASM -DGHASH_ASM -I/opt/homebrew/opt/libxml2/include -I/opt/homebrew/opt/libxslt/include  -c -o bio_ndef.o bio_ndef.c
cc -I.. -I../.. -I../modes -I../asn1 -I../evp -I../../include  -fPIC -fno-common -DOPENSSL_PIC -DOPENSSL_THREADS -D_REENTRANT -DDSO_DLFCN -DHAVE_DLFCN_H -arch i386 -O3 -fomit-frame-pointer -DL_ENDIAN -DOPENSSL_BN_ASM_PART_WORDS -DOPENSSL_IA32_SSE2 -DOPENSSL_BN_ASM_MONT -DOPENSSL_BN_ASM_GF2m -DRC4_ASM -DSHA1_ASM -DSHA256_ASM -DSHA512_ASM -DMD5_ASM -DRMD160_ASM -DAES_ASM -DVPAES_ASM -DWHIRLPOOL_ASM -DGHASH_ASM -I/opt/homebrew/opt/libxml2/include -I/opt/homebrew/opt/libxslt/include  -c -o asn_mime.o asn_mime.c
cc -I.. -I../.. -I../modes -I../asn1 -I../evp -I../../include  -fPIC -fno-common -DOPENSSL_PIC -DOPENSSL_THREADS -D_REENTRANT -DDSO_DLFCN -DHAVE_DLFCN_H -arch i386 -O3 -fomit-frame-pointer -DL_ENDIAN -DOPENSSL_BN_ASM_PART_WORDS -DOPENSSL_IA32_SSE2 -DOPENSSL_BN_ASM_MONT -DOPENSSL_BN_ASM_GF2m -DRC4_ASM -DSHA1_ASM -DSHA256_ASM -DSHA512_ASM -DMD5_ASM -DRMD160_ASM -DAES_ASM -DVPAES_ASM -DWHIRLPOOL_ASM -DGHASH_ASM -I/opt/homebrew/opt/libxml2/include -I/opt/homebrew/opt/libxslt/include  -c -o asn1_gen.o asn1_gen.c
cc -I.. -I../.. -I../modes -I../asn1 -I../evp -I../../include  -fPIC -fno-common -DOPENSSL_PIC -DOPENSSL_THREADS -D_REENTRANT -DDSO_DLFCN -DHAVE_DLFCN_H -arch i386 -O3 -fomit-frame-pointer -DL_ENDIAN -DOPENSSL_BN_ASM_PART_WORDS -DOPENSSL_IA32_SSE2 -DOPENSSL_BN_ASM_MONT -DOPENSSL_BN_ASM_GF2m -DRC4_ASM -DSHA1_ASM -DSHA256_ASM -DSHA512_ASM -DMD5_ASM -DRMD160_ASM -DAES_ASM -DVPAES_ASM -DWHIRLPOOL_ASM -DGHASH_ASM -I/opt/homebrew/opt/libxml2/include -I/opt/homebrew/opt/libxslt/include  -c -o asn1_par.o asn1_par.c
cc -I.. -I../.. -I../modes -I../asn1 -I../evp -I../../include  -fPIC -fno-common -DOPENSSL_PIC -DOPENSSL_THREADS -D_REENTRANT -DDSO_DLFCN -DHAVE_DLFCN_H -arch i386 -O3 -fomit-frame-pointer -DL_ENDIAN -DOPENSSL_BN_ASM_PART_WORDS -DOPENSSL_IA32_SSE2 -DOPENSSL_BN_ASM_MONT -DOPENSSL_BN_ASM_GF2m -DRC4_ASM -DSHA1_ASM -DSHA256_ASM -DSHA512_ASM -DMD5_ASM -DRMD160_ASM -DAES_ASM -DVPAES_ASM -DWHIRLPOOL_ASM -DGHASH_ASM -I/opt/homebrew/opt/libxml2/include -I/opt/homebrew/opt/libxslt/include  -c -o asn1_lib.o asn1_lib.c
cc -I.. -I../.. -I../modes -I../asn1 -I../evp -I../../include  -fPIC -fno-common -DOPENSSL_PIC -DOPENSSL_THREADS -D_REENTRANT -DDSO_DLFCN -DHAVE_DLFCN_H -arch i386 -O3 -fomit-frame-pointer -DL_ENDIAN -DOPENSSL_BN_ASM_PART_WORDS -DOPENSSL_IA32_SSE2 -DOPENSSL_BN_ASM_MONT -DOPENSSL_BN_ASM_GF2m -DRC4_ASM -DSHA1_ASM -DSHA256_ASM -DSHA512_ASM -DMD5_ASM -DRMD160_ASM -DAES_ASM -DVPAES_ASM -DWHIRLPOOL_ASM -DGHASH_ASM -I/opt/homebrew/opt/libxml2/include -I/opt/homebrew/opt/libxslt/include  -c -o asn1_err.o asn1_err.c
cc -I.. -I../.. -I../modes -I../asn1 -I../evp -I../../include  -fPIC -fno-common -DOPENSSL_PIC -DOPENSSL_THREADS -D_REENTRANT -DDSO_DLFCN -DHAVE_DLFCN_H -arch i386 -O3 -fomit-frame-pointer -DL_ENDIAN -DOPENSSL_BN_ASM_PART_WORDS -DOPENSSL_IA32_SSE2 -DOPENSSL_BN_ASM_MONT -DOPENSSL_BN_ASM_GF2m -DRC4_ASM -DSHA1_ASM -DSHA256_ASM -DSHA512_ASM -DMD5_ASM -DRMD160_ASM -DAES_ASM -DVPAES_ASM -DWHIRLPOOL_ASM -DGHASH_ASM -I/opt/homebrew/opt/libxml2/include -I/opt/homebrew/opt/libxslt/include  -c -o a_bytes.o a_bytes.c
cc -I.. -I../.. -I../modes -I../asn1 -I../evp -I../../include  -fPIC -fno-common -DOPENSSL_PIC -DOPENSSL_THREADS -D_REENTRANT -DDSO_DLFCN -DHAVE_DLFCN_H -arch i386 -O3 -fomit-frame-pointer -DL_ENDIAN -DOPENSSL_BN_ASM_PART_WORDS -DOPENSSL_IA32_SSE2 -DOPENSSL_BN_ASM_MONT -DOPENSSL_BN_ASM_GF2m -DRC4_ASM -DSHA1_ASM -DSHA256_ASM -DSHA512_ASM -DMD5_ASM -DRMD160_ASM -DAES_ASM -DVPAES_ASM -DWHIRLPOOL_ASM -DGHASH_ASM -I/opt/homebrew/opt/libxml2/include -I/opt/homebrew/opt/libxslt/include  -c -o a_strnid.o a_strnid.c
cc -I.. -I../.. -I../modes -I../asn1 -I../evp -I../../include  -fPIC -fno-common -DOPENSSL_PIC -DOPENSSL_THREADS -D_REENTRANT -DDSO_DLFCN -DHAVE_DLFCN_H -arch i386 -O3 -fomit-frame-pointer -DL_ENDIAN -DOPENSSL_BN_ASM_PART_WORDS -DOPENSSL_IA32_SSE2 -DOPENSSL_BN_ASM_MONT -DOPENSSL_BN_ASM_GF2m -DRC4_ASM -DSHA1_ASM -DSHA256_ASM -DSHA512_ASM -DMD5_ASM -DRMD160_ASM -DAES_ASM -DVPAES_ASM -DWHIRLPOOL_ASM -DGHASH_ASM -I/opt/homebrew/opt/libxml2/include -I/opt/homebrew/opt/libxslt/include  -c -o evp_asn1.o evp_asn1.c
cc -I.. -I../.. -I../modes -I../asn1 -I../evp -I../../include  -fPIC -fno-common -DOPENSSL_PIC -DOPENSSL_THREADS -D_REENTRANT -DDSO_DLFCN -DHAVE_DLFCN_H -arch i386 -O3 -fomit-frame-pointer -DL_ENDIAN -DOPENSSL_BN_ASM_PART_WORDS -DOPENSSL_IA32_SSE2 -DOPENSSL_BN_ASM_MONT -DOPENSSL_BN_ASM_GF2m -DRC4_ASM -DSHA1_ASM -DSHA256_ASM -DSHA512_ASM -DMD5_ASM -DRMD160_ASM -DAES_ASM -DVPAES_ASM -DWHIRLPOOL_ASM -DGHASH_ASM -I/opt/homebrew/opt/libxml2/include -I/opt/homebrew/opt/libxslt/include  -c -o asn_pack.o asn_pack.c
cc -I.. -I../.. -I../modes -I../asn1 -I../evp -I../../include  -fPIC -fno-common -DOPENSSL_PIC -DOPENSSL_THREADS -D_REENTRANT -DDSO_DLFCN -DHAVE_DLFCN_H -arch i386 -O3 -fomit-frame-pointer -DL_ENDIAN -DOPENSSL_BN_ASM_PART_WORDS -DOPENSSL_IA32_SSE2 -DOPENSSL_BN_ASM_MONT -DOPENSSL_BN_ASM_GF2m -DRC4_ASM -DSHA1_ASM -DSHA256_ASM -DSHA512_ASM -DMD5_ASM -DRMD160_ASM -DAES_ASM -DVPAES_ASM -DWHIRLPOOL_ASM -DGHASH_ASM -I/opt/homebrew/opt/libxml2/include -I/opt/homebrew/opt/libxslt/include  -c -o p5_pbe.o p5_pbe.c
cc -I.. -I../.. -I../modes -I../asn1 -I../evp -I../../include  -fPIC -fno-common -DOPENSSL_PIC -DOPENSSL_THREADS -D_REENTRANT -DDSO_DLFCN -DHAVE_DLFCN_H -arch i386 -O3 -fomit-frame-pointer -DL_ENDIAN -DOPENSSL_BN_ASM_PART_WORDS -DOPENSSL_IA32_SSE2 -DOPENSSL_BN_ASM_MONT -DOPENSSL_BN_ASM_GF2m -DRC4_ASM -DSHA1_ASM -DSHA256_ASM -DSHA512_ASM -DMD5_ASM -DRMD160_ASM -DAES_ASM -DVPAES_ASM -DWHIRLPOOL_ASM -DGHASH_ASM -I/opt/homebrew/opt/libxml2/include -I/opt/homebrew/opt/libxslt/include  -c -o p5_pbev2.o p5_pbev2.c
cc -I.. -I../.. -I../modes -I../asn1 -I../evp -I../../include  -fPIC -fno-common -DOPENSSL_PIC -DOPENSSL_THREADS -D_REENTRANT -DDSO_DLFCN -DHAVE_DLFCN_H -arch i386 -O3 -fomit-frame-pointer -DL_ENDIAN -DOPENSSL_BN_ASM_PART_WORDS -DOPENSSL_IA32_SSE2 -DOPENSSL_BN_ASM_MONT -DOPENSSL_BN_ASM_GF2m -DRC4_ASM -DSHA1_ASM -DSHA256_ASM -DSHA512_ASM -DMD5_ASM -DRMD160_ASM -DAES_ASM -DVPAES_ASM -DWHIRLPOOL_ASM -DGHASH_ASM -I/opt/homebrew/opt/libxml2/include -I/opt/homebrew/opt/libxslt/include  -c -o p8_pkey.o p8_pkey.c
cc -I.. -I../.. -I../modes -I../asn1 -I../evp -I../../include  -fPIC -fno-common -DOPENSSL_PIC -DOPENSSL_THREADS -D_REENTRANT -DDSO_DLFCN -DHAVE_DLFCN_H -arch i386 -O3 -fomit-frame-pointer -DL_ENDIAN -DOPENSSL_BN_ASM_PART_WORDS -DOPENSSL_IA32_SSE2 -DOPENSSL_BN_ASM_MONT -DOPENSSL_BN_ASM_GF2m -DRC4_ASM -DSHA1_ASM -DSHA256_ASM -DSHA512_ASM -DMD5_ASM -DRMD160_ASM -DAES_ASM -DVPAES_ASM -DWHIRLPOOL_ASM -DGHASH_ASM -I/opt/homebrew/opt/libxml2/include -I/opt/homebrew/opt/libxslt/include  -c -o asn_moid.o asn_moid.c
ar  r ../../libcrypto.a a_object.o a_bitstr.o a_utctm.o a_gentm.o a_time.o a_int.o a_octet.o a_print.o a_type.o a_set.o a_dup.o a_d2i_fp.o a_i2d_fp.o a_enum.o a_utf8.o a_sign.o a_digest.o a_verify.o a_mbstr.o a_strex.o x_algor.o x_val.o x_pubkey.o x_sig.o x_req.o x_attrib.o x_bignum.o x_long.o x_name.o x_x509.o x_x509a.o x_crl.o x_info.o x_spki.o nsseq.o x_nx509.o d2i_pu.o d2i_pr.o i2d_pu.o i2d_pr.o t_req.o t_x509.o t_x509a.o t_crl.o t_pkey.o t_spki.o t_bitst.o tasn_new.o tasn_fre.o tasn_enc.o tasn_dec.o tasn_utl.o tasn_typ.o tasn_prn.o ameth_lib.o f_int.o f_string.o n_pkey.o f_enum.o x_pkey.o a_bool.o x_exten.o bio_asn1.o bio_ndef.o asn_mime.o asn1_gen.o asn1_par.o asn1_lib.o asn1_err.o a_bytes.o a_strnid.o evp_asn1.o asn_pack.o p5_pbe.o p5_pbev2.o p8_pkey.o asn_moid.o
/Library/Developer/CommandLineTools/usr/bin/ranlib: file: ../../libcrypto.a(ebcdic.o) has no symbols
/Library/Developer/CommandLineTools/usr/bin/ranlib: file: ../../libcrypto.a(fips_ers.o) has no symbols
/Library/Developer/CommandLineTools/usr/bin/ranlib: file: ../../libcrypto.a(ecp_nistp224.o) has no symbols
/Library/Developer/CommandLineTools/usr/bin/ranlib: file: ../../libcrypto.a(ecp_nistp256.o) has no symbols
/Library/Developer/CommandLineTools/usr/bin/ranlib: file: ../../libcrypto.a(ecp_nistp521.o) has no symbols
/Library/Developer/CommandLineTools/usr/bin/ranlib: file: ../../libcrypto.a(ecp_nistputil.o) has no symbols
/Library/Developer/CommandLineTools/usr/bin/ranlib: file: ../../libcrypto.a(rand_win.o) has no symbols
/Library/Developer/CommandLineTools/usr/bin/ranlib: file: ../../libcrypto.a(rand_os2.o) has no symbols
/Library/Developer/CommandLineTools/usr/bin/ranlib: file: ../../libcrypto.a(rand_nw.o) has no symbols
/Library/Developer/CommandLineTools/usr/bin/ranlib: file: ../../libcrypto.a(e_rc5.o) has no symbols
/Library/Developer/CommandLineTools/usr/bin/ranlib: file: ../../libcrypto.a(m_md2.o) has no symbols
/usr/bin/ranlib ../../libcrypto.a || echo Never mind.
/Library/Developer/CommandLineTools/usr/bin/ranlib: file: ../../libcrypto.a(ebcdic.o) has no symbols
/Library/Developer/CommandLineTools/usr/bin/ranlib: file: ../../libcrypto.a(fips_ers.o) has no symbols
/Library/Developer/CommandLineTools/usr/bin/ranlib: file: ../../libcrypto.a(ecp_nistp224.o) has no symbols
/Library/Developer/CommandLineTools/usr/bin/ranlib: file: ../../libcrypto.a(ecp_nistp256.o) has no symbols
/Library/Developer/CommandLineTools/usr/bin/ranlib: file: ../../libcrypto.a(ecp_nistp521.o) has no symbols
/Library/Developer/CommandLineTools/usr/bin/ranlib: file: ../../libcrypto.a(ecp_nistputil.o) has no symbols
/Library/Developer/CommandLineTools/usr/bin/ranlib: file: ../../libcrypto.a(rand_win.o) has no symbols
/Library/Developer/CommandLineTools/usr/bin/ranlib: file: ../../libcrypto.a(rand_os2.o) has no symbols
/Library/Developer/CommandLineTools/usr/bin/ranlib: file: ../../libcrypto.a(rand_nw.o) has no symbols
/Library/Developer/CommandLineTools/usr/bin/ranlib: file: ../../libcrypto.a(e_rc5.o) has no symbols
/Library/Developer/CommandLineTools/usr/bin/ranlib: file: ../../libcrypto.a(m_md2.o) has no symbols
making all in crypto/pem...
cc -I.. -I../.. -I../modes -I../asn1 -I../evp -I../../include  -fPIC -fno-common -DOPENSSL_PIC -DOPENSSL_THREADS -D_REENTRANT -DDSO_DLFCN -DHAVE_DLFCN_H -arch i386 -O3 -fomit-frame-pointer -DL_ENDIAN -DOPENSSL_BN_ASM_PART_WORDS -DOPENSSL_IA32_SSE2 -DOPENSSL_BN_ASM_MONT -DOPENSSL_BN_ASM_GF2m -DRC4_ASM -DSHA1_ASM -DSHA256_ASM -DSHA512_ASM -DMD5_ASM -DRMD160_ASM -DAES_ASM -DVPAES_ASM -DWHIRLPOOL_ASM -DGHASH_ASM -I/opt/homebrew/opt/libxml2/include -I/opt/homebrew/opt/libxslt/include  -c -o pem_sign.o pem_sign.c
cc -I.. -I../.. -I../modes -I../asn1 -I../evp -I../../include  -fPIC -fno-common -DOPENSSL_PIC -DOPENSSL_THREADS -D_REENTRANT -DDSO_DLFCN -DHAVE_DLFCN_H -arch i386 -O3 -fomit-frame-pointer -DL_ENDIAN -DOPENSSL_BN_ASM_PART_WORDS -DOPENSSL_IA32_SSE2 -DOPENSSL_BN_ASM_MONT -DOPENSSL_BN_ASM_GF2m -DRC4_ASM -DSHA1_ASM -DSHA256_ASM -DSHA512_ASM -DMD5_ASM -DRMD160_ASM -DAES_ASM -DVPAES_ASM -DWHIRLPOOL_ASM -DGHASH_ASM -I/opt/homebrew/opt/libxml2/include -I/opt/homebrew/opt/libxslt/include  -c -o pem_seal.o pem_seal.c
cc -I.. -I../.. -I../modes -I../asn1 -I../evp -I../../include  -fPIC -fno-common -DOPENSSL_PIC -DOPENSSL_THREADS -D_REENTRANT -DDSO_DLFCN -DHAVE_DLFCN_H -arch i386 -O3 -fomit-frame-pointer -DL_ENDIAN -DOPENSSL_BN_ASM_PART_WORDS -DOPENSSL_IA32_SSE2 -DOPENSSL_BN_ASM_MONT -DOPENSSL_BN_ASM_GF2m -DRC4_ASM -DSHA1_ASM -DSHA256_ASM -DSHA512_ASM -DMD5_ASM -DRMD160_ASM -DAES_ASM -DVPAES_ASM -DWHIRLPOOL_ASM -DGHASH_ASM -I/opt/homebrew/opt/libxml2/include -I/opt/homebrew/opt/libxslt/include  -c -o pem_info.o pem_info.c
cc -I.. -I../.. -I../modes -I../asn1 -I../evp -I../../include  -fPIC -fno-common -DOPENSSL_PIC -DOPENSSL_THREADS -D_REENTRANT -DDSO_DLFCN -DHAVE_DLFCN_H -arch i386 -O3 -fomit-frame-pointer -DL_ENDIAN -DOPENSSL_BN_ASM_PART_WORDS -DOPENSSL_IA32_SSE2 -DOPENSSL_BN_ASM_MONT -DOPENSSL_BN_ASM_GF2m -DRC4_ASM -DSHA1_ASM -DSHA256_ASM -DSHA512_ASM -DMD5_ASM -DRMD160_ASM -DAES_ASM -DVPAES_ASM -DWHIRLPOOL_ASM -DGHASH_ASM -I/opt/homebrew/opt/libxml2/include -I/opt/homebrew/opt/libxslt/include  -c -o pem_lib.o pem_lib.c
cc -I.. -I../.. -I../modes -I../asn1 -I../evp -I../../include  -fPIC -fno-common -DOPENSSL_PIC -DOPENSSL_THREADS -D_REENTRANT -DDSO_DLFCN -DHAVE_DLFCN_H -arch i386 -O3 -fomit-frame-pointer -DL_ENDIAN -DOPENSSL_BN_ASM_PART_WORDS -DOPENSSL_IA32_SSE2 -DOPENSSL_BN_ASM_MONT -DOPENSSL_BN_ASM_GF2m -DRC4_ASM -DSHA1_ASM -DSHA256_ASM -DSHA512_ASM -DMD5_ASM -DRMD160_ASM -DAES_ASM -DVPAES_ASM -DWHIRLPOOL_ASM -DGHASH_ASM -I/opt/homebrew/opt/libxml2/include -I/opt/homebrew/opt/libxslt/include  -c -o pem_all.o pem_all.c
cc -I.. -I../.. -I../modes -I../asn1 -I../evp -I../../include  -fPIC -fno-common -DOPENSSL_PIC -DOPENSSL_THREADS -D_REENTRANT -DDSO_DLFCN -DHAVE_DLFCN_H -arch i386 -O3 -fomit-frame-pointer -DL_ENDIAN -DOPENSSL_BN_ASM_PART_WORDS -DOPENSSL_IA32_SSE2 -DOPENSSL_BN_ASM_MONT -DOPENSSL_BN_ASM_GF2m -DRC4_ASM -DSHA1_ASM -DSHA256_ASM -DSHA512_ASM -DMD5_ASM -DRMD160_ASM -DAES_ASM -DVPAES_ASM -DWHIRLPOOL_ASM -DGHASH_ASM -I/opt/homebrew/opt/libxml2/include -I/opt/homebrew/opt/libxslt/include  -c -o pem_err.o pem_err.c
cc -I.. -I../.. -I../modes -I../asn1 -I../evp -I../../include  -fPIC -fno-common -DOPENSSL_PIC -DOPENSSL_THREADS -D_REENTRANT -DDSO_DLFCN -DHAVE_DLFCN_H -arch i386 -O3 -fomit-frame-pointer -DL_ENDIAN -DOPENSSL_BN_ASM_PART_WORDS -DOPENSSL_IA32_SSE2 -DOPENSSL_BN_ASM_MONT -DOPENSSL_BN_ASM_GF2m -DRC4_ASM -DSHA1_ASM -DSHA256_ASM -DSHA512_ASM -DMD5_ASM -DRMD160_ASM -DAES_ASM -DVPAES_ASM -DWHIRLPOOL_ASM -DGHASH_ASM -I/opt/homebrew/opt/libxml2/include -I/opt/homebrew/opt/libxslt/include  -c -o pem_x509.o pem_x509.c
cc -I.. -I../.. -I../modes -I../asn1 -I../evp -I../../include  -fPIC -fno-common -DOPENSSL_PIC -DOPENSSL_THREADS -D_REENTRANT -DDSO_DLFCN -DHAVE_DLFCN_H -arch i386 -O3 -fomit-frame-pointer -DL_ENDIAN -DOPENSSL_BN_ASM_PART_WORDS -DOPENSSL_IA32_SSE2 -DOPENSSL_BN_ASM_MONT -DOPENSSL_BN_ASM_GF2m -DRC4_ASM -DSHA1_ASM -DSHA256_ASM -DSHA512_ASM -DMD5_ASM -DRMD160_ASM -DAES_ASM -DVPAES_ASM -DWHIRLPOOL_ASM -DGHASH_ASM -I/opt/homebrew/opt/libxml2/include -I/opt/homebrew/opt/libxslt/include  -c -o pem_xaux.o pem_xaux.c
cc -I.. -I../.. -I../modes -I../asn1 -I../evp -I../../include  -fPIC -fno-common -DOPENSSL_PIC -DOPENSSL_THREADS -D_REENTRANT -DDSO_DLFCN -DHAVE_DLFCN_H -arch i386 -O3 -fomit-frame-pointer -DL_ENDIAN -DOPENSSL_BN_ASM_PART_WORDS -DOPENSSL_IA32_SSE2 -DOPENSSL_BN_ASM_MONT -DOPENSSL_BN_ASM_GF2m -DRC4_ASM -DSHA1_ASM -DSHA256_ASM -DSHA512_ASM -DMD5_ASM -DRMD160_ASM -DAES_ASM -DVPAES_ASM -DWHIRLPOOL_ASM -DGHASH_ASM -I/opt/homebrew/opt/libxml2/include -I/opt/homebrew/opt/libxslt/include  -c -o pem_oth.o pem_oth.c
cc -I.. -I../.. -I../modes -I../asn1 -I../evp -I../../include  -fPIC -fno-common -DOPENSSL_PIC -DOPENSSL_THREADS -D_REENTRANT -DDSO_DLFCN -DHAVE_DLFCN_H -arch i386 -O3 -fomit-frame-pointer -DL_ENDIAN -DOPENSSL_BN_ASM_PART_WORDS -DOPENSSL_IA32_SSE2 -DOPENSSL_BN_ASM_MONT -DOPENSSL_BN_ASM_GF2m -DRC4_ASM -DSHA1_ASM -DSHA256_ASM -DSHA512_ASM -DMD5_ASM -DRMD160_ASM -DAES_ASM -DVPAES_ASM -DWHIRLPOOL_ASM -DGHASH_ASM -I/opt/homebrew/opt/libxml2/include -I/opt/homebrew/opt/libxslt/include  -c -o pem_pk8.o pem_pk8.c
cc -I.. -I../.. -I../modes -I../asn1 -I../evp -I../../include  -fPIC -fno-common -DOPENSSL_PIC -DOPENSSL_THREADS -D_REENTRANT -DDSO_DLFCN -DHAVE_DLFCN_H -arch i386 -O3 -fomit-frame-pointer -DL_ENDIAN -DOPENSSL_BN_ASM_PART_WORDS -DOPENSSL_IA32_SSE2 -DOPENSSL_BN_ASM_MONT -DOPENSSL_BN_ASM_GF2m -DRC4_ASM -DSHA1_ASM -DSHA256_ASM -DSHA512_ASM -DMD5_ASM -DRMD160_ASM -DAES_ASM -DVPAES_ASM -DWHIRLPOOL_ASM -DGHASH_ASM -I/opt/homebrew/opt/libxml2/include -I/opt/homebrew/opt/libxslt/include  -c -o pem_pkey.o pem_pkey.c
cc -I.. -I../.. -I../modes -I../asn1 -I../evp -I../../include  -fPIC -fno-common -DOPENSSL_PIC -DOPENSSL_THREADS -D_REENTRANT -DDSO_DLFCN -DHAVE_DLFCN_H -arch i386 -O3 -fomit-frame-pointer -DL_ENDIAN -DOPENSSL_BN_ASM_PART_WORDS -DOPENSSL_IA32_SSE2 -DOPENSSL_BN_ASM_MONT -DOPENSSL_BN_ASM_GF2m -DRC4_ASM -DSHA1_ASM -DSHA256_ASM -DSHA512_ASM -DMD5_ASM -DRMD160_ASM -DAES_ASM -DVPAES_ASM -DWHIRLPOOL_ASM -DGHASH_ASM -I/opt/homebrew/opt/libxml2/include -I/opt/homebrew/opt/libxslt/include  -c -o pvkfmt.o pvkfmt.c
ar  r ../../libcrypto.a pem_sign.o pem_seal.o pem_info.o pem_lib.o pem_all.o pem_err.o pem_x509.o pem_xaux.o pem_oth.o pem_pk8.o pem_pkey.o pvkfmt.o
/Library/Developer/CommandLineTools/usr/bin/ranlib: file: ../../libcrypto.a(ebcdic.o) has no symbols
/Library/Developer/CommandLineTools/usr/bin/ranlib: file: ../../libcrypto.a(fips_ers.o) has no symbols
/Library/Developer/CommandLineTools/usr/bin/ranlib: file: ../../libcrypto.a(ecp_nistp224.o) has no symbols
/Library/Developer/CommandLineTools/usr/bin/ranlib: file: ../../libcrypto.a(ecp_nistp256.o) has no symbols
/Library/Developer/CommandLineTools/usr/bin/ranlib: file: ../../libcrypto.a(ecp_nistp521.o) has no symbols
/Library/Developer/CommandLineTools/usr/bin/ranlib: file: ../../libcrypto.a(ecp_nistputil.o) has no symbols
/Library/Developer/CommandLineTools/usr/bin/ranlib: file: ../../libcrypto.a(rand_win.o) has no symbols
/Library/Developer/CommandLineTools/usr/bin/ranlib: file: ../../libcrypto.a(rand_os2.o) has no symbols
/Library/Developer/CommandLineTools/usr/bin/ranlib: file: ../../libcrypto.a(rand_nw.o) has no symbols
/Library/Developer/CommandLineTools/usr/bin/ranlib: file: ../../libcrypto.a(e_rc5.o) has no symbols
/Library/Developer/CommandLineTools/usr/bin/ranlib: file: ../../libcrypto.a(m_md2.o) has no symbols
/usr/bin/ranlib ../../libcrypto.a || echo Never mind.
/Library/Developer/CommandLineTools/usr/bin/ranlib: file: ../../libcrypto.a(ebcdic.o) has no symbols
/Library/Developer/CommandLineTools/usr/bin/ranlib: file: ../../libcrypto.a(fips_ers.o) has no symbols
/Library/Developer/CommandLineTools/usr/bin/ranlib: file: ../../libcrypto.a(ecp_nistp224.o) has no symbols
/Library/Developer/CommandLineTools/usr/bin/ranlib: file: ../../libcrypto.a(ecp_nistp256.o) has no symbols
/Library/Developer/CommandLineTools/usr/bin/ranlib: file: ../../libcrypto.a(ecp_nistp521.o) has no symbols
/Library/Developer/CommandLineTools/usr/bin/ranlib: file: ../../libcrypto.a(ecp_nistputil.o) has no symbols
/Library/Developer/CommandLineTools/usr/bin/ranlib: file: ../../libcrypto.a(rand_win.o) has no symbols
/Library/Developer/CommandLineTools/usr/bin/ranlib: file: ../../libcrypto.a(rand_os2.o) has no symbols
/Library/Developer/CommandLineTools/usr/bin/ranlib: file: ../../libcrypto.a(rand_nw.o) has no symbols
/Library/Developer/CommandLineTools/usr/bin/ranlib: file: ../../libcrypto.a(e_rc5.o) has no symbols
/Library/Developer/CommandLineTools/usr/bin/ranlib: file: ../../libcrypto.a(m_md2.o) has no symbols
making all in crypto/x509...
cc -I.. -I../.. -I../modes -I../asn1 -I../evp -I../../include  -fPIC -fno-common -DOPENSSL_PIC -DOPENSSL_THREADS -D_REENTRANT -DDSO_DLFCN -DHAVE_DLFCN_H -arch i386 -O3 -fomit-frame-pointer -DL_ENDIAN -DOPENSSL_BN_ASM_PART_WORDS -DOPENSSL_IA32_SSE2 -DOPENSSL_BN_ASM_MONT -DOPENSSL_BN_ASM_GF2m -DRC4_ASM -DSHA1_ASM -DSHA256_ASM -DSHA512_ASM -DMD5_ASM -DRMD160_ASM -DAES_ASM -DVPAES_ASM -DWHIRLPOOL_ASM -DGHASH_ASM -I/opt/homebrew/opt/libxml2/include -I/opt/homebrew/opt/libxslt/include  -c -o x509_def.o x509_def.c
cc -I.. -I../.. -I../modes -I../asn1 -I../evp -I../../include  -fPIC -fno-common -DOPENSSL_PIC -DOPENSSL_THREADS -D_REENTRANT -DDSO_DLFCN -DHAVE_DLFCN_H -arch i386 -O3 -fomit-frame-pointer -DL_ENDIAN -DOPENSSL_BN_ASM_PART_WORDS -DOPENSSL_IA32_SSE2 -DOPENSSL_BN_ASM_MONT -DOPENSSL_BN_ASM_GF2m -DRC4_ASM -DSHA1_ASM -DSHA256_ASM -DSHA512_ASM -DMD5_ASM -DRMD160_ASM -DAES_ASM -DVPAES_ASM -DWHIRLPOOL_ASM -DGHASH_ASM -I/opt/homebrew/opt/libxml2/include -I/opt/homebrew/opt/libxslt/include  -c -o x509_d2.o x509_d2.c
cc -I.. -I../.. -I../modes -I../asn1 -I../evp -I../../include  -fPIC -fno-common -DOPENSSL_PIC -DOPENSSL_THREADS -D_REENTRANT -DDSO_DLFCN -DHAVE_DLFCN_H -arch i386 -O3 -fomit-frame-pointer -DL_ENDIAN -DOPENSSL_BN_ASM_PART_WORDS -DOPENSSL_IA32_SSE2 -DOPENSSL_BN_ASM_MONT -DOPENSSL_BN_ASM_GF2m -DRC4_ASM -DSHA1_ASM -DSHA256_ASM -DSHA512_ASM -DMD5_ASM -DRMD160_ASM -DAES_ASM -DVPAES_ASM -DWHIRLPOOL_ASM -DGHASH_ASM -I/opt/homebrew/opt/libxml2/include -I/opt/homebrew/opt/libxslt/include  -c -o x509_r2x.o x509_r2x.c
cc -I.. -I../.. -I../modes -I../asn1 -I../evp -I../../include  -fPIC -fno-common -DOPENSSL_PIC -DOPENSSL_THREADS -D_REENTRANT -DDSO_DLFCN -DHAVE_DLFCN_H -arch i386 -O3 -fomit-frame-pointer -DL_ENDIAN -DOPENSSL_BN_ASM_PART_WORDS -DOPENSSL_IA32_SSE2 -DOPENSSL_BN_ASM_MONT -DOPENSSL_BN_ASM_GF2m -DRC4_ASM -DSHA1_ASM -DSHA256_ASM -DSHA512_ASM -DMD5_ASM -DRMD160_ASM -DAES_ASM -DVPAES_ASM -DWHIRLPOOL_ASM -DGHASH_ASM -I/opt/homebrew/opt/libxml2/include -I/opt/homebrew/opt/libxslt/include  -c -o x509_cmp.o x509_cmp.c
cc -I.. -I../.. -I../modes -I../asn1 -I../evp -I../../include  -fPIC -fno-common -DOPENSSL_PIC -DOPENSSL_THREADS -D_REENTRANT -DDSO_DLFCN -DHAVE_DLFCN_H -arch i386 -O3 -fomit-frame-pointer -DL_ENDIAN -DOPENSSL_BN_ASM_PART_WORDS -DOPENSSL_IA32_SSE2 -DOPENSSL_BN_ASM_MONT -DOPENSSL_BN_ASM_GF2m -DRC4_ASM -DSHA1_ASM -DSHA256_ASM -DSHA512_ASM -DMD5_ASM -DRMD160_ASM -DAES_ASM -DVPAES_ASM -DWHIRLPOOL_ASM -DGHASH_ASM -I/opt/homebrew/opt/libxml2/include -I/opt/homebrew/opt/libxslt/include  -c -o x509_obj.o x509_obj.c
cc -I.. -I../.. -I../modes -I../asn1 -I../evp -I../../include  -fPIC -fno-common -DOPENSSL_PIC -DOPENSSL_THREADS -D_REENTRANT -DDSO_DLFCN -DHAVE_DLFCN_H -arch i386 -O3 -fomit-frame-pointer -DL_ENDIAN -DOPENSSL_BN_ASM_PART_WORDS -DOPENSSL_IA32_SSE2 -DOPENSSL_BN_ASM_MONT -DOPENSSL_BN_ASM_GF2m -DRC4_ASM -DSHA1_ASM -DSHA256_ASM -DSHA512_ASM -DMD5_ASM -DRMD160_ASM -DAES_ASM -DVPAES_ASM -DWHIRLPOOL_ASM -DGHASH_ASM -I/opt/homebrew/opt/libxml2/include -I/opt/homebrew/opt/libxslt/include  -c -o x509_req.o x509_req.c
cc -I.. -I../.. -I../modes -I../asn1 -I../evp -I../../include  -fPIC -fno-common -DOPENSSL_PIC -DOPENSSL_THREADS -D_REENTRANT -DDSO_DLFCN -DHAVE_DLFCN_H -arch i386 -O3 -fomit-frame-pointer -DL_ENDIAN -DOPENSSL_BN_ASM_PART_WORDS -DOPENSSL_IA32_SSE2 -DOPENSSL_BN_ASM_MONT -DOPENSSL_BN_ASM_GF2m -DRC4_ASM -DSHA1_ASM -DSHA256_ASM -DSHA512_ASM -DMD5_ASM -DRMD160_ASM -DAES_ASM -DVPAES_ASM -DWHIRLPOOL_ASM -DGHASH_ASM -I/opt/homebrew/opt/libxml2/include -I/opt/homebrew/opt/libxslt/include  -c -o x509spki.o x509spki.c
cc -I.. -I../.. -I../modes -I../asn1 -I../evp -I../../include  -fPIC -fno-common -DOPENSSL_PIC -DOPENSSL_THREADS -D_REENTRANT -DDSO_DLFCN -DHAVE_DLFCN_H -arch i386 -O3 -fomit-frame-pointer -DL_ENDIAN -DOPENSSL_BN_ASM_PART_WORDS -DOPENSSL_IA32_SSE2 -DOPENSSL_BN_ASM_MONT -DOPENSSL_BN_ASM_GF2m -DRC4_ASM -DSHA1_ASM -DSHA256_ASM -DSHA512_ASM -DMD5_ASM -DRMD160_ASM -DAES_ASM -DVPAES_ASM -DWHIRLPOOL_ASM -DGHASH_ASM -I/opt/homebrew/opt/libxml2/include -I/opt/homebrew/opt/libxslt/include  -c -o x509_vfy.o x509_vfy.c
cc -I.. -I../.. -I../modes -I../asn1 -I../evp -I../../include  -fPIC -fno-common -DOPENSSL_PIC -DOPENSSL_THREADS -D_REENTRANT -DDSO_DLFCN -DHAVE_DLFCN_H -arch i386 -O3 -fomit-frame-pointer -DL_ENDIAN -DOPENSSL_BN_ASM_PART_WORDS -DOPENSSL_IA32_SSE2 -DOPENSSL_BN_ASM_MONT -DOPENSSL_BN_ASM_GF2m -DRC4_ASM -DSHA1_ASM -DSHA256_ASM -DSHA512_ASM -DMD5_ASM -DRMD160_ASM -DAES_ASM -DVPAES_ASM -DWHIRLPOOL_ASM -DGHASH_ASM -I/opt/homebrew/opt/libxml2/include -I/opt/homebrew/opt/libxslt/include  -c -o x509_set.o x509_set.c
cc -I.. -I../.. -I../modes -I../asn1 -I../evp -I../../include  -fPIC -fno-common -DOPENSSL_PIC -DOPENSSL_THREADS -D_REENTRANT -DDSO_DLFCN -DHAVE_DLFCN_H -arch i386 -O3 -fomit-frame-pointer -DL_ENDIAN -DOPENSSL_BN_ASM_PART_WORDS -DOPENSSL_IA32_SSE2 -DOPENSSL_BN_ASM_MONT -DOPENSSL_BN_ASM_GF2m -DRC4_ASM -DSHA1_ASM -DSHA256_ASM -DSHA512_ASM -DMD5_ASM -DRMD160_ASM -DAES_ASM -DVPAES_ASM -DWHIRLPOOL_ASM -DGHASH_ASM -I/opt/homebrew/opt/libxml2/include -I/opt/homebrew/opt/libxslt/include  -c -o x509cset.o x509cset.c
cc -I.. -I../.. -I../modes -I../asn1 -I../evp -I../../include  -fPIC -fno-common -DOPENSSL_PIC -DOPENSSL_THREADS -D_REENTRANT -DDSO_DLFCN -DHAVE_DLFCN_H -arch i386 -O3 -fomit-frame-pointer -DL_ENDIAN -DOPENSSL_BN_ASM_PART_WORDS -DOPENSSL_IA32_SSE2 -DOPENSSL_BN_ASM_MONT -DOPENSSL_BN_ASM_GF2m -DRC4_ASM -DSHA1_ASM -DSHA256_ASM -DSHA512_ASM -DMD5_ASM -DRMD160_ASM -DAES_ASM -DVPAES_ASM -DWHIRLPOOL_ASM -DGHASH_ASM -I/opt/homebrew/opt/libxml2/include -I/opt/homebrew/opt/libxslt/include  -c -o x509rset.o x509rset.c
cc -I.. -I../.. -I../modes -I../asn1 -I../evp -I../../include  -fPIC -fno-common -DOPENSSL_PIC -DOPENSSL_THREADS -D_REENTRANT -DDSO_DLFCN -DHAVE_DLFCN_H -arch i386 -O3 -fomit-frame-pointer -DL_ENDIAN -DOPENSSL_BN_ASM_PART_WORDS -DOPENSSL_IA32_SSE2 -DOPENSSL_BN_ASM_MONT -DOPENSSL_BN_ASM_GF2m -DRC4_ASM -DSHA1_ASM -DSHA256_ASM -DSHA512_ASM -DMD5_ASM -DRMD160_ASM -DAES_ASM -DVPAES_ASM -DWHIRLPOOL_ASM -DGHASH_ASM -I/opt/homebrew/opt/libxml2/include -I/opt/homebrew/opt/libxslt/include  -c -o x509_err.o x509_err.c
cc -I.. -I../.. -I../modes -I../asn1 -I../evp -I../../include  -fPIC -fno-common -DOPENSSL_PIC -DOPENSSL_THREADS -D_REENTRANT -DDSO_DLFCN -DHAVE_DLFCN_H -arch i386 -O3 -fomit-frame-pointer -DL_ENDIAN -DOPENSSL_BN_ASM_PART_WORDS -DOPENSSL_IA32_SSE2 -DOPENSSL_BN_ASM_MONT -DOPENSSL_BN_ASM_GF2m -DRC4_ASM -DSHA1_ASM -DSHA256_ASM -DSHA512_ASM -DMD5_ASM -DRMD160_ASM -DAES_ASM -DVPAES_ASM -DWHIRLPOOL_ASM -DGHASH_ASM -I/opt/homebrew/opt/libxml2/include -I/opt/homebrew/opt/libxslt/include  -c -o x509name.o x509name.c
cc -I.. -I../.. -I../modes -I../asn1 -I../evp -I../../include  -fPIC -fno-common -DOPENSSL_PIC -DOPENSSL_THREADS -D_REENTRANT -DDSO_DLFCN -DHAVE_DLFCN_H -arch i386 -O3 -fomit-frame-pointer -DL_ENDIAN -DOPENSSL_BN_ASM_PART_WORDS -DOPENSSL_IA32_SSE2 -DOPENSSL_BN_ASM_MONT -DOPENSSL_BN_ASM_GF2m -DRC4_ASM -DSHA1_ASM -DSHA256_ASM -DSHA512_ASM -DMD5_ASM -DRMD160_ASM -DAES_ASM -DVPAES_ASM -DWHIRLPOOL_ASM -DGHASH_ASM -I/opt/homebrew/opt/libxml2/include -I/opt/homebrew/opt/libxslt/include  -c -o x509_v3.o x509_v3.c
cc -I.. -I../.. -I../modes -I../asn1 -I../evp -I../../include  -fPIC -fno-common -DOPENSSL_PIC -DOPENSSL_THREADS -D_REENTRANT -DDSO_DLFCN -DHAVE_DLFCN_H -arch i386 -O3 -fomit-frame-pointer -DL_ENDIAN -DOPENSSL_BN_ASM_PART_WORDS -DOPENSSL_IA32_SSE2 -DOPENSSL_BN_ASM_MONT -DOPENSSL_BN_ASM_GF2m -DRC4_ASM -DSHA1_ASM -DSHA256_ASM -DSHA512_ASM -DMD5_ASM -DRMD160_ASM -DAES_ASM -DVPAES_ASM -DWHIRLPOOL_ASM -DGHASH_ASM -I/opt/homebrew/opt/libxml2/include -I/opt/homebrew/opt/libxslt/include  -c -o x509_ext.o x509_ext.c
cc -I.. -I../.. -I../modes -I../asn1 -I../evp -I../../include  -fPIC -fno-common -DOPENSSL_PIC -DOPENSSL_THREADS -D_REENTRANT -DDSO_DLFCN -DHAVE_DLFCN_H -arch i386 -O3 -fomit-frame-pointer -DL_ENDIAN -DOPENSSL_BN_ASM_PART_WORDS -DOPENSSL_IA32_SSE2 -DOPENSSL_BN_ASM_MONT -DOPENSSL_BN_ASM_GF2m -DRC4_ASM -DSHA1_ASM -DSHA256_ASM -DSHA512_ASM -DMD5_ASM -DRMD160_ASM -DAES_ASM -DVPAES_ASM -DWHIRLPOOL_ASM -DGHASH_ASM -I/opt/homebrew/opt/libxml2/include -I/opt/homebrew/opt/libxslt/include  -c -o x509_att.o x509_att.c
cc -I.. -I../.. -I../modes -I../asn1 -I../evp -I../../include  -fPIC -fno-common -DOPENSSL_PIC -DOPENSSL_THREADS -D_REENTRANT -DDSO_DLFCN -DHAVE_DLFCN_H -arch i386 -O3 -fomit-frame-pointer -DL_ENDIAN -DOPENSSL_BN_ASM_PART_WORDS -DOPENSSL_IA32_SSE2 -DOPENSSL_BN_ASM_MONT -DOPENSSL_BN_ASM_GF2m -DRC4_ASM -DSHA1_ASM -DSHA256_ASM -DSHA512_ASM -DMD5_ASM -DRMD160_ASM -DAES_ASM -DVPAES_ASM -DWHIRLPOOL_ASM -DGHASH_ASM -I/opt/homebrew/opt/libxml2/include -I/opt/homebrew/opt/libxslt/include  -c -o x509type.o x509type.c
cc -I.. -I../.. -I../modes -I../asn1 -I../evp -I../../include  -fPIC -fno-common -DOPENSSL_PIC -DOPENSSL_THREADS -D_REENTRANT -DDSO_DLFCN -DHAVE_DLFCN_H -arch i386 -O3 -fomit-frame-pointer -DL_ENDIAN -DOPENSSL_BN_ASM_PART_WORDS -DOPENSSL_IA32_SSE2 -DOPENSSL_BN_ASM_MONT -DOPENSSL_BN_ASM_GF2m -DRC4_ASM -DSHA1_ASM -DSHA256_ASM -DSHA512_ASM -DMD5_ASM -DRMD160_ASM -DAES_ASM -DVPAES_ASM -DWHIRLPOOL_ASM -DGHASH_ASM -I/opt/homebrew/opt/libxml2/include -I/opt/homebrew/opt/libxslt/include  -c -o x509_lu.o x509_lu.c
cc -I.. -I../.. -I../modes -I../asn1 -I../evp -I../../include  -fPIC -fno-common -DOPENSSL_PIC -DOPENSSL_THREADS -D_REENTRANT -DDSO_DLFCN -DHAVE_DLFCN_H -arch i386 -O3 -fomit-frame-pointer -DL_ENDIAN -DOPENSSL_BN_ASM_PART_WORDS -DOPENSSL_IA32_SSE2 -DOPENSSL_BN_ASM_MONT -DOPENSSL_BN_ASM_GF2m -DRC4_ASM -DSHA1_ASM -DSHA256_ASM -DSHA512_ASM -DMD5_ASM -DRMD160_ASM -DAES_ASM -DVPAES_ASM -DWHIRLPOOL_ASM -DGHASH_ASM -I/opt/homebrew/opt/libxml2/include -I/opt/homebrew/opt/libxslt/include  -c -o x_all.o x_all.c
cc -I.. -I../.. -I../modes -I../asn1 -I../evp -I../../include  -fPIC -fno-common -DOPENSSL_PIC -DOPENSSL_THREADS -D_REENTRANT -DDSO_DLFCN -DHAVE_DLFCN_H -arch i386 -O3 -fomit-frame-pointer -DL_ENDIAN -DOPENSSL_BN_ASM_PART_WORDS -DOPENSSL_IA32_SSE2 -DOPENSSL_BN_ASM_MONT -DOPENSSL_BN_ASM_GF2m -DRC4_ASM -DSHA1_ASM -DSHA256_ASM -DSHA512_ASM -DMD5_ASM -DRMD160_ASM -DAES_ASM -DVPAES_ASM -DWHIRLPOOL_ASM -DGHASH_ASM -I/opt/homebrew/opt/libxml2/include -I/opt/homebrew/opt/libxslt/include  -c -o x509_txt.o x509_txt.c
cc -I.. -I../.. -I../modes -I../asn1 -I../evp -I../../include  -fPIC -fno-common -DOPENSSL_PIC -DOPENSSL_THREADS -D_REENTRANT -DDSO_DLFCN -DHAVE_DLFCN_H -arch i386 -O3 -fomit-frame-pointer -DL_ENDIAN -DOPENSSL_BN_ASM_PART_WORDS -DOPENSSL_IA32_SSE2 -DOPENSSL_BN_ASM_MONT -DOPENSSL_BN_ASM_GF2m -DRC4_ASM -DSHA1_ASM -DSHA256_ASM -DSHA512_ASM -DMD5_ASM -DRMD160_ASM -DAES_ASM -DVPAES_ASM -DWHIRLPOOL_ASM -DGHASH_ASM -I/opt/homebrew/opt/libxml2/include -I/opt/homebrew/opt/libxslt/include  -c -o x509_trs.o x509_trs.c
cc -I.. -I../.. -I../modes -I../asn1 -I../evp -I../../include  -fPIC -fno-common -DOPENSSL_PIC -DOPENSSL_THREADS -D_REENTRANT -DDSO_DLFCN -DHAVE_DLFCN_H -arch i386 -O3 -fomit-frame-pointer -DL_ENDIAN -DOPENSSL_BN_ASM_PART_WORDS -DOPENSSL_IA32_SSE2 -DOPENSSL_BN_ASM_MONT -DOPENSSL_BN_ASM_GF2m -DRC4_ASM -DSHA1_ASM -DSHA256_ASM -DSHA512_ASM -DMD5_ASM -DRMD160_ASM -DAES_ASM -DVPAES_ASM -DWHIRLPOOL_ASM -DGHASH_ASM -I/opt/homebrew/opt/libxml2/include -I/opt/homebrew/opt/libxslt/include  -c -o by_file.o by_file.c
cc -I.. -I../.. -I../modes -I../asn1 -I../evp -I../../include  -fPIC -fno-common -DOPENSSL_PIC -DOPENSSL_THREADS -D_REENTRANT -DDSO_DLFCN -DHAVE_DLFCN_H -arch i386 -O3 -fomit-frame-pointer -DL_ENDIAN -DOPENSSL_BN_ASM_PART_WORDS -DOPENSSL_IA32_SSE2 -DOPENSSL_BN_ASM_MONT -DOPENSSL_BN_ASM_GF2m -DRC4_ASM -DSHA1_ASM -DSHA256_ASM -DSHA512_ASM -DMD5_ASM -DRMD160_ASM -DAES_ASM -DVPAES_ASM -DWHIRLPOOL_ASM -DGHASH_ASM -I/opt/homebrew/opt/libxml2/include -I/opt/homebrew/opt/libxslt/include  -c -o by_dir.o by_dir.c
cc -I.. -I../.. -I../modes -I../asn1 -I../evp -I../../include  -fPIC -fno-common -DOPENSSL_PIC -DOPENSSL_THREADS -D_REENTRANT -DDSO_DLFCN -DHAVE_DLFCN_H -arch i386 -O3 -fomit-frame-pointer -DL_ENDIAN -DOPENSSL_BN_ASM_PART_WORDS -DOPENSSL_IA32_SSE2 -DOPENSSL_BN_ASM_MONT -DOPENSSL_BN_ASM_GF2m -DRC4_ASM -DSHA1_ASM -DSHA256_ASM -DSHA512_ASM -DMD5_ASM -DRMD160_ASM -DAES_ASM -DVPAES_ASM -DWHIRLPOOL_ASM -DGHASH_ASM -I/opt/homebrew/opt/libxml2/include -I/opt/homebrew/opt/libxslt/include  -c -o x509_vpm.o x509_vpm.c
ar  r ../../libcrypto.a x509_def.o x509_d2.o x509_r2x.o x509_cmp.o x509_obj.o x509_req.o x509spki.o x509_vfy.o x509_set.o x509cset.o x509rset.o x509_err.o x509name.o x509_v3.o x509_ext.o x509_att.o x509type.o x509_lu.o x_all.o x509_txt.o x509_trs.o by_file.o by_dir.o x509_vpm.o
/Library/Developer/CommandLineTools/usr/bin/ranlib: file: ../../libcrypto.a(ebcdic.o) has no symbols
/Library/Developer/CommandLineTools/usr/bin/ranlib: file: ../../libcrypto.a(fips_ers.o) has no symbols
/Library/Developer/CommandLineTools/usr/bin/ranlib: file: ../../libcrypto.a(ecp_nistp224.o) has no symbols
/Library/Developer/CommandLineTools/usr/bin/ranlib: file: ../../libcrypto.a(ecp_nistp256.o) has no symbols
/Library/Developer/CommandLineTools/usr/bin/ranlib: file: ../../libcrypto.a(ecp_nistp521.o) has no symbols
/Library/Developer/CommandLineTools/usr/bin/ranlib: file: ../../libcrypto.a(ecp_nistputil.o) has no symbols
/Library/Developer/CommandLineTools/usr/bin/ranlib: file: ../../libcrypto.a(rand_win.o) has no symbols
/Library/Developer/CommandLineTools/usr/bin/ranlib: file: ../../libcrypto.a(rand_os2.o) has no symbols
/Library/Developer/CommandLineTools/usr/bin/ranlib: file: ../../libcrypto.a(rand_nw.o) has no symbols
/Library/Developer/CommandLineTools/usr/bin/ranlib: file: ../../libcrypto.a(e_rc5.o) has no symbols
/Library/Developer/CommandLineTools/usr/bin/ranlib: file: ../../libcrypto.a(m_md2.o) has no symbols
/usr/bin/ranlib ../../libcrypto.a || echo Never mind.
/Library/Developer/CommandLineTools/usr/bin/ranlib: file: ../../libcrypto.a(ebcdic.o) has no symbols
/Library/Developer/CommandLineTools/usr/bin/ranlib: file: ../../libcrypto.a(fips_ers.o) has no symbols
/Library/Developer/CommandLineTools/usr/bin/ranlib: file: ../../libcrypto.a(ecp_nistp224.o) has no symbols
/Library/Developer/CommandLineTools/usr/bin/ranlib: file: ../../libcrypto.a(ecp_nistp256.o) has no symbols
/Library/Developer/CommandLineTools/usr/bin/ranlib: file: ../../libcrypto.a(ecp_nistp521.o) has no symbols
/Library/Developer/CommandLineTools/usr/bin/ranlib: file: ../../libcrypto.a(ecp_nistputil.o) has no symbols
/Library/Developer/CommandLineTools/usr/bin/ranlib: file: ../../libcrypto.a(rand_win.o) has no symbols
/Library/Developer/CommandLineTools/usr/bin/ranlib: file: ../../libcrypto.a(rand_os2.o) has no symbols
/Library/Developer/CommandLineTools/usr/bin/ranlib: file: ../../libcrypto.a(rand_nw.o) has no symbols
/Library/Developer/CommandLineTools/usr/bin/ranlib: file: ../../libcrypto.a(e_rc5.o) has no symbols
/Library/Developer/CommandLineTools/usr/bin/ranlib: file: ../../libcrypto.a(m_md2.o) has no symbols
making all in crypto/x509v3...
cc -I.. -I../.. -I../modes -I../asn1 -I../evp -I../../include  -fPIC -fno-common -DOPENSSL_PIC -DOPENSSL_THREADS -D_REENTRANT -DDSO_DLFCN -DHAVE_DLFCN_H -arch i386 -O3 -fomit-frame-pointer -DL_ENDIAN -DOPENSSL_BN_ASM_PART_WORDS -DOPENSSL_IA32_SSE2 -DOPENSSL_BN_ASM_MONT -DOPENSSL_BN_ASM_GF2m -DRC4_ASM -DSHA1_ASM -DSHA256_ASM -DSHA512_ASM -DMD5_ASM -DRMD160_ASM -DAES_ASM -DVPAES_ASM -DWHIRLPOOL_ASM -DGHASH_ASM -I/opt/homebrew/opt/libxml2/include -I/opt/homebrew/opt/libxslt/include  -c -o v3_bcons.o v3_bcons.c
cc -I.. -I../.. -I../modes -I../asn1 -I../evp -I../../include  -fPIC -fno-common -DOPENSSL_PIC -DOPENSSL_THREADS -D_REENTRANT -DDSO_DLFCN -DHAVE_DLFCN_H -arch i386 -O3 -fomit-frame-pointer -DL_ENDIAN -DOPENSSL_BN_ASM_PART_WORDS -DOPENSSL_IA32_SSE2 -DOPENSSL_BN_ASM_MONT -DOPENSSL_BN_ASM_GF2m -DRC4_ASM -DSHA1_ASM -DSHA256_ASM -DSHA512_ASM -DMD5_ASM -DRMD160_ASM -DAES_ASM -DVPAES_ASM -DWHIRLPOOL_ASM -DGHASH_ASM -I/opt/homebrew/opt/libxml2/include -I/opt/homebrew/opt/libxslt/include  -c -o v3_bitst.o v3_bitst.c
cc -I.. -I../.. -I../modes -I../asn1 -I../evp -I../../include  -fPIC -fno-common -DOPENSSL_PIC -DOPENSSL_THREADS -D_REENTRANT -DDSO_DLFCN -DHAVE_DLFCN_H -arch i386 -O3 -fomit-frame-pointer -DL_ENDIAN -DOPENSSL_BN_ASM_PART_WORDS -DOPENSSL_IA32_SSE2 -DOPENSSL_BN_ASM_MONT -DOPENSSL_BN_ASM_GF2m -DRC4_ASM -DSHA1_ASM -DSHA256_ASM -DSHA512_ASM -DMD5_ASM -DRMD160_ASM -DAES_ASM -DVPAES_ASM -DWHIRLPOOL_ASM -DGHASH_ASM -I/opt/homebrew/opt/libxml2/include -I/opt/homebrew/opt/libxslt/include  -c -o v3_conf.o v3_conf.c
cc -I.. -I../.. -I../modes -I../asn1 -I../evp -I../../include  -fPIC -fno-common -DOPENSSL_PIC -DOPENSSL_THREADS -D_REENTRANT -DDSO_DLFCN -DHAVE_DLFCN_H -arch i386 -O3 -fomit-frame-pointer -DL_ENDIAN -DOPENSSL_BN_ASM_PART_WORDS -DOPENSSL_IA32_SSE2 -DOPENSSL_BN_ASM_MONT -DOPENSSL_BN_ASM_GF2m -DRC4_ASM -DSHA1_ASM -DSHA256_ASM -DSHA512_ASM -DMD5_ASM -DRMD160_ASM -DAES_ASM -DVPAES_ASM -DWHIRLPOOL_ASM -DGHASH_ASM -I/opt/homebrew/opt/libxml2/include -I/opt/homebrew/opt/libxslt/include  -c -o v3_extku.o v3_extku.c
cc -I.. -I../.. -I../modes -I../asn1 -I../evp -I../../include  -fPIC -fno-common -DOPENSSL_PIC -DOPENSSL_THREADS -D_REENTRANT -DDSO_DLFCN -DHAVE_DLFCN_H -arch i386 -O3 -fomit-frame-pointer -DL_ENDIAN -DOPENSSL_BN_ASM_PART_WORDS -DOPENSSL_IA32_SSE2 -DOPENSSL_BN_ASM_MONT -DOPENSSL_BN_ASM_GF2m -DRC4_ASM -DSHA1_ASM -DSHA256_ASM -DSHA512_ASM -DMD5_ASM -DRMD160_ASM -DAES_ASM -DVPAES_ASM -DWHIRLPOOL_ASM -DGHASH_ASM -I/opt/homebrew/opt/libxml2/include -I/opt/homebrew/opt/libxslt/include  -c -o v3_ia5.o v3_ia5.c
cc -I.. -I../.. -I../modes -I../asn1 -I../evp -I../../include  -fPIC -fno-common -DOPENSSL_PIC -DOPENSSL_THREADS -D_REENTRANT -DDSO_DLFCN -DHAVE_DLFCN_H -arch i386 -O3 -fomit-frame-pointer -DL_ENDIAN -DOPENSSL_BN_ASM_PART_WORDS -DOPENSSL_IA32_SSE2 -DOPENSSL_BN_ASM_MONT -DOPENSSL_BN_ASM_GF2m -DRC4_ASM -DSHA1_ASM -DSHA256_ASM -DSHA512_ASM -DMD5_ASM -DRMD160_ASM -DAES_ASM -DVPAES_ASM -DWHIRLPOOL_ASM -DGHASH_ASM -I/opt/homebrew/opt/libxml2/include -I/opt/homebrew/opt/libxslt/include  -c -o v3_lib.o v3_lib.c
cc -I.. -I../.. -I../modes -I../asn1 -I../evp -I../../include  -fPIC -fno-common -DOPENSSL_PIC -DOPENSSL_THREADS -D_REENTRANT -DDSO_DLFCN -DHAVE_DLFCN_H -arch i386 -O3 -fomit-frame-pointer -DL_ENDIAN -DOPENSSL_BN_ASM_PART_WORDS -DOPENSSL_IA32_SSE2 -DOPENSSL_BN_ASM_MONT -DOPENSSL_BN_ASM_GF2m -DRC4_ASM -DSHA1_ASM -DSHA256_ASM -DSHA512_ASM -DMD5_ASM -DRMD160_ASM -DAES_ASM -DVPAES_ASM -DWHIRLPOOL_ASM -DGHASH_ASM -I/opt/homebrew/opt/libxml2/include -I/opt/homebrew/opt/libxslt/include  -c -o v3_prn.o v3_prn.c
cc -I.. -I../.. -I../modes -I../asn1 -I../evp -I../../include  -fPIC -fno-common -DOPENSSL_PIC -DOPENSSL_THREADS -D_REENTRANT -DDSO_DLFCN -DHAVE_DLFCN_H -arch i386 -O3 -fomit-frame-pointer -DL_ENDIAN -DOPENSSL_BN_ASM_PART_WORDS -DOPENSSL_IA32_SSE2 -DOPENSSL_BN_ASM_MONT -DOPENSSL_BN_ASM_GF2m -DRC4_ASM -DSHA1_ASM -DSHA256_ASM -DSHA512_ASM -DMD5_ASM -DRMD160_ASM -DAES_ASM -DVPAES_ASM -DWHIRLPOOL_ASM -DGHASH_ASM -I/opt/homebrew/opt/libxml2/include -I/opt/homebrew/opt/libxslt/include  -c -o v3_utl.o v3_utl.c
cc -I.. -I../.. -I../modes -I../asn1 -I../evp -I../../include  -fPIC -fno-common -DOPENSSL_PIC -DOPENSSL_THREADS -D_REENTRANT -DDSO_DLFCN -DHAVE_DLFCN_H -arch i386 -O3 -fomit-frame-pointer -DL_ENDIAN -DOPENSSL_BN_ASM_PART_WORDS -DOPENSSL_IA32_SSE2 -DOPENSSL_BN_ASM_MONT -DOPENSSL_BN_ASM_GF2m -DRC4_ASM -DSHA1_ASM -DSHA256_ASM -DSHA512_ASM -DMD5_ASM -DRMD160_ASM -DAES_ASM -DVPAES_ASM -DWHIRLPOOL_ASM -DGHASH_ASM -I/opt/homebrew/opt/libxml2/include -I/opt/homebrew/opt/libxslt/include  -c -o v3err.o v3err.c
cc -I.. -I../.. -I../modes -I../asn1 -I../evp -I../../include  -fPIC -fno-common -DOPENSSL_PIC -DOPENSSL_THREADS -D_REENTRANT -DDSO_DLFCN -DHAVE_DLFCN_H -arch i386 -O3 -fomit-frame-pointer -DL_ENDIAN -DOPENSSL_BN_ASM_PART_WORDS -DOPENSSL_IA32_SSE2 -DOPENSSL_BN_ASM_MONT -DOPENSSL_BN_ASM_GF2m -DRC4_ASM -DSHA1_ASM -DSHA256_ASM -DSHA512_ASM -DMD5_ASM -DRMD160_ASM -DAES_ASM -DVPAES_ASM -DWHIRLPOOL_ASM -DGHASH_ASM -I/opt/homebrew/opt/libxml2/include -I/opt/homebrew/opt/libxslt/include  -c -o v3_genn.o v3_genn.c
cc -I.. -I../.. -I../modes -I../asn1 -I../evp -I../../include  -fPIC -fno-common -DOPENSSL_PIC -DOPENSSL_THREADS -D_REENTRANT -DDSO_DLFCN -DHAVE_DLFCN_H -arch i386 -O3 -fomit-frame-pointer -DL_ENDIAN -DOPENSSL_BN_ASM_PART_WORDS -DOPENSSL_IA32_SSE2 -DOPENSSL_BN_ASM_MONT -DOPENSSL_BN_ASM_GF2m -DRC4_ASM -DSHA1_ASM -DSHA256_ASM -DSHA512_ASM -DMD5_ASM -DRMD160_ASM -DAES_ASM -DVPAES_ASM -DWHIRLPOOL_ASM -DGHASH_ASM -I/opt/homebrew/opt/libxml2/include -I/opt/homebrew/opt/libxslt/include  -c -o v3_alt.o v3_alt.c
cc -I.. -I../.. -I../modes -I../asn1 -I../evp -I../../include  -fPIC -fno-common -DOPENSSL_PIC -DOPENSSL_THREADS -D_REENTRANT -DDSO_DLFCN -DHAVE_DLFCN_H -arch i386 -O3 -fomit-frame-pointer -DL_ENDIAN -DOPENSSL_BN_ASM_PART_WORDS -DOPENSSL_IA32_SSE2 -DOPENSSL_BN_ASM_MONT -DOPENSSL_BN_ASM_GF2m -DRC4_ASM -DSHA1_ASM -DSHA256_ASM -DSHA512_ASM -DMD5_ASM -DRMD160_ASM -DAES_ASM -DVPAES_ASM -DWHIRLPOOL_ASM -DGHASH_ASM -I/opt/homebrew/opt/libxml2/include -I/opt/homebrew/opt/libxslt/include  -c -o v3_skey.o v3_skey.c
cc -I.. -I../.. -I../modes -I../asn1 -I../evp -I../../include  -fPIC -fno-common -DOPENSSL_PIC -DOPENSSL_THREADS -D_REENTRANT -DDSO_DLFCN -DHAVE_DLFCN_H -arch i386 -O3 -fomit-frame-pointer -DL_ENDIAN -DOPENSSL_BN_ASM_PART_WORDS -DOPENSSL_IA32_SSE2 -DOPENSSL_BN_ASM_MONT -DOPENSSL_BN_ASM_GF2m -DRC4_ASM -DSHA1_ASM -DSHA256_ASM -DSHA512_ASM -DMD5_ASM -DRMD160_ASM -DAES_ASM -DVPAES_ASM -DWHIRLPOOL_ASM -DGHASH_ASM -I/opt/homebrew/opt/libxml2/include -I/opt/homebrew/opt/libxslt/include  -c -o v3_akey.o v3_akey.c
cc -I.. -I../.. -I../modes -I../asn1 -I../evp -I../../include  -fPIC -fno-common -DOPENSSL_PIC -DOPENSSL_THREADS -D_REENTRANT -DDSO_DLFCN -DHAVE_DLFCN_H -arch i386 -O3 -fomit-frame-pointer -DL_ENDIAN -DOPENSSL_BN_ASM_PART_WORDS -DOPENSSL_IA32_SSE2 -DOPENSSL_BN_ASM_MONT -DOPENSSL_BN_ASM_GF2m -DRC4_ASM -DSHA1_ASM -DSHA256_ASM -DSHA512_ASM -DMD5_ASM -DRMD160_ASM -DAES_ASM -DVPAES_ASM -DWHIRLPOOL_ASM -DGHASH_ASM -I/opt/homebrew/opt/libxml2/include -I/opt/homebrew/opt/libxslt/include  -c -o v3_pku.o v3_pku.c
cc -I.. -I../.. -I../modes -I../asn1 -I../evp -I../../include  -fPIC -fno-common -DOPENSSL_PIC -DOPENSSL_THREADS -D_REENTRANT -DDSO_DLFCN -DHAVE_DLFCN_H -arch i386 -O3 -fomit-frame-pointer -DL_ENDIAN -DOPENSSL_BN_ASM_PART_WORDS -DOPENSSL_IA32_SSE2 -DOPENSSL_BN_ASM_MONT -DOPENSSL_BN_ASM_GF2m -DRC4_ASM -DSHA1_ASM -DSHA256_ASM -DSHA512_ASM -DMD5_ASM -DRMD160_ASM -DAES_ASM -DVPAES_ASM -DWHIRLPOOL_ASM -DGHASH_ASM -I/opt/homebrew/opt/libxml2/include -I/opt/homebrew/opt/libxslt/include  -c -o v3_int.o v3_int.c
cc -I.. -I../.. -I../modes -I../asn1 -I../evp -I../../include  -fPIC -fno-common -DOPENSSL_PIC -DOPENSSL_THREADS -D_REENTRANT -DDSO_DLFCN -DHAVE_DLFCN_H -arch i386 -O3 -fomit-frame-pointer -DL_ENDIAN -DOPENSSL_BN_ASM_PART_WORDS -DOPENSSL_IA32_SSE2 -DOPENSSL_BN_ASM_MONT -DOPENSSL_BN_ASM_GF2m -DRC4_ASM -DSHA1_ASM -DSHA256_ASM -DSHA512_ASM -DMD5_ASM -DRMD160_ASM -DAES_ASM -DVPAES_ASM -DWHIRLPOOL_ASM -DGHASH_ASM -I/opt/homebrew/opt/libxml2/include -I/opt/homebrew/opt/libxslt/include  -c -o v3_enum.o v3_enum.c
cc -I.. -I../.. -I../modes -I../asn1 -I../evp -I../../include  -fPIC -fno-common -DOPENSSL_PIC -DOPENSSL_THREADS -D_REENTRANT -DDSO_DLFCN -DHAVE_DLFCN_H -arch i386 -O3 -fomit-frame-pointer -DL_ENDIAN -DOPENSSL_BN_ASM_PART_WORDS -DOPENSSL_IA32_SSE2 -DOPENSSL_BN_ASM_MONT -DOPENSSL_BN_ASM_GF2m -DRC4_ASM -DSHA1_ASM -DSHA256_ASM -DSHA512_ASM -DMD5_ASM -DRMD160_ASM -DAES_ASM -DVPAES_ASM -DWHIRLPOOL_ASM -DGHASH_ASM -I/opt/homebrew/opt/libxml2/include -I/opt/homebrew/opt/libxslt/include  -c -o v3_sxnet.o v3_sxnet.c
cc -I.. -I../.. -I../modes -I../asn1 -I../evp -I../../include  -fPIC -fno-common -DOPENSSL_PIC -DOPENSSL_THREADS -D_REENTRANT -DDSO_DLFCN -DHAVE_DLFCN_H -arch i386 -O3 -fomit-frame-pointer -DL_ENDIAN -DOPENSSL_BN_ASM_PART_WORDS -DOPENSSL_IA32_SSE2 -DOPENSSL_BN_ASM_MONT -DOPENSSL_BN_ASM_GF2m -DRC4_ASM -DSHA1_ASM -DSHA256_ASM -DSHA512_ASM -DMD5_ASM -DRMD160_ASM -DAES_ASM -DVPAES_ASM -DWHIRLPOOL_ASM -DGHASH_ASM -I/opt/homebrew/opt/libxml2/include -I/opt/homebrew/opt/libxslt/include  -c -o v3_cpols.o v3_cpols.c
cc -I.. -I../.. -I../modes -I../asn1 -I../evp -I../../include  -fPIC -fno-common -DOPENSSL_PIC -DOPENSSL_THREADS -D_REENTRANT -DDSO_DLFCN -DHAVE_DLFCN_H -arch i386 -O3 -fomit-frame-pointer -DL_ENDIAN -DOPENSSL_BN_ASM_PART_WORDS -DOPENSSL_IA32_SSE2 -DOPENSSL_BN_ASM_MONT -DOPENSSL_BN_ASM_GF2m -DRC4_ASM -DSHA1_ASM -DSHA256_ASM -DSHA512_ASM -DMD5_ASM -DRMD160_ASM -DAES_ASM -DVPAES_ASM -DWHIRLPOOL_ASM -DGHASH_ASM -I/opt/homebrew/opt/libxml2/include -I/opt/homebrew/opt/libxslt/include  -c -o v3_crld.o v3_crld.c
cc -I.. -I../.. -I../modes -I../asn1 -I../evp -I../../include  -fPIC -fno-common -DOPENSSL_PIC -DOPENSSL_THREADS -D_REENTRANT -DDSO_DLFCN -DHAVE_DLFCN_H -arch i386 -O3 -fomit-frame-pointer -DL_ENDIAN -DOPENSSL_BN_ASM_PART_WORDS -DOPENSSL_IA32_SSE2 -DOPENSSL_BN_ASM_MONT -DOPENSSL_BN_ASM_GF2m -DRC4_ASM -DSHA1_ASM -DSHA256_ASM -DSHA512_ASM -DMD5_ASM -DRMD160_ASM -DAES_ASM -DVPAES_ASM -DWHIRLPOOL_ASM -DGHASH_ASM -I/opt/homebrew/opt/libxml2/include -I/opt/homebrew/opt/libxslt/include  -c -o v3_purp.o v3_purp.c
cc -I.. -I../.. -I../modes -I../asn1 -I../evp -I../../include  -fPIC -fno-common -DOPENSSL_PIC -DOPENSSL_THREADS -D_REENTRANT -DDSO_DLFCN -DHAVE_DLFCN_H -arch i386 -O3 -fomit-frame-pointer -DL_ENDIAN -DOPENSSL_BN_ASM_PART_WORDS -DOPENSSL_IA32_SSE2 -DOPENSSL_BN_ASM_MONT -DOPENSSL_BN_ASM_GF2m -DRC4_ASM -DSHA1_ASM -DSHA256_ASM -DSHA512_ASM -DMD5_ASM -DRMD160_ASM -DAES_ASM -DVPAES_ASM -DWHIRLPOOL_ASM -DGHASH_ASM -I/opt/homebrew/opt/libxml2/include -I/opt/homebrew/opt/libxslt/include  -c -o v3_info.o v3_info.c
cc -I.. -I../.. -I../modes -I../asn1 -I../evp -I../../include  -fPIC -fno-common -DOPENSSL_PIC -DOPENSSL_THREADS -D_REENTRANT -DDSO_DLFCN -DHAVE_DLFCN_H -arch i386 -O3 -fomit-frame-pointer -DL_ENDIAN -DOPENSSL_BN_ASM_PART_WORDS -DOPENSSL_IA32_SSE2 -DOPENSSL_BN_ASM_MONT -DOPENSSL_BN_ASM_GF2m -DRC4_ASM -DSHA1_ASM -DSHA256_ASM -DSHA512_ASM -DMD5_ASM -DRMD160_ASM -DAES_ASM -DVPAES_ASM -DWHIRLPOOL_ASM -DGHASH_ASM -I/opt/homebrew/opt/libxml2/include -I/opt/homebrew/opt/libxslt/include  -c -o v3_ocsp.o v3_ocsp.c
cc -I.. -I../.. -I../modes -I../asn1 -I../evp -I../../include  -fPIC -fno-common -DOPENSSL_PIC -DOPENSSL_THREADS -D_REENTRANT -DDSO_DLFCN -DHAVE_DLFCN_H -arch i386 -O3 -fomit-frame-pointer -DL_ENDIAN -DOPENSSL_BN_ASM_PART_WORDS -DOPENSSL_IA32_SSE2 -DOPENSSL_BN_ASM_MONT -DOPENSSL_BN_ASM_GF2m -DRC4_ASM -DSHA1_ASM -DSHA256_ASM -DSHA512_ASM -DMD5_ASM -DRMD160_ASM -DAES_ASM -DVPAES_ASM -DWHIRLPOOL_ASM -DGHASH_ASM -I/opt/homebrew/opt/libxml2/include -I/opt/homebrew/opt/libxslt/include  -c -o v3_akeya.o v3_akeya.c
cc -I.. -I../.. -I../modes -I../asn1 -I../evp -I../../include  -fPIC -fno-common -DOPENSSL_PIC -DOPENSSL_THREADS -D_REENTRANT -DDSO_DLFCN -DHAVE_DLFCN_H -arch i386 -O3 -fomit-frame-pointer -DL_ENDIAN -DOPENSSL_BN_ASM_PART_WORDS -DOPENSSL_IA32_SSE2 -DOPENSSL_BN_ASM_MONT -DOPENSSL_BN_ASM_GF2m -DRC4_ASM -DSHA1_ASM -DSHA256_ASM -DSHA512_ASM -DMD5_ASM -DRMD160_ASM -DAES_ASM -DVPAES_ASM -DWHIRLPOOL_ASM -DGHASH_ASM -I/opt/homebrew/opt/libxml2/include -I/opt/homebrew/opt/libxslt/include  -c -o v3_pmaps.o v3_pmaps.c
cc -I.. -I../.. -I../modes -I../asn1 -I../evp -I../../include  -fPIC -fno-common -DOPENSSL_PIC -DOPENSSL_THREADS -D_REENTRANT -DDSO_DLFCN -DHAVE_DLFCN_H -arch i386 -O3 -fomit-frame-pointer -DL_ENDIAN -DOPENSSL_BN_ASM_PART_WORDS -DOPENSSL_IA32_SSE2 -DOPENSSL_BN_ASM_MONT -DOPENSSL_BN_ASM_GF2m -DRC4_ASM -DSHA1_ASM -DSHA256_ASM -DSHA512_ASM -DMD5_ASM -DRMD160_ASM -DAES_ASM -DVPAES_ASM -DWHIRLPOOL_ASM -DGHASH_ASM -I/opt/homebrew/opt/libxml2/include -I/opt/homebrew/opt/libxslt/include  -c -o v3_pcons.o v3_pcons.c
cc -I.. -I../.. -I../modes -I../asn1 -I../evp -I../../include  -fPIC -fno-common -DOPENSSL_PIC -DOPENSSL_THREADS -D_REENTRANT -DDSO_DLFCN -DHAVE_DLFCN_H -arch i386 -O3 -fomit-frame-pointer -DL_ENDIAN -DOPENSSL_BN_ASM_PART_WORDS -DOPENSSL_IA32_SSE2 -DOPENSSL_BN_ASM_MONT -DOPENSSL_BN_ASM_GF2m -DRC4_ASM -DSHA1_ASM -DSHA256_ASM -DSHA512_ASM -DMD5_ASM -DRMD160_ASM -DAES_ASM -DVPAES_ASM -DWHIRLPOOL_ASM -DGHASH_ASM -I/opt/homebrew/opt/libxml2/include -I/opt/homebrew/opt/libxslt/include  -c -o v3_ncons.o v3_ncons.c
cc -I.. -I../.. -I../modes -I../asn1 -I../evp -I../../include  -fPIC -fno-common -DOPENSSL_PIC -DOPENSSL_THREADS -D_REENTRANT -DDSO_DLFCN -DHAVE_DLFCN_H -arch i386 -O3 -fomit-frame-pointer -DL_ENDIAN -DOPENSSL_BN_ASM_PART_WORDS -DOPENSSL_IA32_SSE2 -DOPENSSL_BN_ASM_MONT -DOPENSSL_BN_ASM_GF2m -DRC4_ASM -DSHA1_ASM -DSHA256_ASM -DSHA512_ASM -DMD5_ASM -DRMD160_ASM -DAES_ASM -DVPAES_ASM -DWHIRLPOOL_ASM -DGHASH_ASM -I/opt/homebrew/opt/libxml2/include -I/opt/homebrew/opt/libxslt/include  -c -o v3_pcia.o v3_pcia.c
cc -I.. -I../.. -I../modes -I../asn1 -I../evp -I../../include  -fPIC -fno-common -DOPENSSL_PIC -DOPENSSL_THREADS -D_REENTRANT -DDSO_DLFCN -DHAVE_DLFCN_H -arch i386 -O3 -fomit-frame-pointer -DL_ENDIAN -DOPENSSL_BN_ASM_PART_WORDS -DOPENSSL_IA32_SSE2 -DOPENSSL_BN_ASM_MONT -DOPENSSL_BN_ASM_GF2m -DRC4_ASM -DSHA1_ASM -DSHA256_ASM -DSHA512_ASM -DMD5_ASM -DRMD160_ASM -DAES_ASM -DVPAES_ASM -DWHIRLPOOL_ASM -DGHASH_ASM -I/opt/homebrew/opt/libxml2/include -I/opt/homebrew/opt/libxslt/include  -c -o v3_pci.o v3_pci.c
cc -I.. -I../.. -I../modes -I../asn1 -I../evp -I../../include  -fPIC -fno-common -DOPENSSL_PIC -DOPENSSL_THREADS -D_REENTRANT -DDSO_DLFCN -DHAVE_DLFCN_H -arch i386 -O3 -fomit-frame-pointer -DL_ENDIAN -DOPENSSL_BN_ASM_PART_WORDS -DOPENSSL_IA32_SSE2 -DOPENSSL_BN_ASM_MONT -DOPENSSL_BN_ASM_GF2m -DRC4_ASM -DSHA1_ASM -DSHA256_ASM -DSHA512_ASM -DMD5_ASM -DRMD160_ASM -DAES_ASM -DVPAES_ASM -DWHIRLPOOL_ASM -DGHASH_ASM -I/opt/homebrew/opt/libxml2/include -I/opt/homebrew/opt/libxslt/include  -c -o pcy_cache.o pcy_cache.c
cc -I.. -I../.. -I../modes -I../asn1 -I../evp -I../../include  -fPIC -fno-common -DOPENSSL_PIC -DOPENSSL_THREADS -D_REENTRANT -DDSO_DLFCN -DHAVE_DLFCN_H -arch i386 -O3 -fomit-frame-pointer -DL_ENDIAN -DOPENSSL_BN_ASM_PART_WORDS -DOPENSSL_IA32_SSE2 -DOPENSSL_BN_ASM_MONT -DOPENSSL_BN_ASM_GF2m -DRC4_ASM -DSHA1_ASM -DSHA256_ASM -DSHA512_ASM -DMD5_ASM -DRMD160_ASM -DAES_ASM -DVPAES_ASM -DWHIRLPOOL_ASM -DGHASH_ASM -I/opt/homebrew/opt/libxml2/include -I/opt/homebrew/opt/libxslt/include  -c -o pcy_node.o pcy_node.c
cc -I.. -I../.. -I../modes -I../asn1 -I../evp -I../../include  -fPIC -fno-common -DOPENSSL_PIC -DOPENSSL_THREADS -D_REENTRANT -DDSO_DLFCN -DHAVE_DLFCN_H -arch i386 -O3 -fomit-frame-pointer -DL_ENDIAN -DOPENSSL_BN_ASM_PART_WORDS -DOPENSSL_IA32_SSE2 -DOPENSSL_BN_ASM_MONT -DOPENSSL_BN_ASM_GF2m -DRC4_ASM -DSHA1_ASM -DSHA256_ASM -DSHA512_ASM -DMD5_ASM -DRMD160_ASM -DAES_ASM -DVPAES_ASM -DWHIRLPOOL_ASM -DGHASH_ASM -I/opt/homebrew/opt/libxml2/include -I/opt/homebrew/opt/libxslt/include  -c -o pcy_data.o pcy_data.c
cc -I.. -I../.. -I../modes -I../asn1 -I../evp -I../../include  -fPIC -fno-common -DOPENSSL_PIC -DOPENSSL_THREADS -D_REENTRANT -DDSO_DLFCN -DHAVE_DLFCN_H -arch i386 -O3 -fomit-frame-pointer -DL_ENDIAN -DOPENSSL_BN_ASM_PART_WORDS -DOPENSSL_IA32_SSE2 -DOPENSSL_BN_ASM_MONT -DOPENSSL_BN_ASM_GF2m -DRC4_ASM -DSHA1_ASM -DSHA256_ASM -DSHA512_ASM -DMD5_ASM -DRMD160_ASM -DAES_ASM -DVPAES_ASM -DWHIRLPOOL_ASM -DGHASH_ASM -I/opt/homebrew/opt/libxml2/include -I/opt/homebrew/opt/libxslt/include  -c -o pcy_map.o pcy_map.c
cc -I.. -I../.. -I../modes -I../asn1 -I../evp -I../../include  -fPIC -fno-common -DOPENSSL_PIC -DOPENSSL_THREADS -D_REENTRANT -DDSO_DLFCN -DHAVE_DLFCN_H -arch i386 -O3 -fomit-frame-pointer -DL_ENDIAN -DOPENSSL_BN_ASM_PART_WORDS -DOPENSSL_IA32_SSE2 -DOPENSSL_BN_ASM_MONT -DOPENSSL_BN_ASM_GF2m -DRC4_ASM -DSHA1_ASM -DSHA256_ASM -DSHA512_ASM -DMD5_ASM -DRMD160_ASM -DAES_ASM -DVPAES_ASM -DWHIRLPOOL_ASM -DGHASH_ASM -I/opt/homebrew/opt/libxml2/include -I/opt/homebrew/opt/libxslt/include  -c -o pcy_tree.o pcy_tree.c
cc -I.. -I../.. -I../modes -I../asn1 -I../evp -I../../include  -fPIC -fno-common -DOPENSSL_PIC -DOPENSSL_THREADS -D_REENTRANT -DDSO_DLFCN -DHAVE_DLFCN_H -arch i386 -O3 -fomit-frame-pointer -DL_ENDIAN -DOPENSSL_BN_ASM_PART_WORDS -DOPENSSL_IA32_SSE2 -DOPENSSL_BN_ASM_MONT -DOPENSSL_BN_ASM_GF2m -DRC4_ASM -DSHA1_ASM -DSHA256_ASM -DSHA512_ASM -DMD5_ASM -DRMD160_ASM -DAES_ASM -DVPAES_ASM -DWHIRLPOOL_ASM -DGHASH_ASM -I/opt/homebrew/opt/libxml2/include -I/opt/homebrew/opt/libxslt/include  -c -o pcy_lib.o pcy_lib.c
cc -I.. -I../.. -I../modes -I../asn1 -I../evp -I../../include  -fPIC -fno-common -DOPENSSL_PIC -DOPENSSL_THREADS -D_REENTRANT -DDSO_DLFCN -DHAVE_DLFCN_H -arch i386 -O3 -fomit-frame-pointer -DL_ENDIAN -DOPENSSL_BN_ASM_PART_WORDS -DOPENSSL_IA32_SSE2 -DOPENSSL_BN_ASM_MONT -DOPENSSL_BN_ASM_GF2m -DRC4_ASM -DSHA1_ASM -DSHA256_ASM -DSHA512_ASM -DMD5_ASM -DRMD160_ASM -DAES_ASM -DVPAES_ASM -DWHIRLPOOL_ASM -DGHASH_ASM -I/opt/homebrew/opt/libxml2/include -I/opt/homebrew/opt/libxslt/include  -c -o v3_asid.o v3_asid.c
cc -I.. -I../.. -I../modes -I../asn1 -I../evp -I../../include  -fPIC -fno-common -DOPENSSL_PIC -DOPENSSL_THREADS -D_REENTRANT -DDSO_DLFCN -DHAVE_DLFCN_H -arch i386 -O3 -fomit-frame-pointer -DL_ENDIAN -DOPENSSL_BN_ASM_PART_WORDS -DOPENSSL_IA32_SSE2 -DOPENSSL_BN_ASM_MONT -DOPENSSL_BN_ASM_GF2m -DRC4_ASM -DSHA1_ASM -DSHA256_ASM -DSHA512_ASM -DMD5_ASM -DRMD160_ASM -DAES_ASM -DVPAES_ASM -DWHIRLPOOL_ASM -DGHASH_ASM -I/opt/homebrew/opt/libxml2/include -I/opt/homebrew/opt/libxslt/include  -c -o v3_addr.o v3_addr.c
cc -I.. -I../.. -I../modes -I../asn1 -I../evp -I../../include  -fPIC -fno-common -DOPENSSL_PIC -DOPENSSL_THREADS -D_REENTRANT -DDSO_DLFCN -DHAVE_DLFCN_H -arch i386 -O3 -fomit-frame-pointer -DL_ENDIAN -DOPENSSL_BN_ASM_PART_WORDS -DOPENSSL_IA32_SSE2 -DOPENSSL_BN_ASM_MONT -DOPENSSL_BN_ASM_GF2m -DRC4_ASM -DSHA1_ASM -DSHA256_ASM -DSHA512_ASM -DMD5_ASM -DRMD160_ASM -DAES_ASM -DVPAES_ASM -DWHIRLPOOL_ASM -DGHASH_ASM -I/opt/homebrew/opt/libxml2/include -I/opt/homebrew/opt/libxslt/include  -c -o v3_scts.o v3_scts.c
ar  r ../../libcrypto.a v3_bcons.o v3_bitst.o v3_conf.o v3_extku.o v3_ia5.o v3_lib.o v3_prn.o v3_utl.o v3err.o v3_genn.o v3_alt.o v3_skey.o v3_akey.o v3_pku.o v3_int.o v3_enum.o v3_sxnet.o v3_cpols.o v3_crld.o v3_purp.o v3_info.o v3_ocsp.o v3_akeya.o v3_pmaps.o v3_pcons.o v3_ncons.o v3_pcia.o v3_pci.o pcy_cache.o pcy_node.o pcy_data.o pcy_map.o pcy_tree.o pcy_lib.o v3_asid.o v3_addr.o v3_scts.o
/Library/Developer/CommandLineTools/usr/bin/ranlib: file: ../../libcrypto.a(ebcdic.o) has no symbols
/Library/Developer/CommandLineTools/usr/bin/ranlib: file: ../../libcrypto.a(fips_ers.o) has no symbols
/Library/Developer/CommandLineTools/usr/bin/ranlib: file: ../../libcrypto.a(ecp_nistp224.o) has no symbols
/Library/Developer/CommandLineTools/usr/bin/ranlib: file: ../../libcrypto.a(ecp_nistp256.o) has no symbols
/Library/Developer/CommandLineTools/usr/bin/ranlib: file: ../../libcrypto.a(ecp_nistp521.o) has no symbols
/Library/Developer/CommandLineTools/usr/bin/ranlib: file: ../../libcrypto.a(ecp_nistputil.o) has no symbols
/Library/Developer/CommandLineTools/usr/bin/ranlib: file: ../../libcrypto.a(rand_win.o) has no symbols
/Library/Developer/CommandLineTools/usr/bin/ranlib: file: ../../libcrypto.a(rand_os2.o) has no symbols
/Library/Developer/CommandLineTools/usr/bin/ranlib: file: ../../libcrypto.a(rand_nw.o) has no symbols
/Library/Developer/CommandLineTools/usr/bin/ranlib: file: ../../libcrypto.a(e_rc5.o) has no symbols
/Library/Developer/CommandLineTools/usr/bin/ranlib: file: ../../libcrypto.a(m_md2.o) has no symbols
/Library/Developer/CommandLineTools/usr/bin/ranlib: file: ../../libcrypto.a(v3_asid.o) has no symbols
/Library/Developer/CommandLineTools/usr/bin/ranlib: file: ../../libcrypto.a(v3_addr.o) has no symbols
/usr/bin/ranlib ../../libcrypto.a || echo Never mind.
/Library/Developer/CommandLineTools/usr/bin/ranlib: file: ../../libcrypto.a(ebcdic.o) has no symbols
/Library/Developer/CommandLineTools/usr/bin/ranlib: file: ../../libcrypto.a(fips_ers.o) has no symbols
/Library/Developer/CommandLineTools/usr/bin/ranlib: file: ../../libcrypto.a(ecp_nistp224.o) has no symbols
/Library/Developer/CommandLineTools/usr/bin/ranlib: file: ../../libcrypto.a(ecp_nistp256.o) has no symbols
/Library/Developer/CommandLineTools/usr/bin/ranlib: file: ../../libcrypto.a(ecp_nistp521.o) has no symbols
/Library/Developer/CommandLineTools/usr/bin/ranlib: file: ../../libcrypto.a(ecp_nistputil.o) has no symbols
/Library/Developer/CommandLineTools/usr/bin/ranlib: file: ../../libcrypto.a(rand_win.o) has no symbols
/Library/Developer/CommandLineTools/usr/bin/ranlib: file: ../../libcrypto.a(rand_os2.o) has no symbols
/Library/Developer/CommandLineTools/usr/bin/ranlib: file: ../../libcrypto.a(rand_nw.o) has no symbols
/Library/Developer/CommandLineTools/usr/bin/ranlib: file: ../../libcrypto.a(e_rc5.o) has no symbols
/Library/Developer/CommandLineTools/usr/bin/ranlib: file: ../../libcrypto.a(m_md2.o) has no symbols
/Library/Developer/CommandLineTools/usr/bin/ranlib: file: ../../libcrypto.a(v3_asid.o) has no symbols
/Library/Developer/CommandLineTools/usr/bin/ranlib: file: ../../libcrypto.a(v3_addr.o) has no symbols
making all in crypto/conf...
cc -I.. -I../.. -I../modes -I../asn1 -I../evp -I../../include  -fPIC -fno-common -DOPENSSL_PIC -DOPENSSL_THREADS -D_REENTRANT -DDSO_DLFCN -DHAVE_DLFCN_H -arch i386 -O3 -fomit-frame-pointer -DL_ENDIAN -DOPENSSL_BN_ASM_PART_WORDS -DOPENSSL_IA32_SSE2 -DOPENSSL_BN_ASM_MONT -DOPENSSL_BN_ASM_GF2m -DRC4_ASM -DSHA1_ASM -DSHA256_ASM -DSHA512_ASM -DMD5_ASM -DRMD160_ASM -DAES_ASM -DVPAES_ASM -DWHIRLPOOL_ASM -DGHASH_ASM -I/opt/homebrew/opt/libxml2/include -I/opt/homebrew/opt/libxslt/include  -c -o conf_err.o conf_err.c
cc -I.. -I../.. -I../modes -I../asn1 -I../evp -I../../include  -fPIC -fno-common -DOPENSSL_PIC -DOPENSSL_THREADS -D_REENTRANT -DDSO_DLFCN -DHAVE_DLFCN_H -arch i386 -O3 -fomit-frame-pointer -DL_ENDIAN -DOPENSSL_BN_ASM_PART_WORDS -DOPENSSL_IA32_SSE2 -DOPENSSL_BN_ASM_MONT -DOPENSSL_BN_ASM_GF2m -DRC4_ASM -DSHA1_ASM -DSHA256_ASM -DSHA512_ASM -DMD5_ASM -DRMD160_ASM -DAES_ASM -DVPAES_ASM -DWHIRLPOOL_ASM -DGHASH_ASM -I/opt/homebrew/opt/libxml2/include -I/opt/homebrew/opt/libxslt/include  -c -o conf_lib.o conf_lib.c
cc -I.. -I../.. -I../modes -I../asn1 -I../evp -I../../include  -fPIC -fno-common -DOPENSSL_PIC -DOPENSSL_THREADS -D_REENTRANT -DDSO_DLFCN -DHAVE_DLFCN_H -arch i386 -O3 -fomit-frame-pointer -DL_ENDIAN -DOPENSSL_BN_ASM_PART_WORDS -DOPENSSL_IA32_SSE2 -DOPENSSL_BN_ASM_MONT -DOPENSSL_BN_ASM_GF2m -DRC4_ASM -DSHA1_ASM -DSHA256_ASM -DSHA512_ASM -DMD5_ASM -DRMD160_ASM -DAES_ASM -DVPAES_ASM -DWHIRLPOOL_ASM -DGHASH_ASM -I/opt/homebrew/opt/libxml2/include -I/opt/homebrew/opt/libxslt/include  -c -o conf_api.o conf_api.c
cc -I.. -I../.. -I../modes -I../asn1 -I../evp -I../../include  -fPIC -fno-common -DOPENSSL_PIC -DOPENSSL_THREADS -D_REENTRANT -DDSO_DLFCN -DHAVE_DLFCN_H -arch i386 -O3 -fomit-frame-pointer -DL_ENDIAN -DOPENSSL_BN_ASM_PART_WORDS -DOPENSSL_IA32_SSE2 -DOPENSSL_BN_ASM_MONT -DOPENSSL_BN_ASM_GF2m -DRC4_ASM -DSHA1_ASM -DSHA256_ASM -DSHA512_ASM -DMD5_ASM -DRMD160_ASM -DAES_ASM -DVPAES_ASM -DWHIRLPOOL_ASM -DGHASH_ASM -I/opt/homebrew/opt/libxml2/include -I/opt/homebrew/opt/libxslt/include  -c -o conf_def.o conf_def.c
cc -I.. -I../.. -I../modes -I../asn1 -I../evp -I../../include  -fPIC -fno-common -DOPENSSL_PIC -DOPENSSL_THREADS -D_REENTRANT -DDSO_DLFCN -DHAVE_DLFCN_H -arch i386 -O3 -fomit-frame-pointer -DL_ENDIAN -DOPENSSL_BN_ASM_PART_WORDS -DOPENSSL_IA32_SSE2 -DOPENSSL_BN_ASM_MONT -DOPENSSL_BN_ASM_GF2m -DRC4_ASM -DSHA1_ASM -DSHA256_ASM -DSHA512_ASM -DMD5_ASM -DRMD160_ASM -DAES_ASM -DVPAES_ASM -DWHIRLPOOL_ASM -DGHASH_ASM -I/opt/homebrew/opt/libxml2/include -I/opt/homebrew/opt/libxslt/include  -c -o conf_mod.o conf_mod.c
cc -I.. -I../.. -I../modes -I../asn1 -I../evp -I../../include  -fPIC -fno-common -DOPENSSL_PIC -DOPENSSL_THREADS -D_REENTRANT -DDSO_DLFCN -DHAVE_DLFCN_H -arch i386 -O3 -fomit-frame-pointer -DL_ENDIAN -DOPENSSL_BN_ASM_PART_WORDS -DOPENSSL_IA32_SSE2 -DOPENSSL_BN_ASM_MONT -DOPENSSL_BN_ASM_GF2m -DRC4_ASM -DSHA1_ASM -DSHA256_ASM -DSHA512_ASM -DMD5_ASM -DRMD160_ASM -DAES_ASM -DVPAES_ASM -DWHIRLPOOL_ASM -DGHASH_ASM -I/opt/homebrew/opt/libxml2/include -I/opt/homebrew/opt/libxslt/include  -c -o conf_mall.o conf_mall.c
cc -I.. -I../.. -I../modes -I../asn1 -I../evp -I../../include  -fPIC -fno-common -DOPENSSL_PIC -DOPENSSL_THREADS -D_REENTRANT -DDSO_DLFCN -DHAVE_DLFCN_H -arch i386 -O3 -fomit-frame-pointer -DL_ENDIAN -DOPENSSL_BN_ASM_PART_WORDS -DOPENSSL_IA32_SSE2 -DOPENSSL_BN_ASM_MONT -DOPENSSL_BN_ASM_GF2m -DRC4_ASM -DSHA1_ASM -DSHA256_ASM -DSHA512_ASM -DMD5_ASM -DRMD160_ASM -DAES_ASM -DVPAES_ASM -DWHIRLPOOL_ASM -DGHASH_ASM -I/opt/homebrew/opt/libxml2/include -I/opt/homebrew/opt/libxslt/include  -c -o conf_sap.o conf_sap.c
ar  r ../../libcrypto.a conf_err.o conf_lib.o conf_api.o conf_def.o conf_mod.o conf_mall.o conf_sap.o
/Library/Developer/CommandLineTools/usr/bin/ranlib: file: ../../libcrypto.a(ebcdic.o) has no symbols
/Library/Developer/CommandLineTools/usr/bin/ranlib: file: ../../libcrypto.a(fips_ers.o) has no symbols
/Library/Developer/CommandLineTools/usr/bin/ranlib: file: ../../libcrypto.a(ecp_nistp224.o) has no symbols
/Library/Developer/CommandLineTools/usr/bin/ranlib: file: ../../libcrypto.a(ecp_nistp256.o) has no symbols
/Library/Developer/CommandLineTools/usr/bin/ranlib: file: ../../libcrypto.a(ecp_nistp521.o) has no symbols
/Library/Developer/CommandLineTools/usr/bin/ranlib: file: ../../libcrypto.a(ecp_nistputil.o) has no symbols
/Library/Developer/CommandLineTools/usr/bin/ranlib: file: ../../libcrypto.a(rand_win.o) has no symbols
/Library/Developer/CommandLineTools/usr/bin/ranlib: file: ../../libcrypto.a(rand_os2.o) has no symbols
/Library/Developer/CommandLineTools/usr/bin/ranlib: file: ../../libcrypto.a(rand_nw.o) has no symbols
/Library/Developer/CommandLineTools/usr/bin/ranlib: file: ../../libcrypto.a(e_rc5.o) has no symbols
/Library/Developer/CommandLineTools/usr/bin/ranlib: file: ../../libcrypto.a(m_md2.o) has no symbols
/Library/Developer/CommandLineTools/usr/bin/ranlib: file: ../../libcrypto.a(v3_asid.o) has no symbols
/Library/Developer/CommandLineTools/usr/bin/ranlib: file: ../../libcrypto.a(v3_addr.o) has no symbols
/usr/bin/ranlib ../../libcrypto.a || echo Never mind.
/Library/Developer/CommandLineTools/usr/bin/ranlib: file: ../../libcrypto.a(ebcdic.o) has no symbols
/Library/Developer/CommandLineTools/usr/bin/ranlib: file: ../../libcrypto.a(fips_ers.o) has no symbols
/Library/Developer/CommandLineTools/usr/bin/ranlib: file: ../../libcrypto.a(ecp_nistp224.o) has no symbols
/Library/Developer/CommandLineTools/usr/bin/ranlib: file: ../../libcrypto.a(ecp_nistp256.o) has no symbols
/Library/Developer/CommandLineTools/usr/bin/ranlib: file: ../../libcrypto.a(ecp_nistp521.o) has no symbols
/Library/Developer/CommandLineTools/usr/bin/ranlib: file: ../../libcrypto.a(ecp_nistputil.o) has no symbols
/Library/Developer/CommandLineTools/usr/bin/ranlib: file: ../../libcrypto.a(rand_win.o) has no symbols
/Library/Developer/CommandLineTools/usr/bin/ranlib: file: ../../libcrypto.a(rand_os2.o) has no symbols
/Library/Developer/CommandLineTools/usr/bin/ranlib: file: ../../libcrypto.a(rand_nw.o) has no symbols
/Library/Developer/CommandLineTools/usr/bin/ranlib: file: ../../libcrypto.a(e_rc5.o) has no symbols
/Library/Developer/CommandLineTools/usr/bin/ranlib: file: ../../libcrypto.a(m_md2.o) has no symbols
/Library/Developer/CommandLineTools/usr/bin/ranlib: file: ../../libcrypto.a(v3_asid.o) has no symbols
/Library/Developer/CommandLineTools/usr/bin/ranlib: file: ../../libcrypto.a(v3_addr.o) has no symbols
making all in crypto/txt_db...
cc -I.. -I../.. -I../modes -I../asn1 -I../evp -I../../include  -fPIC -fno-common -DOPENSSL_PIC -DOPENSSL_THREADS -D_REENTRANT -DDSO_DLFCN -DHAVE_DLFCN_H -arch i386 -O3 -fomit-frame-pointer -DL_ENDIAN -DOPENSSL_BN_ASM_PART_WORDS -DOPENSSL_IA32_SSE2 -DOPENSSL_BN_ASM_MONT -DOPENSSL_BN_ASM_GF2m -DRC4_ASM -DSHA1_ASM -DSHA256_ASM -DSHA512_ASM -DMD5_ASM -DRMD160_ASM -DAES_ASM -DVPAES_ASM -DWHIRLPOOL_ASM -DGHASH_ASM -I/opt/homebrew/opt/libxml2/include -I/opt/homebrew/opt/libxslt/include  -c -o txt_db.o txt_db.c
ar  r ../../libcrypto.a txt_db.o
/Library/Developer/CommandLineTools/usr/bin/ranlib: file: ../../libcrypto.a(ebcdic.o) has no symbols
/Library/Developer/CommandLineTools/usr/bin/ranlib: file: ../../libcrypto.a(fips_ers.o) has no symbols
/Library/Developer/CommandLineTools/usr/bin/ranlib: file: ../../libcrypto.a(ecp_nistp224.o) has no symbols
/Library/Developer/CommandLineTools/usr/bin/ranlib: file: ../../libcrypto.a(ecp_nistp256.o) has no symbols
/Library/Developer/CommandLineTools/usr/bin/ranlib: file: ../../libcrypto.a(ecp_nistp521.o) has no symbols
/Library/Developer/CommandLineTools/usr/bin/ranlib: file: ../../libcrypto.a(ecp_nistputil.o) has no symbols
/Library/Developer/CommandLineTools/usr/bin/ranlib: file: ../../libcrypto.a(rand_win.o) has no symbols
/Library/Developer/CommandLineTools/usr/bin/ranlib: file: ../../libcrypto.a(rand_os2.o) has no symbols
/Library/Developer/CommandLineTools/usr/bin/ranlib: file: ../../libcrypto.a(rand_nw.o) has no symbols
/Library/Developer/CommandLineTools/usr/bin/ranlib: file: ../../libcrypto.a(e_rc5.o) has no symbols
/Library/Developer/CommandLineTools/usr/bin/ranlib: file: ../../libcrypto.a(m_md2.o) has no symbols
/Library/Developer/CommandLineTools/usr/bin/ranlib: file: ../../libcrypto.a(v3_asid.o) has no symbols
/Library/Developer/CommandLineTools/usr/bin/ranlib: file: ../../libcrypto.a(v3_addr.o) has no symbols
/usr/bin/ranlib ../../libcrypto.a || echo Never mind.
/Library/Developer/CommandLineTools/usr/bin/ranlib: file: ../../libcrypto.a(ebcdic.o) has no symbols
/Library/Developer/CommandLineTools/usr/bin/ranlib: file: ../../libcrypto.a(fips_ers.o) has no symbols
/Library/Developer/CommandLineTools/usr/bin/ranlib: file: ../../libcrypto.a(ecp_nistp224.o) has no symbols
/Library/Developer/CommandLineTools/usr/bin/ranlib: file: ../../libcrypto.a(ecp_nistp256.o) has no symbols
/Library/Developer/CommandLineTools/usr/bin/ranlib: file: ../../libcrypto.a(ecp_nistp521.o) has no symbols
/Library/Developer/CommandLineTools/usr/bin/ranlib: file: ../../libcrypto.a(ecp_nistputil.o) has no symbols
/Library/Developer/CommandLineTools/usr/bin/ranlib: file: ../../libcrypto.a(rand_win.o) has no symbols
/Library/Developer/CommandLineTools/usr/bin/ranlib: file: ../../libcrypto.a(rand_os2.o) has no symbols
/Library/Developer/CommandLineTools/usr/bin/ranlib: file: ../../libcrypto.a(rand_nw.o) has no symbols
/Library/Developer/CommandLineTools/usr/bin/ranlib: file: ../../libcrypto.a(e_rc5.o) has no symbols
/Library/Developer/CommandLineTools/usr/bin/ranlib: file: ../../libcrypto.a(m_md2.o) has no symbols
/Library/Developer/CommandLineTools/usr/bin/ranlib: file: ../../libcrypto.a(v3_asid.o) has no symbols
/Library/Developer/CommandLineTools/usr/bin/ranlib: file: ../../libcrypto.a(v3_addr.o) has no symbols
making all in crypto/pkcs7...
cc -I.. -I../.. -I../modes -I../asn1 -I../evp -I../../include  -fPIC -fno-common -DOPENSSL_PIC -DOPENSSL_THREADS -D_REENTRANT -DDSO_DLFCN -DHAVE_DLFCN_H -arch i386 -O3 -fomit-frame-pointer -DL_ENDIAN -DOPENSSL_BN_ASM_PART_WORDS -DOPENSSL_IA32_SSE2 -DOPENSSL_BN_ASM_MONT -DOPENSSL_BN_ASM_GF2m -DRC4_ASM -DSHA1_ASM -DSHA256_ASM -DSHA512_ASM -DMD5_ASM -DRMD160_ASM -DAES_ASM -DVPAES_ASM -DWHIRLPOOL_ASM -DGHASH_ASM -I/opt/homebrew/opt/libxml2/include -I/opt/homebrew/opt/libxslt/include  -c -o pk7_asn1.o pk7_asn1.c
cc -I.. -I../.. -I../modes -I../asn1 -I../evp -I../../include  -fPIC -fno-common -DOPENSSL_PIC -DOPENSSL_THREADS -D_REENTRANT -DDSO_DLFCN -DHAVE_DLFCN_H -arch i386 -O3 -fomit-frame-pointer -DL_ENDIAN -DOPENSSL_BN_ASM_PART_WORDS -DOPENSSL_IA32_SSE2 -DOPENSSL_BN_ASM_MONT -DOPENSSL_BN_ASM_GF2m -DRC4_ASM -DSHA1_ASM -DSHA256_ASM -DSHA512_ASM -DMD5_ASM -DRMD160_ASM -DAES_ASM -DVPAES_ASM -DWHIRLPOOL_ASM -DGHASH_ASM -I/opt/homebrew/opt/libxml2/include -I/opt/homebrew/opt/libxslt/include  -c -o pk7_lib.o pk7_lib.c
cc -I.. -I../.. -I../modes -I../asn1 -I../evp -I../../include  -fPIC -fno-common -DOPENSSL_PIC -DOPENSSL_THREADS -D_REENTRANT -DDSO_DLFCN -DHAVE_DLFCN_H -arch i386 -O3 -fomit-frame-pointer -DL_ENDIAN -DOPENSSL_BN_ASM_PART_WORDS -DOPENSSL_IA32_SSE2 -DOPENSSL_BN_ASM_MONT -DOPENSSL_BN_ASM_GF2m -DRC4_ASM -DSHA1_ASM -DSHA256_ASM -DSHA512_ASM -DMD5_ASM -DRMD160_ASM -DAES_ASM -DVPAES_ASM -DWHIRLPOOL_ASM -DGHASH_ASM -I/opt/homebrew/opt/libxml2/include -I/opt/homebrew/opt/libxslt/include  -c -o pkcs7err.o pkcs7err.c
cc -I.. -I../.. -I../modes -I../asn1 -I../evp -I../../include  -fPIC -fno-common -DOPENSSL_PIC -DOPENSSL_THREADS -D_REENTRANT -DDSO_DLFCN -DHAVE_DLFCN_H -arch i386 -O3 -fomit-frame-pointer -DL_ENDIAN -DOPENSSL_BN_ASM_PART_WORDS -DOPENSSL_IA32_SSE2 -DOPENSSL_BN_ASM_MONT -DOPENSSL_BN_ASM_GF2m -DRC4_ASM -DSHA1_ASM -DSHA256_ASM -DSHA512_ASM -DMD5_ASM -DRMD160_ASM -DAES_ASM -DVPAES_ASM -DWHIRLPOOL_ASM -DGHASH_ASM -I/opt/homebrew/opt/libxml2/include -I/opt/homebrew/opt/libxslt/include  -c -o pk7_doit.o pk7_doit.c
cc -I.. -I../.. -I../modes -I../asn1 -I../evp -I../../include  -fPIC -fno-common -DOPENSSL_PIC -DOPENSSL_THREADS -D_REENTRANT -DDSO_DLFCN -DHAVE_DLFCN_H -arch i386 -O3 -fomit-frame-pointer -DL_ENDIAN -DOPENSSL_BN_ASM_PART_WORDS -DOPENSSL_IA32_SSE2 -DOPENSSL_BN_ASM_MONT -DOPENSSL_BN_ASM_GF2m -DRC4_ASM -DSHA1_ASM -DSHA256_ASM -DSHA512_ASM -DMD5_ASM -DRMD160_ASM -DAES_ASM -DVPAES_ASM -DWHIRLPOOL_ASM -DGHASH_ASM -I/opt/homebrew/opt/libxml2/include -I/opt/homebrew/opt/libxslt/include  -c -o pk7_smime.o pk7_smime.c
cc -I.. -I../.. -I../modes -I../asn1 -I../evp -I../../include  -fPIC -fno-common -DOPENSSL_PIC -DOPENSSL_THREADS -D_REENTRANT -DDSO_DLFCN -DHAVE_DLFCN_H -arch i386 -O3 -fomit-frame-pointer -DL_ENDIAN -DOPENSSL_BN_ASM_PART_WORDS -DOPENSSL_IA32_SSE2 -DOPENSSL_BN_ASM_MONT -DOPENSSL_BN_ASM_GF2m -DRC4_ASM -DSHA1_ASM -DSHA256_ASM -DSHA512_ASM -DMD5_ASM -DRMD160_ASM -DAES_ASM -DVPAES_ASM -DWHIRLPOOL_ASM -DGHASH_ASM -I/opt/homebrew/opt/libxml2/include -I/opt/homebrew/opt/libxslt/include  -c -o pk7_attr.o pk7_attr.c
cc -I.. -I../.. -I../modes -I../asn1 -I../evp -I../../include  -fPIC -fno-common -DOPENSSL_PIC -DOPENSSL_THREADS -D_REENTRANT -DDSO_DLFCN -DHAVE_DLFCN_H -arch i386 -O3 -fomit-frame-pointer -DL_ENDIAN -DOPENSSL_BN_ASM_PART_WORDS -DOPENSSL_IA32_SSE2 -DOPENSSL_BN_ASM_MONT -DOPENSSL_BN_ASM_GF2m -DRC4_ASM -DSHA1_ASM -DSHA256_ASM -DSHA512_ASM -DMD5_ASM -DRMD160_ASM -DAES_ASM -DVPAES_ASM -DWHIRLPOOL_ASM -DGHASH_ASM -I/opt/homebrew/opt/libxml2/include -I/opt/homebrew/opt/libxslt/include  -c -o pk7_mime.o pk7_mime.c
cc -I.. -I../.. -I../modes -I../asn1 -I../evp -I../../include  -fPIC -fno-common -DOPENSSL_PIC -DOPENSSL_THREADS -D_REENTRANT -DDSO_DLFCN -DHAVE_DLFCN_H -arch i386 -O3 -fomit-frame-pointer -DL_ENDIAN -DOPENSSL_BN_ASM_PART_WORDS -DOPENSSL_IA32_SSE2 -DOPENSSL_BN_ASM_MONT -DOPENSSL_BN_ASM_GF2m -DRC4_ASM -DSHA1_ASM -DSHA256_ASM -DSHA512_ASM -DMD5_ASM -DRMD160_ASM -DAES_ASM -DVPAES_ASM -DWHIRLPOOL_ASM -DGHASH_ASM -I/opt/homebrew/opt/libxml2/include -I/opt/homebrew/opt/libxslt/include  -c -o bio_pk7.o bio_pk7.c
ar  r ../../libcrypto.a pk7_asn1.o pk7_lib.o pkcs7err.o pk7_doit.o pk7_smime.o pk7_attr.o pk7_mime.o bio_pk7.o
/Library/Developer/CommandLineTools/usr/bin/ranlib: file: ../../libcrypto.a(ebcdic.o) has no symbols
/Library/Developer/CommandLineTools/usr/bin/ranlib: file: ../../libcrypto.a(fips_ers.o) has no symbols
/Library/Developer/CommandLineTools/usr/bin/ranlib: file: ../../libcrypto.a(ecp_nistp224.o) has no symbols
/Library/Developer/CommandLineTools/usr/bin/ranlib: file: ../../libcrypto.a(ecp_nistp256.o) has no symbols
/Library/Developer/CommandLineTools/usr/bin/ranlib: file: ../../libcrypto.a(ecp_nistp521.o) has no symbols
/Library/Developer/CommandLineTools/usr/bin/ranlib: file: ../../libcrypto.a(ecp_nistputil.o) has no symbols
/Library/Developer/CommandLineTools/usr/bin/ranlib: file: ../../libcrypto.a(rand_win.o) has no symbols
/Library/Developer/CommandLineTools/usr/bin/ranlib: file: ../../libcrypto.a(rand_os2.o) has no symbols
/Library/Developer/CommandLineTools/usr/bin/ranlib: file: ../../libcrypto.a(rand_nw.o) has no symbols
/Library/Developer/CommandLineTools/usr/bin/ranlib: file: ../../libcrypto.a(e_rc5.o) has no symbols
/Library/Developer/CommandLineTools/usr/bin/ranlib: file: ../../libcrypto.a(m_md2.o) has no symbols
/Library/Developer/CommandLineTools/usr/bin/ranlib: file: ../../libcrypto.a(v3_asid.o) has no symbols
/Library/Developer/CommandLineTools/usr/bin/ranlib: file: ../../libcrypto.a(v3_addr.o) has no symbols
/usr/bin/ranlib ../../libcrypto.a || echo Never mind.
/Library/Developer/CommandLineTools/usr/bin/ranlib: file: ../../libcrypto.a(ebcdic.o) has no symbols
/Library/Developer/CommandLineTools/usr/bin/ranlib: file: ../../libcrypto.a(fips_ers.o) has no symbols
/Library/Developer/CommandLineTools/usr/bin/ranlib: file: ../../libcrypto.a(ecp_nistp224.o) has no symbols
/Library/Developer/CommandLineTools/usr/bin/ranlib: file: ../../libcrypto.a(ecp_nistp256.o) has no symbols
/Library/Developer/CommandLineTools/usr/bin/ranlib: file: ../../libcrypto.a(ecp_nistp521.o) has no symbols
/Library/Developer/CommandLineTools/usr/bin/ranlib: file: ../../libcrypto.a(ecp_nistputil.o) has no symbols
/Library/Developer/CommandLineTools/usr/bin/ranlib: file: ../../libcrypto.a(rand_win.o) has no symbols
/Library/Developer/CommandLineTools/usr/bin/ranlib: file: ../../libcrypto.a(rand_os2.o) has no symbols
/Library/Developer/CommandLineTools/usr/bin/ranlib: file: ../../libcrypto.a(rand_nw.o) has no symbols
/Library/Developer/CommandLineTools/usr/bin/ranlib: file: ../../libcrypto.a(e_rc5.o) has no symbols
/Library/Developer/CommandLineTools/usr/bin/ranlib: file: ../../libcrypto.a(m_md2.o) has no symbols
/Library/Developer/CommandLineTools/usr/bin/ranlib: file: ../../libcrypto.a(v3_asid.o) has no symbols
/Library/Developer/CommandLineTools/usr/bin/ranlib: file: ../../libcrypto.a(v3_addr.o) has no symbols
making all in crypto/pkcs12...
cc -I.. -I../.. -I../modes -I../asn1 -I../evp -I../../include  -fPIC -fno-common -DOPENSSL_PIC -DOPENSSL_THREADS -D_REENTRANT -DDSO_DLFCN -DHAVE_DLFCN_H -arch i386 -O3 -fomit-frame-pointer -DL_ENDIAN -DOPENSSL_BN_ASM_PART_WORDS -DOPENSSL_IA32_SSE2 -DOPENSSL_BN_ASM_MONT -DOPENSSL_BN_ASM_GF2m -DRC4_ASM -DSHA1_ASM -DSHA256_ASM -DSHA512_ASM -DMD5_ASM -DRMD160_ASM -DAES_ASM -DVPAES_ASM -DWHIRLPOOL_ASM -DGHASH_ASM -I/opt/homebrew/opt/libxml2/include -I/opt/homebrew/opt/libxslt/include  -c -o p12_add.o p12_add.c
cc -I.. -I../.. -I../modes -I../asn1 -I../evp -I../../include  -fPIC -fno-common -DOPENSSL_PIC -DOPENSSL_THREADS -D_REENTRANT -DDSO_DLFCN -DHAVE_DLFCN_H -arch i386 -O3 -fomit-frame-pointer -DL_ENDIAN -DOPENSSL_BN_ASM_PART_WORDS -DOPENSSL_IA32_SSE2 -DOPENSSL_BN_ASM_MONT -DOPENSSL_BN_ASM_GF2m -DRC4_ASM -DSHA1_ASM -DSHA256_ASM -DSHA512_ASM -DMD5_ASM -DRMD160_ASM -DAES_ASM -DVPAES_ASM -DWHIRLPOOL_ASM -DGHASH_ASM -I/opt/homebrew/opt/libxml2/include -I/opt/homebrew/opt/libxslt/include  -c -o p12_asn.o p12_asn.c
cc -I.. -I../.. -I../modes -I../asn1 -I../evp -I../../include  -fPIC -fno-common -DOPENSSL_PIC -DOPENSSL_THREADS -D_REENTRANT -DDSO_DLFCN -DHAVE_DLFCN_H -arch i386 -O3 -fomit-frame-pointer -DL_ENDIAN -DOPENSSL_BN_ASM_PART_WORDS -DOPENSSL_IA32_SSE2 -DOPENSSL_BN_ASM_MONT -DOPENSSL_BN_ASM_GF2m -DRC4_ASM -DSHA1_ASM -DSHA256_ASM -DSHA512_ASM -DMD5_ASM -DRMD160_ASM -DAES_ASM -DVPAES_ASM -DWHIRLPOOL_ASM -DGHASH_ASM -I/opt/homebrew/opt/libxml2/include -I/opt/homebrew/opt/libxslt/include  -c -o p12_attr.o p12_attr.c
cc -I.. -I../.. -I../modes -I../asn1 -I../evp -I../../include  -fPIC -fno-common -DOPENSSL_PIC -DOPENSSL_THREADS -D_REENTRANT -DDSO_DLFCN -DHAVE_DLFCN_H -arch i386 -O3 -fomit-frame-pointer -DL_ENDIAN -DOPENSSL_BN_ASM_PART_WORDS -DOPENSSL_IA32_SSE2 -DOPENSSL_BN_ASM_MONT -DOPENSSL_BN_ASM_GF2m -DRC4_ASM -DSHA1_ASM -DSHA256_ASM -DSHA512_ASM -DMD5_ASM -DRMD160_ASM -DAES_ASM -DVPAES_ASM -DWHIRLPOOL_ASM -DGHASH_ASM -I/opt/homebrew/opt/libxml2/include -I/opt/homebrew/opt/libxslt/include  -c -o p12_crpt.o p12_crpt.c
cc -I.. -I../.. -I../modes -I../asn1 -I../evp -I../../include  -fPIC -fno-common -DOPENSSL_PIC -DOPENSSL_THREADS -D_REENTRANT -DDSO_DLFCN -DHAVE_DLFCN_H -arch i386 -O3 -fomit-frame-pointer -DL_ENDIAN -DOPENSSL_BN_ASM_PART_WORDS -DOPENSSL_IA32_SSE2 -DOPENSSL_BN_ASM_MONT -DOPENSSL_BN_ASM_GF2m -DRC4_ASM -DSHA1_ASM -DSHA256_ASM -DSHA512_ASM -DMD5_ASM -DRMD160_ASM -DAES_ASM -DVPAES_ASM -DWHIRLPOOL_ASM -DGHASH_ASM -I/opt/homebrew/opt/libxml2/include -I/opt/homebrew/opt/libxslt/include  -c -o p12_crt.o p12_crt.c
cc -I.. -I../.. -I../modes -I../asn1 -I../evp -I../../include  -fPIC -fno-common -DOPENSSL_PIC -DOPENSSL_THREADS -D_REENTRANT -DDSO_DLFCN -DHAVE_DLFCN_H -arch i386 -O3 -fomit-frame-pointer -DL_ENDIAN -DOPENSSL_BN_ASM_PART_WORDS -DOPENSSL_IA32_SSE2 -DOPENSSL_BN_ASM_MONT -DOPENSSL_BN_ASM_GF2m -DRC4_ASM -DSHA1_ASM -DSHA256_ASM -DSHA512_ASM -DMD5_ASM -DRMD160_ASM -DAES_ASM -DVPAES_ASM -DWHIRLPOOL_ASM -DGHASH_ASM -I/opt/homebrew/opt/libxml2/include -I/opt/homebrew/opt/libxslt/include  -c -o p12_decr.o p12_decr.c
cc -I.. -I../.. -I../modes -I../asn1 -I../evp -I../../include  -fPIC -fno-common -DOPENSSL_PIC -DOPENSSL_THREADS -D_REENTRANT -DDSO_DLFCN -DHAVE_DLFCN_H -arch i386 -O3 -fomit-frame-pointer -DL_ENDIAN -DOPENSSL_BN_ASM_PART_WORDS -DOPENSSL_IA32_SSE2 -DOPENSSL_BN_ASM_MONT -DOPENSSL_BN_ASM_GF2m -DRC4_ASM -DSHA1_ASM -DSHA256_ASM -DSHA512_ASM -DMD5_ASM -DRMD160_ASM -DAES_ASM -DVPAES_ASM -DWHIRLPOOL_ASM -DGHASH_ASM -I/opt/homebrew/opt/libxml2/include -I/opt/homebrew/opt/libxslt/include  -c -o p12_init.o p12_init.c
cc -I.. -I../.. -I../modes -I../asn1 -I../evp -I../../include  -fPIC -fno-common -DOPENSSL_PIC -DOPENSSL_THREADS -D_REENTRANT -DDSO_DLFCN -DHAVE_DLFCN_H -arch i386 -O3 -fomit-frame-pointer -DL_ENDIAN -DOPENSSL_BN_ASM_PART_WORDS -DOPENSSL_IA32_SSE2 -DOPENSSL_BN_ASM_MONT -DOPENSSL_BN_ASM_GF2m -DRC4_ASM -DSHA1_ASM -DSHA256_ASM -DSHA512_ASM -DMD5_ASM -DRMD160_ASM -DAES_ASM -DVPAES_ASM -DWHIRLPOOL_ASM -DGHASH_ASM -I/opt/homebrew/opt/libxml2/include -I/opt/homebrew/opt/libxslt/include  -c -o p12_key.o p12_key.c
cc -I.. -I../.. -I../modes -I../asn1 -I../evp -I../../include  -fPIC -fno-common -DOPENSSL_PIC -DOPENSSL_THREADS -D_REENTRANT -DDSO_DLFCN -DHAVE_DLFCN_H -arch i386 -O3 -fomit-frame-pointer -DL_ENDIAN -DOPENSSL_BN_ASM_PART_WORDS -DOPENSSL_IA32_SSE2 -DOPENSSL_BN_ASM_MONT -DOPENSSL_BN_ASM_GF2m -DRC4_ASM -DSHA1_ASM -DSHA256_ASM -DSHA512_ASM -DMD5_ASM -DRMD160_ASM -DAES_ASM -DVPAES_ASM -DWHIRLPOOL_ASM -DGHASH_ASM -I/opt/homebrew/opt/libxml2/include -I/opt/homebrew/opt/libxslt/include  -c -o p12_kiss.o p12_kiss.c
cc -I.. -I../.. -I../modes -I../asn1 -I../evp -I../../include  -fPIC -fno-common -DOPENSSL_PIC -DOPENSSL_THREADS -D_REENTRANT -DDSO_DLFCN -DHAVE_DLFCN_H -arch i386 -O3 -fomit-frame-pointer -DL_ENDIAN -DOPENSSL_BN_ASM_PART_WORDS -DOPENSSL_IA32_SSE2 -DOPENSSL_BN_ASM_MONT -DOPENSSL_BN_ASM_GF2m -DRC4_ASM -DSHA1_ASM -DSHA256_ASM -DSHA512_ASM -DMD5_ASM -DRMD160_ASM -DAES_ASM -DVPAES_ASM -DWHIRLPOOL_ASM -DGHASH_ASM -I/opt/homebrew/opt/libxml2/include -I/opt/homebrew/opt/libxslt/include  -c -o p12_mutl.o p12_mutl.c
cc -I.. -I../.. -I../modes -I../asn1 -I../evp -I../../include  -fPIC -fno-common -DOPENSSL_PIC -DOPENSSL_THREADS -D_REENTRANT -DDSO_DLFCN -DHAVE_DLFCN_H -arch i386 -O3 -fomit-frame-pointer -DL_ENDIAN -DOPENSSL_BN_ASM_PART_WORDS -DOPENSSL_IA32_SSE2 -DOPENSSL_BN_ASM_MONT -DOPENSSL_BN_ASM_GF2m -DRC4_ASM -DSHA1_ASM -DSHA256_ASM -DSHA512_ASM -DMD5_ASM -DRMD160_ASM -DAES_ASM -DVPAES_ASM -DWHIRLPOOL_ASM -DGHASH_ASM -I/opt/homebrew/opt/libxml2/include -I/opt/homebrew/opt/libxslt/include  -c -o p12_utl.o p12_utl.c
cc -I.. -I../.. -I../modes -I../asn1 -I../evp -I../../include  -fPIC -fno-common -DOPENSSL_PIC -DOPENSSL_THREADS -D_REENTRANT -DDSO_DLFCN -DHAVE_DLFCN_H -arch i386 -O3 -fomit-frame-pointer -DL_ENDIAN -DOPENSSL_BN_ASM_PART_WORDS -DOPENSSL_IA32_SSE2 -DOPENSSL_BN_ASM_MONT -DOPENSSL_BN_ASM_GF2m -DRC4_ASM -DSHA1_ASM -DSHA256_ASM -DSHA512_ASM -DMD5_ASM -DRMD160_ASM -DAES_ASM -DVPAES_ASM -DWHIRLPOOL_ASM -DGHASH_ASM -I/opt/homebrew/opt/libxml2/include -I/opt/homebrew/opt/libxslt/include  -c -o p12_npas.o p12_npas.c
cc -I.. -I../.. -I../modes -I../asn1 -I../evp -I../../include  -fPIC -fno-common -DOPENSSL_PIC -DOPENSSL_THREADS -D_REENTRANT -DDSO_DLFCN -DHAVE_DLFCN_H -arch i386 -O3 -fomit-frame-pointer -DL_ENDIAN -DOPENSSL_BN_ASM_PART_WORDS -DOPENSSL_IA32_SSE2 -DOPENSSL_BN_ASM_MONT -DOPENSSL_BN_ASM_GF2m -DRC4_ASM -DSHA1_ASM -DSHA256_ASM -DSHA512_ASM -DMD5_ASM -DRMD160_ASM -DAES_ASM -DVPAES_ASM -DWHIRLPOOL_ASM -DGHASH_ASM -I/opt/homebrew/opt/libxml2/include -I/opt/homebrew/opt/libxslt/include  -c -o pk12err.o pk12err.c
cc -I.. -I../.. -I../modes -I../asn1 -I../evp -I../../include  -fPIC -fno-common -DOPENSSL_PIC -DOPENSSL_THREADS -D_REENTRANT -DDSO_DLFCN -DHAVE_DLFCN_H -arch i386 -O3 -fomit-frame-pointer -DL_ENDIAN -DOPENSSL_BN_ASM_PART_WORDS -DOPENSSL_IA32_SSE2 -DOPENSSL_BN_ASM_MONT -DOPENSSL_BN_ASM_GF2m -DRC4_ASM -DSHA1_ASM -DSHA256_ASM -DSHA512_ASM -DMD5_ASM -DRMD160_ASM -DAES_ASM -DVPAES_ASM -DWHIRLPOOL_ASM -DGHASH_ASM -I/opt/homebrew/opt/libxml2/include -I/opt/homebrew/opt/libxslt/include  -c -o p12_p8d.o p12_p8d.c
cc -I.. -I../.. -I../modes -I../asn1 -I../evp -I../../include  -fPIC -fno-common -DOPENSSL_PIC -DOPENSSL_THREADS -D_REENTRANT -DDSO_DLFCN -DHAVE_DLFCN_H -arch i386 -O3 -fomit-frame-pointer -DL_ENDIAN -DOPENSSL_BN_ASM_PART_WORDS -DOPENSSL_IA32_SSE2 -DOPENSSL_BN_ASM_MONT -DOPENSSL_BN_ASM_GF2m -DRC4_ASM -DSHA1_ASM -DSHA256_ASM -DSHA512_ASM -DMD5_ASM -DRMD160_ASM -DAES_ASM -DVPAES_ASM -DWHIRLPOOL_ASM -DGHASH_ASM -I/opt/homebrew/opt/libxml2/include -I/opt/homebrew/opt/libxslt/include  -c -o p12_p8e.o p12_p8e.c
ar  r ../../libcrypto.a p12_add.o p12_asn.o p12_attr.o p12_crpt.o p12_crt.o p12_decr.o p12_init.o p12_key.o p12_kiss.o p12_mutl.o p12_utl.o p12_npas.o pk12err.o p12_p8d.o p12_p8e.o
/Library/Developer/CommandLineTools/usr/bin/ranlib: file: ../../libcrypto.a(ebcdic.o) has no symbols
/Library/Developer/CommandLineTools/usr/bin/ranlib: file: ../../libcrypto.a(fips_ers.o) has no symbols
/Library/Developer/CommandLineTools/usr/bin/ranlib: file: ../../libcrypto.a(ecp_nistp224.o) has no symbols
/Library/Developer/CommandLineTools/usr/bin/ranlib: file: ../../libcrypto.a(ecp_nistp256.o) has no symbols
/Library/Developer/CommandLineTools/usr/bin/ranlib: file: ../../libcrypto.a(ecp_nistp521.o) has no symbols
/Library/Developer/CommandLineTools/usr/bin/ranlib: file: ../../libcrypto.a(ecp_nistputil.o) has no symbols
/Library/Developer/CommandLineTools/usr/bin/ranlib: file: ../../libcrypto.a(rand_win.o) has no symbols
/Library/Developer/CommandLineTools/usr/bin/ranlib: file: ../../libcrypto.a(rand_os2.o) has no symbols
/Library/Developer/CommandLineTools/usr/bin/ranlib: file: ../../libcrypto.a(rand_nw.o) has no symbols
/Library/Developer/CommandLineTools/usr/bin/ranlib: file: ../../libcrypto.a(e_rc5.o) has no symbols
/Library/Developer/CommandLineTools/usr/bin/ranlib: file: ../../libcrypto.a(m_md2.o) has no symbols
/Library/Developer/CommandLineTools/usr/bin/ranlib: file: ../../libcrypto.a(v3_asid.o) has no symbols
/Library/Developer/CommandLineTools/usr/bin/ranlib: file: ../../libcrypto.a(v3_addr.o) has no symbols
/usr/bin/ranlib ../../libcrypto.a || echo Never mind.
/Library/Developer/CommandLineTools/usr/bin/ranlib: file: ../../libcrypto.a(ebcdic.o) has no symbols
/Library/Developer/CommandLineTools/usr/bin/ranlib: file: ../../libcrypto.a(fips_ers.o) has no symbols
/Library/Developer/CommandLineTools/usr/bin/ranlib: file: ../../libcrypto.a(ecp_nistp224.o) has no symbols
/Library/Developer/CommandLineTools/usr/bin/ranlib: file: ../../libcrypto.a(ecp_nistp256.o) has no symbols
/Library/Developer/CommandLineTools/usr/bin/ranlib: file: ../../libcrypto.a(ecp_nistp521.o) has no symbols
/Library/Developer/CommandLineTools/usr/bin/ranlib: file: ../../libcrypto.a(ecp_nistputil.o) has no symbols
/Library/Developer/CommandLineTools/usr/bin/ranlib: file: ../../libcrypto.a(rand_win.o) has no symbols
/Library/Developer/CommandLineTools/usr/bin/ranlib: file: ../../libcrypto.a(rand_os2.o) has no symbols
/Library/Developer/CommandLineTools/usr/bin/ranlib: file: ../../libcrypto.a(rand_nw.o) has no symbols
/Library/Developer/CommandLineTools/usr/bin/ranlib: file: ../../libcrypto.a(e_rc5.o) has no symbols
/Library/Developer/CommandLineTools/usr/bin/ranlib: file: ../../libcrypto.a(m_md2.o) has no symbols
/Library/Developer/CommandLineTools/usr/bin/ranlib: file: ../../libcrypto.a(v3_asid.o) has no symbols
/Library/Developer/CommandLineTools/usr/bin/ranlib: file: ../../libcrypto.a(v3_addr.o) has no symbols
making all in crypto/comp...
cc -I.. -I../.. -I../modes -I../asn1 -I../evp -I../../include  -fPIC -fno-common -DOPENSSL_PIC -DOPENSSL_THREADS -D_REENTRANT -DDSO_DLFCN -DHAVE_DLFCN_H -arch i386 -O3 -fomit-frame-pointer -DL_ENDIAN -DOPENSSL_BN_ASM_PART_WORDS -DOPENSSL_IA32_SSE2 -DOPENSSL_BN_ASM_MONT -DOPENSSL_BN_ASM_GF2m -DRC4_ASM -DSHA1_ASM -DSHA256_ASM -DSHA512_ASM -DMD5_ASM -DRMD160_ASM -DAES_ASM -DVPAES_ASM -DWHIRLPOOL_ASM -DGHASH_ASM -I/opt/homebrew/opt/libxml2/include -I/opt/homebrew/opt/libxslt/include  -c -o comp_lib.o comp_lib.c
cc -I.. -I../.. -I../modes -I../asn1 -I../evp -I../../include  -fPIC -fno-common -DOPENSSL_PIC -DOPENSSL_THREADS -D_REENTRANT -DDSO_DLFCN -DHAVE_DLFCN_H -arch i386 -O3 -fomit-frame-pointer -DL_ENDIAN -DOPENSSL_BN_ASM_PART_WORDS -DOPENSSL_IA32_SSE2 -DOPENSSL_BN_ASM_MONT -DOPENSSL_BN_ASM_GF2m -DRC4_ASM -DSHA1_ASM -DSHA256_ASM -DSHA512_ASM -DMD5_ASM -DRMD160_ASM -DAES_ASM -DVPAES_ASM -DWHIRLPOOL_ASM -DGHASH_ASM -I/opt/homebrew/opt/libxml2/include -I/opt/homebrew/opt/libxslt/include  -c -o comp_err.o comp_err.c
cc -I.. -I../.. -I../modes -I../asn1 -I../evp -I../../include  -fPIC -fno-common -DOPENSSL_PIC -DOPENSSL_THREADS -D_REENTRANT -DDSO_DLFCN -DHAVE_DLFCN_H -arch i386 -O3 -fomit-frame-pointer -DL_ENDIAN -DOPENSSL_BN_ASM_PART_WORDS -DOPENSSL_IA32_SSE2 -DOPENSSL_BN_ASM_MONT -DOPENSSL_BN_ASM_GF2m -DRC4_ASM -DSHA1_ASM -DSHA256_ASM -DSHA512_ASM -DMD5_ASM -DRMD160_ASM -DAES_ASM -DVPAES_ASM -DWHIRLPOOL_ASM -DGHASH_ASM -I/opt/homebrew/opt/libxml2/include -I/opt/homebrew/opt/libxslt/include  -c -o c_rle.o c_rle.c
cc -I.. -I../.. -I../modes -I../asn1 -I../evp -I../../include  -fPIC -fno-common -DOPENSSL_PIC -DOPENSSL_THREADS -D_REENTRANT -DDSO_DLFCN -DHAVE_DLFCN_H -arch i386 -O3 -fomit-frame-pointer -DL_ENDIAN -DOPENSSL_BN_ASM_PART_WORDS -DOPENSSL_IA32_SSE2 -DOPENSSL_BN_ASM_MONT -DOPENSSL_BN_ASM_GF2m -DRC4_ASM -DSHA1_ASM -DSHA256_ASM -DSHA512_ASM -DMD5_ASM -DRMD160_ASM -DAES_ASM -DVPAES_ASM -DWHIRLPOOL_ASM -DGHASH_ASM -I/opt/homebrew/opt/libxml2/include -I/opt/homebrew/opt/libxslt/include  -c -o c_zlib.o c_zlib.c
ar  r ../../libcrypto.a comp_lib.o comp_err.o c_rle.o c_zlib.o
/Library/Developer/CommandLineTools/usr/bin/ranlib: file: ../../libcrypto.a(ebcdic.o) has no symbols
/Library/Developer/CommandLineTools/usr/bin/ranlib: file: ../../libcrypto.a(fips_ers.o) has no symbols
/Library/Developer/CommandLineTools/usr/bin/ranlib: file: ../../libcrypto.a(ecp_nistp224.o) has no symbols
/Library/Developer/CommandLineTools/usr/bin/ranlib: file: ../../libcrypto.a(ecp_nistp256.o) has no symbols
/Library/Developer/CommandLineTools/usr/bin/ranlib: file: ../../libcrypto.a(ecp_nistp521.o) has no symbols
/Library/Developer/CommandLineTools/usr/bin/ranlib: file: ../../libcrypto.a(ecp_nistputil.o) has no symbols
/Library/Developer/CommandLineTools/usr/bin/ranlib: file: ../../libcrypto.a(rand_win.o) has no symbols
/Library/Developer/CommandLineTools/usr/bin/ranlib: file: ../../libcrypto.a(rand_os2.o) has no symbols
/Library/Developer/CommandLineTools/usr/bin/ranlib: file: ../../libcrypto.a(rand_nw.o) has no symbols
/Library/Developer/CommandLineTools/usr/bin/ranlib: file: ../../libcrypto.a(e_rc5.o) has no symbols
/Library/Developer/CommandLineTools/usr/bin/ranlib: file: ../../libcrypto.a(m_md2.o) has no symbols
/Library/Developer/CommandLineTools/usr/bin/ranlib: file: ../../libcrypto.a(v3_asid.o) has no symbols
/Library/Developer/CommandLineTools/usr/bin/ranlib: file: ../../libcrypto.a(v3_addr.o) has no symbols
/usr/bin/ranlib ../../libcrypto.a || echo Never mind.
/Library/Developer/CommandLineTools/usr/bin/ranlib: file: ../../libcrypto.a(ebcdic.o) has no symbols
/Library/Developer/CommandLineTools/usr/bin/ranlib: file: ../../libcrypto.a(fips_ers.o) has no symbols
/Library/Developer/CommandLineTools/usr/bin/ranlib: file: ../../libcrypto.a(ecp_nistp224.o) has no symbols
/Library/Developer/CommandLineTools/usr/bin/ranlib: file: ../../libcrypto.a(ecp_nistp256.o) has no symbols
/Library/Developer/CommandLineTools/usr/bin/ranlib: file: ../../libcrypto.a(ecp_nistp521.o) has no symbols
/Library/Developer/CommandLineTools/usr/bin/ranlib: file: ../../libcrypto.a(ecp_nistputil.o) has no symbols
/Library/Developer/CommandLineTools/usr/bin/ranlib: file: ../../libcrypto.a(rand_win.o) has no symbols
/Library/Developer/CommandLineTools/usr/bin/ranlib: file: ../../libcrypto.a(rand_os2.o) has no symbols
/Library/Developer/CommandLineTools/usr/bin/ranlib: file: ../../libcrypto.a(rand_nw.o) has no symbols
/Library/Developer/CommandLineTools/usr/bin/ranlib: file: ../../libcrypto.a(e_rc5.o) has no symbols
/Library/Developer/CommandLineTools/usr/bin/ranlib: file: ../../libcrypto.a(m_md2.o) has no symbols
/Library/Developer/CommandLineTools/usr/bin/ranlib: file: ../../libcrypto.a(v3_asid.o) has no symbols
/Library/Developer/CommandLineTools/usr/bin/ranlib: file: ../../libcrypto.a(v3_addr.o) has no symbols
making all in crypto/ocsp...
cc -I.. -I../.. -I../modes -I../asn1 -I../evp -I../../include  -fPIC -fno-common -DOPENSSL_PIC -DOPENSSL_THREADS -D_REENTRANT -DDSO_DLFCN -DHAVE_DLFCN_H -arch i386 -O3 -fomit-frame-pointer -DL_ENDIAN -DOPENSSL_BN_ASM_PART_WORDS -DOPENSSL_IA32_SSE2 -DOPENSSL_BN_ASM_MONT -DOPENSSL_BN_ASM_GF2m -DRC4_ASM -DSHA1_ASM -DSHA256_ASM -DSHA512_ASM -DMD5_ASM -DRMD160_ASM -DAES_ASM -DVPAES_ASM -DWHIRLPOOL_ASM -DGHASH_ASM -I/opt/homebrew/opt/libxml2/include -I/opt/homebrew/opt/libxslt/include  -c -o ocsp_asn.o ocsp_asn.c
cc -I.. -I../.. -I../modes -I../asn1 -I../evp -I../../include  -fPIC -fno-common -DOPENSSL_PIC -DOPENSSL_THREADS -D_REENTRANT -DDSO_DLFCN -DHAVE_DLFCN_H -arch i386 -O3 -fomit-frame-pointer -DL_ENDIAN -DOPENSSL_BN_ASM_PART_WORDS -DOPENSSL_IA32_SSE2 -DOPENSSL_BN_ASM_MONT -DOPENSSL_BN_ASM_GF2m -DRC4_ASM -DSHA1_ASM -DSHA256_ASM -DSHA512_ASM -DMD5_ASM -DRMD160_ASM -DAES_ASM -DVPAES_ASM -DWHIRLPOOL_ASM -DGHASH_ASM -I/opt/homebrew/opt/libxml2/include -I/opt/homebrew/opt/libxslt/include  -c -o ocsp_ext.o ocsp_ext.c
cc -I.. -I../.. -I../modes -I../asn1 -I../evp -I../../include  -fPIC -fno-common -DOPENSSL_PIC -DOPENSSL_THREADS -D_REENTRANT -DDSO_DLFCN -DHAVE_DLFCN_H -arch i386 -O3 -fomit-frame-pointer -DL_ENDIAN -DOPENSSL_BN_ASM_PART_WORDS -DOPENSSL_IA32_SSE2 -DOPENSSL_BN_ASM_MONT -DOPENSSL_BN_ASM_GF2m -DRC4_ASM -DSHA1_ASM -DSHA256_ASM -DSHA512_ASM -DMD5_ASM -DRMD160_ASM -DAES_ASM -DVPAES_ASM -DWHIRLPOOL_ASM -DGHASH_ASM -I/opt/homebrew/opt/libxml2/include -I/opt/homebrew/opt/libxslt/include  -c -o ocsp_ht.o ocsp_ht.c
cc -I.. -I../.. -I../modes -I../asn1 -I../evp -I../../include  -fPIC -fno-common -DOPENSSL_PIC -DOPENSSL_THREADS -D_REENTRANT -DDSO_DLFCN -DHAVE_DLFCN_H -arch i386 -O3 -fomit-frame-pointer -DL_ENDIAN -DOPENSSL_BN_ASM_PART_WORDS -DOPENSSL_IA32_SSE2 -DOPENSSL_BN_ASM_MONT -DOPENSSL_BN_ASM_GF2m -DRC4_ASM -DSHA1_ASM -DSHA256_ASM -DSHA512_ASM -DMD5_ASM -DRMD160_ASM -DAES_ASM -DVPAES_ASM -DWHIRLPOOL_ASM -DGHASH_ASM -I/opt/homebrew/opt/libxml2/include -I/opt/homebrew/opt/libxslt/include  -c -o ocsp_lib.o ocsp_lib.c
cc -I.. -I../.. -I../modes -I../asn1 -I../evp -I../../include  -fPIC -fno-common -DOPENSSL_PIC -DOPENSSL_THREADS -D_REENTRANT -DDSO_DLFCN -DHAVE_DLFCN_H -arch i386 -O3 -fomit-frame-pointer -DL_ENDIAN -DOPENSSL_BN_ASM_PART_WORDS -DOPENSSL_IA32_SSE2 -DOPENSSL_BN_ASM_MONT -DOPENSSL_BN_ASM_GF2m -DRC4_ASM -DSHA1_ASM -DSHA256_ASM -DSHA512_ASM -DMD5_ASM -DRMD160_ASM -DAES_ASM -DVPAES_ASM -DWHIRLPOOL_ASM -DGHASH_ASM -I/opt/homebrew/opt/libxml2/include -I/opt/homebrew/opt/libxslt/include  -c -o ocsp_cl.o ocsp_cl.c
cc -I.. -I../.. -I../modes -I../asn1 -I../evp -I../../include  -fPIC -fno-common -DOPENSSL_PIC -DOPENSSL_THREADS -D_REENTRANT -DDSO_DLFCN -DHAVE_DLFCN_H -arch i386 -O3 -fomit-frame-pointer -DL_ENDIAN -DOPENSSL_BN_ASM_PART_WORDS -DOPENSSL_IA32_SSE2 -DOPENSSL_BN_ASM_MONT -DOPENSSL_BN_ASM_GF2m -DRC4_ASM -DSHA1_ASM -DSHA256_ASM -DSHA512_ASM -DMD5_ASM -DRMD160_ASM -DAES_ASM -DVPAES_ASM -DWHIRLPOOL_ASM -DGHASH_ASM -I/opt/homebrew/opt/libxml2/include -I/opt/homebrew/opt/libxslt/include  -c -o ocsp_srv.o ocsp_srv.c
cc -I.. -I../.. -I../modes -I../asn1 -I../evp -I../../include  -fPIC -fno-common -DOPENSSL_PIC -DOPENSSL_THREADS -D_REENTRANT -DDSO_DLFCN -DHAVE_DLFCN_H -arch i386 -O3 -fomit-frame-pointer -DL_ENDIAN -DOPENSSL_BN_ASM_PART_WORDS -DOPENSSL_IA32_SSE2 -DOPENSSL_BN_ASM_MONT -DOPENSSL_BN_ASM_GF2m -DRC4_ASM -DSHA1_ASM -DSHA256_ASM -DSHA512_ASM -DMD5_ASM -DRMD160_ASM -DAES_ASM -DVPAES_ASM -DWHIRLPOOL_ASM -DGHASH_ASM -I/opt/homebrew/opt/libxml2/include -I/opt/homebrew/opt/libxslt/include  -c -o ocsp_prn.o ocsp_prn.c
cc -I.. -I../.. -I../modes -I../asn1 -I../evp -I../../include  -fPIC -fno-common -DOPENSSL_PIC -DOPENSSL_THREADS -D_REENTRANT -DDSO_DLFCN -DHAVE_DLFCN_H -arch i386 -O3 -fomit-frame-pointer -DL_ENDIAN -DOPENSSL_BN_ASM_PART_WORDS -DOPENSSL_IA32_SSE2 -DOPENSSL_BN_ASM_MONT -DOPENSSL_BN_ASM_GF2m -DRC4_ASM -DSHA1_ASM -DSHA256_ASM -DSHA512_ASM -DMD5_ASM -DRMD160_ASM -DAES_ASM -DVPAES_ASM -DWHIRLPOOL_ASM -DGHASH_ASM -I/opt/homebrew/opt/libxml2/include -I/opt/homebrew/opt/libxslt/include  -c -o ocsp_vfy.o ocsp_vfy.c
cc -I.. -I../.. -I../modes -I../asn1 -I../evp -I../../include  -fPIC -fno-common -DOPENSSL_PIC -DOPENSSL_THREADS -D_REENTRANT -DDSO_DLFCN -DHAVE_DLFCN_H -arch i386 -O3 -fomit-frame-pointer -DL_ENDIAN -DOPENSSL_BN_ASM_PART_WORDS -DOPENSSL_IA32_SSE2 -DOPENSSL_BN_ASM_MONT -DOPENSSL_BN_ASM_GF2m -DRC4_ASM -DSHA1_ASM -DSHA256_ASM -DSHA512_ASM -DMD5_ASM -DRMD160_ASM -DAES_ASM -DVPAES_ASM -DWHIRLPOOL_ASM -DGHASH_ASM -I/opt/homebrew/opt/libxml2/include -I/opt/homebrew/opt/libxslt/include  -c -o ocsp_err.o ocsp_err.c
ar  r ../../libcrypto.a ocsp_asn.o ocsp_ext.o ocsp_ht.o ocsp_lib.o ocsp_cl.o ocsp_srv.o ocsp_prn.o ocsp_vfy.o ocsp_err.o
/Library/Developer/CommandLineTools/usr/bin/ranlib: file: ../../libcrypto.a(ebcdic.o) has no symbols
/Library/Developer/CommandLineTools/usr/bin/ranlib: file: ../../libcrypto.a(fips_ers.o) has no symbols
/Library/Developer/CommandLineTools/usr/bin/ranlib: file: ../../libcrypto.a(ecp_nistp224.o) has no symbols
/Library/Developer/CommandLineTools/usr/bin/ranlib: file: ../../libcrypto.a(ecp_nistp256.o) has no symbols
/Library/Developer/CommandLineTools/usr/bin/ranlib: file: ../../libcrypto.a(ecp_nistp521.o) has no symbols
/Library/Developer/CommandLineTools/usr/bin/ranlib: file: ../../libcrypto.a(ecp_nistputil.o) has no symbols
/Library/Developer/CommandLineTools/usr/bin/ranlib: file: ../../libcrypto.a(rand_win.o) has no symbols
/Library/Developer/CommandLineTools/usr/bin/ranlib: file: ../../libcrypto.a(rand_os2.o) has no symbols
/Library/Developer/CommandLineTools/usr/bin/ranlib: file: ../../libcrypto.a(rand_nw.o) has no symbols
/Library/Developer/CommandLineTools/usr/bin/ranlib: file: ../../libcrypto.a(e_rc5.o) has no symbols
/Library/Developer/CommandLineTools/usr/bin/ranlib: file: ../../libcrypto.a(m_md2.o) has no symbols
/Library/Developer/CommandLineTools/usr/bin/ranlib: file: ../../libcrypto.a(v3_asid.o) has no symbols
/Library/Developer/CommandLineTools/usr/bin/ranlib: file: ../../libcrypto.a(v3_addr.o) has no symbols
/usr/bin/ranlib ../../libcrypto.a || echo Never mind.
/Library/Developer/CommandLineTools/usr/bin/ranlib: file: ../../libcrypto.a(ebcdic.o) has no symbols
/Library/Developer/CommandLineTools/usr/bin/ranlib: file: ../../libcrypto.a(fips_ers.o) has no symbols
/Library/Developer/CommandLineTools/usr/bin/ranlib: file: ../../libcrypto.a(ecp_nistp224.o) has no symbols
/Library/Developer/CommandLineTools/usr/bin/ranlib: file: ../../libcrypto.a(ecp_nistp256.o) has no symbols
/Library/Developer/CommandLineTools/usr/bin/ranlib: file: ../../libcrypto.a(ecp_nistp521.o) has no symbols
/Library/Developer/CommandLineTools/usr/bin/ranlib: file: ../../libcrypto.a(ecp_nistputil.o) has no symbols
/Library/Developer/CommandLineTools/usr/bin/ranlib: file: ../../libcrypto.a(rand_win.o) has no symbols
/Library/Developer/CommandLineTools/usr/bin/ranlib: file: ../../libcrypto.a(rand_os2.o) has no symbols
/Library/Developer/CommandLineTools/usr/bin/ranlib: file: ../../libcrypto.a(rand_nw.o) has no symbols
/Library/Developer/CommandLineTools/usr/bin/ranlib: file: ../../libcrypto.a(e_rc5.o) has no symbols
/Library/Developer/CommandLineTools/usr/bin/ranlib: file: ../../libcrypto.a(m_md2.o) has no symbols
/Library/Developer/CommandLineTools/usr/bin/ranlib: file: ../../libcrypto.a(v3_asid.o) has no symbols
/Library/Developer/CommandLineTools/usr/bin/ranlib: file: ../../libcrypto.a(v3_addr.o) has no symbols
making all in crypto/ui...
cc -I.. -I../.. -I../modes -I../asn1 -I../evp -I../../include  -fPIC -fno-common -DOPENSSL_PIC -DOPENSSL_THREADS -D_REENTRANT -DDSO_DLFCN -DHAVE_DLFCN_H -arch i386 -O3 -fomit-frame-pointer -DL_ENDIAN -DOPENSSL_BN_ASM_PART_WORDS -DOPENSSL_IA32_SSE2 -DOPENSSL_BN_ASM_MONT -DOPENSSL_BN_ASM_GF2m -DRC4_ASM -DSHA1_ASM -DSHA256_ASM -DSHA512_ASM -DMD5_ASM -DRMD160_ASM -DAES_ASM -DVPAES_ASM -DWHIRLPOOL_ASM -DGHASH_ASM -I/opt/homebrew/opt/libxml2/include -I/opt/homebrew/opt/libxslt/include  -c -o ui_err.o ui_err.c
cc -I.. -I../.. -I../modes -I../asn1 -I../evp -I../../include  -fPIC -fno-common -DOPENSSL_PIC -DOPENSSL_THREADS -D_REENTRANT -DDSO_DLFCN -DHAVE_DLFCN_H -arch i386 -O3 -fomit-frame-pointer -DL_ENDIAN -DOPENSSL_BN_ASM_PART_WORDS -DOPENSSL_IA32_SSE2 -DOPENSSL_BN_ASM_MONT -DOPENSSL_BN_ASM_GF2m -DRC4_ASM -DSHA1_ASM -DSHA256_ASM -DSHA512_ASM -DMD5_ASM -DRMD160_ASM -DAES_ASM -DVPAES_ASM -DWHIRLPOOL_ASM -DGHASH_ASM -I/opt/homebrew/opt/libxml2/include -I/opt/homebrew/opt/libxslt/include  -c -o ui_lib.o ui_lib.c
cc -I.. -I../.. -I../modes -I../asn1 -I../evp -I../../include  -fPIC -fno-common -DOPENSSL_PIC -DOPENSSL_THREADS -D_REENTRANT -DDSO_DLFCN -DHAVE_DLFCN_H -arch i386 -O3 -fomit-frame-pointer -DL_ENDIAN -DOPENSSL_BN_ASM_PART_WORDS -DOPENSSL_IA32_SSE2 -DOPENSSL_BN_ASM_MONT -DOPENSSL_BN_ASM_GF2m -DRC4_ASM -DSHA1_ASM -DSHA256_ASM -DSHA512_ASM -DMD5_ASM -DRMD160_ASM -DAES_ASM -DVPAES_ASM -DWHIRLPOOL_ASM -DGHASH_ASM -I/opt/homebrew/opt/libxml2/include -I/opt/homebrew/opt/libxslt/include  -c -o ui_openssl.o ui_openssl.c
cc -I.. -I../.. -I../modes -I../asn1 -I../evp -I../../include  -fPIC -fno-common -DOPENSSL_PIC -DOPENSSL_THREADS -D_REENTRANT -DDSO_DLFCN -DHAVE_DLFCN_H -arch i386 -O3 -fomit-frame-pointer -DL_ENDIAN -DOPENSSL_BN_ASM_PART_WORDS -DOPENSSL_IA32_SSE2 -DOPENSSL_BN_ASM_MONT -DOPENSSL_BN_ASM_GF2m -DRC4_ASM -DSHA1_ASM -DSHA256_ASM -DSHA512_ASM -DMD5_ASM -DRMD160_ASM -DAES_ASM -DVPAES_ASM -DWHIRLPOOL_ASM -DGHASH_ASM -I/opt/homebrew/opt/libxml2/include -I/opt/homebrew/opt/libxslt/include  -c -o ui_util.o ui_util.c
cc -I.. -I../.. -I../modes -I../asn1 -I../evp -I../../include  -fPIC -fno-common -DOPENSSL_PIC -DOPENSSL_THREADS -D_REENTRANT -DDSO_DLFCN -DHAVE_DLFCN_H -arch i386 -O3 -fomit-frame-pointer -DL_ENDIAN -DOPENSSL_BN_ASM_PART_WORDS -DOPENSSL_IA32_SSE2 -DOPENSSL_BN_ASM_MONT -DOPENSSL_BN_ASM_GF2m -DRC4_ASM -DSHA1_ASM -DSHA256_ASM -DSHA512_ASM -DMD5_ASM -DRMD160_ASM -DAES_ASM -DVPAES_ASM -DWHIRLPOOL_ASM -DGHASH_ASM -I/opt/homebrew/opt/libxml2/include -I/opt/homebrew/opt/libxslt/include  -c -o ui_compat.o ui_compat.c
ar  r ../../libcrypto.a ui_err.o ui_lib.o ui_openssl.o ui_util.o ui_compat.o
/Library/Developer/CommandLineTools/usr/bin/ranlib: file: ../../libcrypto.a(ebcdic.o) has no symbols
/Library/Developer/CommandLineTools/usr/bin/ranlib: file: ../../libcrypto.a(fips_ers.o) has no symbols
/Library/Developer/CommandLineTools/usr/bin/ranlib: file: ../../libcrypto.a(ecp_nistp224.o) has no symbols
/Library/Developer/CommandLineTools/usr/bin/ranlib: file: ../../libcrypto.a(ecp_nistp256.o) has no symbols
/Library/Developer/CommandLineTools/usr/bin/ranlib: file: ../../libcrypto.a(ecp_nistp521.o) has no symbols
/Library/Developer/CommandLineTools/usr/bin/ranlib: file: ../../libcrypto.a(ecp_nistputil.o) has no symbols
/Library/Developer/CommandLineTools/usr/bin/ranlib: file: ../../libcrypto.a(rand_win.o) has no symbols
/Library/Developer/CommandLineTools/usr/bin/ranlib: file: ../../libcrypto.a(rand_os2.o) has no symbols
/Library/Developer/CommandLineTools/usr/bin/ranlib: file: ../../libcrypto.a(rand_nw.o) has no symbols
/Library/Developer/CommandLineTools/usr/bin/ranlib: file: ../../libcrypto.a(e_rc5.o) has no symbols
/Library/Developer/CommandLineTools/usr/bin/ranlib: file: ../../libcrypto.a(m_md2.o) has no symbols
/Library/Developer/CommandLineTools/usr/bin/ranlib: file: ../../libcrypto.a(v3_asid.o) has no symbols
/Library/Developer/CommandLineTools/usr/bin/ranlib: file: ../../libcrypto.a(v3_addr.o) has no symbols
/usr/bin/ranlib ../../libcrypto.a || echo Never mind.
/Library/Developer/CommandLineTools/usr/bin/ranlib: file: ../../libcrypto.a(ebcdic.o) has no symbols
/Library/Developer/CommandLineTools/usr/bin/ranlib: file: ../../libcrypto.a(fips_ers.o) has no symbols
/Library/Developer/CommandLineTools/usr/bin/ranlib: file: ../../libcrypto.a(ecp_nistp224.o) has no symbols
/Library/Developer/CommandLineTools/usr/bin/ranlib: file: ../../libcrypto.a(ecp_nistp256.o) has no symbols
/Library/Developer/CommandLineTools/usr/bin/ranlib: file: ../../libcrypto.a(ecp_nistp521.o) has no symbols
/Library/Developer/CommandLineTools/usr/bin/ranlib: file: ../../libcrypto.a(ecp_nistputil.o) has no symbols
/Library/Developer/CommandLineTools/usr/bin/ranlib: file: ../../libcrypto.a(rand_win.o) has no symbols
/Library/Developer/CommandLineTools/usr/bin/ranlib: file: ../../libcrypto.a(rand_os2.o) has no symbols
/Library/Developer/CommandLineTools/usr/bin/ranlib: file: ../../libcrypto.a(rand_nw.o) has no symbols
/Library/Developer/CommandLineTools/usr/bin/ranlib: file: ../../libcrypto.a(e_rc5.o) has no symbols
/Library/Developer/CommandLineTools/usr/bin/ranlib: file: ../../libcrypto.a(m_md2.o) has no symbols
/Library/Developer/CommandLineTools/usr/bin/ranlib: file: ../../libcrypto.a(v3_asid.o) has no symbols
/Library/Developer/CommandLineTools/usr/bin/ranlib: file: ../../libcrypto.a(v3_addr.o) has no symbols
making all in crypto/krb5...
cc -I.. -I../.. -I../modes -I../asn1 -I../evp -I../../include  -fPIC -fno-common -DOPENSSL_PIC -DOPENSSL_THREADS -D_REENTRANT -DDSO_DLFCN -DHAVE_DLFCN_H -arch i386 -O3 -fomit-frame-pointer -DL_ENDIAN -DOPENSSL_BN_ASM_PART_WORDS -DOPENSSL_IA32_SSE2 -DOPENSSL_BN_ASM_MONT -DOPENSSL_BN_ASM_GF2m -DRC4_ASM -DSHA1_ASM -DSHA256_ASM -DSHA512_ASM -DMD5_ASM -DRMD160_ASM -DAES_ASM -DVPAES_ASM -DWHIRLPOOL_ASM -DGHASH_ASM -I/opt/homebrew/opt/libxml2/include -I/opt/homebrew/opt/libxslt/include  -c -o krb5_asn.o krb5_asn.c
ar  r ../../libcrypto.a krb5_asn.o
/Library/Developer/CommandLineTools/usr/bin/ranlib: file: ../../libcrypto.a(ebcdic.o) has no symbols
/Library/Developer/CommandLineTools/usr/bin/ranlib: file: ../../libcrypto.a(fips_ers.o) has no symbols
/Library/Developer/CommandLineTools/usr/bin/ranlib: file: ../../libcrypto.a(ecp_nistp224.o) has no symbols
/Library/Developer/CommandLineTools/usr/bin/ranlib: file: ../../libcrypto.a(ecp_nistp256.o) has no symbols
/Library/Developer/CommandLineTools/usr/bin/ranlib: file: ../../libcrypto.a(ecp_nistp521.o) has no symbols
/Library/Developer/CommandLineTools/usr/bin/ranlib: file: ../../libcrypto.a(ecp_nistputil.o) has no symbols
/Library/Developer/CommandLineTools/usr/bin/ranlib: file: ../../libcrypto.a(rand_win.o) has no symbols
/Library/Developer/CommandLineTools/usr/bin/ranlib: file: ../../libcrypto.a(rand_os2.o) has no symbols
/Library/Developer/CommandLineTools/usr/bin/ranlib: file: ../../libcrypto.a(rand_nw.o) has no symbols
/Library/Developer/CommandLineTools/usr/bin/ranlib: file: ../../libcrypto.a(e_rc5.o) has no symbols
/Library/Developer/CommandLineTools/usr/bin/ranlib: file: ../../libcrypto.a(m_md2.o) has no symbols
/Library/Developer/CommandLineTools/usr/bin/ranlib: file: ../../libcrypto.a(v3_asid.o) has no symbols
/Library/Developer/CommandLineTools/usr/bin/ranlib: file: ../../libcrypto.a(v3_addr.o) has no symbols
/usr/bin/ranlib ../../libcrypto.a || echo Never mind.
/Library/Developer/CommandLineTools/usr/bin/ranlib: file: ../../libcrypto.a(ebcdic.o) has no symbols
/Library/Developer/CommandLineTools/usr/bin/ranlib: file: ../../libcrypto.a(fips_ers.o) has no symbols
/Library/Developer/CommandLineTools/usr/bin/ranlib: file: ../../libcrypto.a(ecp_nistp224.o) has no symbols
/Library/Developer/CommandLineTools/usr/bin/ranlib: file: ../../libcrypto.a(ecp_nistp256.o) has no symbols
/Library/Developer/CommandLineTools/usr/bin/ranlib: file: ../../libcrypto.a(ecp_nistp521.o) has no symbols
/Library/Developer/CommandLineTools/usr/bin/ranlib: file: ../../libcrypto.a(ecp_nistputil.o) has no symbols
/Library/Developer/CommandLineTools/usr/bin/ranlib: file: ../../libcrypto.a(rand_win.o) has no symbols
/Library/Developer/CommandLineTools/usr/bin/ranlib: file: ../../libcrypto.a(rand_os2.o) has no symbols
/Library/Developer/CommandLineTools/usr/bin/ranlib: file: ../../libcrypto.a(rand_nw.o) has no symbols
/Library/Developer/CommandLineTools/usr/bin/ranlib: file: ../../libcrypto.a(e_rc5.o) has no symbols
/Library/Developer/CommandLineTools/usr/bin/ranlib: file: ../../libcrypto.a(m_md2.o) has no symbols
/Library/Developer/CommandLineTools/usr/bin/ranlib: file: ../../libcrypto.a(v3_asid.o) has no symbols
/Library/Developer/CommandLineTools/usr/bin/ranlib: file: ../../libcrypto.a(v3_addr.o) has no symbols
making all in crypto/cms...
cc -I.. -I../.. -I../modes -I../asn1 -I../evp -I../../include  -fPIC -fno-common -DOPENSSL_PIC -DOPENSSL_THREADS -D_REENTRANT -DDSO_DLFCN -DHAVE_DLFCN_H -arch i386 -O3 -fomit-frame-pointer -DL_ENDIAN -DOPENSSL_BN_ASM_PART_WORDS -DOPENSSL_IA32_SSE2 -DOPENSSL_BN_ASM_MONT -DOPENSSL_BN_ASM_GF2m -DRC4_ASM -DSHA1_ASM -DSHA256_ASM -DSHA512_ASM -DMD5_ASM -DRMD160_ASM -DAES_ASM -DVPAES_ASM -DWHIRLPOOL_ASM -DGHASH_ASM -I/opt/homebrew/opt/libxml2/include -I/opt/homebrew/opt/libxslt/include  -c -o cms_lib.o cms_lib.c
cc -I.. -I../.. -I../modes -I../asn1 -I../evp -I../../include  -fPIC -fno-common -DOPENSSL_PIC -DOPENSSL_THREADS -D_REENTRANT -DDSO_DLFCN -DHAVE_DLFCN_H -arch i386 -O3 -fomit-frame-pointer -DL_ENDIAN -DOPENSSL_BN_ASM_PART_WORDS -DOPENSSL_IA32_SSE2 -DOPENSSL_BN_ASM_MONT -DOPENSSL_BN_ASM_GF2m -DRC4_ASM -DSHA1_ASM -DSHA256_ASM -DSHA512_ASM -DMD5_ASM -DRMD160_ASM -DAES_ASM -DVPAES_ASM -DWHIRLPOOL_ASM -DGHASH_ASM -I/opt/homebrew/opt/libxml2/include -I/opt/homebrew/opt/libxslt/include  -c -o cms_asn1.o cms_asn1.c
cc -I.. -I../.. -I../modes -I../asn1 -I../evp -I../../include  -fPIC -fno-common -DOPENSSL_PIC -DOPENSSL_THREADS -D_REENTRANT -DDSO_DLFCN -DHAVE_DLFCN_H -arch i386 -O3 -fomit-frame-pointer -DL_ENDIAN -DOPENSSL_BN_ASM_PART_WORDS -DOPENSSL_IA32_SSE2 -DOPENSSL_BN_ASM_MONT -DOPENSSL_BN_ASM_GF2m -DRC4_ASM -DSHA1_ASM -DSHA256_ASM -DSHA512_ASM -DMD5_ASM -DRMD160_ASM -DAES_ASM -DVPAES_ASM -DWHIRLPOOL_ASM -DGHASH_ASM -I/opt/homebrew/opt/libxml2/include -I/opt/homebrew/opt/libxslt/include  -c -o cms_att.o cms_att.c
cc -I.. -I../.. -I../modes -I../asn1 -I../evp -I../../include  -fPIC -fno-common -DOPENSSL_PIC -DOPENSSL_THREADS -D_REENTRANT -DDSO_DLFCN -DHAVE_DLFCN_H -arch i386 -O3 -fomit-frame-pointer -DL_ENDIAN -DOPENSSL_BN_ASM_PART_WORDS -DOPENSSL_IA32_SSE2 -DOPENSSL_BN_ASM_MONT -DOPENSSL_BN_ASM_GF2m -DRC4_ASM -DSHA1_ASM -DSHA256_ASM -DSHA512_ASM -DMD5_ASM -DRMD160_ASM -DAES_ASM -DVPAES_ASM -DWHIRLPOOL_ASM -DGHASH_ASM -I/opt/homebrew/opt/libxml2/include -I/opt/homebrew/opt/libxslt/include  -c -o cms_io.o cms_io.c
cc -I.. -I../.. -I../modes -I../asn1 -I../evp -I../../include  -fPIC -fno-common -DOPENSSL_PIC -DOPENSSL_THREADS -D_REENTRANT -DDSO_DLFCN -DHAVE_DLFCN_H -arch i386 -O3 -fomit-frame-pointer -DL_ENDIAN -DOPENSSL_BN_ASM_PART_WORDS -DOPENSSL_IA32_SSE2 -DOPENSSL_BN_ASM_MONT -DOPENSSL_BN_ASM_GF2m -DRC4_ASM -DSHA1_ASM -DSHA256_ASM -DSHA512_ASM -DMD5_ASM -DRMD160_ASM -DAES_ASM -DVPAES_ASM -DWHIRLPOOL_ASM -DGHASH_ASM -I/opt/homebrew/opt/libxml2/include -I/opt/homebrew/opt/libxslt/include  -c -o cms_smime.o cms_smime.c
cc -I.. -I../.. -I../modes -I../asn1 -I../evp -I../../include  -fPIC -fno-common -DOPENSSL_PIC -DOPENSSL_THREADS -D_REENTRANT -DDSO_DLFCN -DHAVE_DLFCN_H -arch i386 -O3 -fomit-frame-pointer -DL_ENDIAN -DOPENSSL_BN_ASM_PART_WORDS -DOPENSSL_IA32_SSE2 -DOPENSSL_BN_ASM_MONT -DOPENSSL_BN_ASM_GF2m -DRC4_ASM -DSHA1_ASM -DSHA256_ASM -DSHA512_ASM -DMD5_ASM -DRMD160_ASM -DAES_ASM -DVPAES_ASM -DWHIRLPOOL_ASM -DGHASH_ASM -I/opt/homebrew/opt/libxml2/include -I/opt/homebrew/opt/libxslt/include  -c -o cms_err.o cms_err.c
cc -I.. -I../.. -I../modes -I../asn1 -I../evp -I../../include  -fPIC -fno-common -DOPENSSL_PIC -DOPENSSL_THREADS -D_REENTRANT -DDSO_DLFCN -DHAVE_DLFCN_H -arch i386 -O3 -fomit-frame-pointer -DL_ENDIAN -DOPENSSL_BN_ASM_PART_WORDS -DOPENSSL_IA32_SSE2 -DOPENSSL_BN_ASM_MONT -DOPENSSL_BN_ASM_GF2m -DRC4_ASM -DSHA1_ASM -DSHA256_ASM -DSHA512_ASM -DMD5_ASM -DRMD160_ASM -DAES_ASM -DVPAES_ASM -DWHIRLPOOL_ASM -DGHASH_ASM -I/opt/homebrew/opt/libxml2/include -I/opt/homebrew/opt/libxslt/include  -c -o cms_sd.o cms_sd.c
cc -I.. -I../.. -I../modes -I../asn1 -I../evp -I../../include  -fPIC -fno-common -DOPENSSL_PIC -DOPENSSL_THREADS -D_REENTRANT -DDSO_DLFCN -DHAVE_DLFCN_H -arch i386 -O3 -fomit-frame-pointer -DL_ENDIAN -DOPENSSL_BN_ASM_PART_WORDS -DOPENSSL_IA32_SSE2 -DOPENSSL_BN_ASM_MONT -DOPENSSL_BN_ASM_GF2m -DRC4_ASM -DSHA1_ASM -DSHA256_ASM -DSHA512_ASM -DMD5_ASM -DRMD160_ASM -DAES_ASM -DVPAES_ASM -DWHIRLPOOL_ASM -DGHASH_ASM -I/opt/homebrew/opt/libxml2/include -I/opt/homebrew/opt/libxslt/include  -c -o cms_dd.o cms_dd.c
cc -I.. -I../.. -I../modes -I../asn1 -I../evp -I../../include  -fPIC -fno-common -DOPENSSL_PIC -DOPENSSL_THREADS -D_REENTRANT -DDSO_DLFCN -DHAVE_DLFCN_H -arch i386 -O3 -fomit-frame-pointer -DL_ENDIAN -DOPENSSL_BN_ASM_PART_WORDS -DOPENSSL_IA32_SSE2 -DOPENSSL_BN_ASM_MONT -DOPENSSL_BN_ASM_GF2m -DRC4_ASM -DSHA1_ASM -DSHA256_ASM -DSHA512_ASM -DMD5_ASM -DRMD160_ASM -DAES_ASM -DVPAES_ASM -DWHIRLPOOL_ASM -DGHASH_ASM -I/opt/homebrew/opt/libxml2/include -I/opt/homebrew/opt/libxslt/include  -c -o cms_cd.o cms_cd.c
cc -I.. -I../.. -I../modes -I../asn1 -I../evp -I../../include  -fPIC -fno-common -DOPENSSL_PIC -DOPENSSL_THREADS -D_REENTRANT -DDSO_DLFCN -DHAVE_DLFCN_H -arch i386 -O3 -fomit-frame-pointer -DL_ENDIAN -DOPENSSL_BN_ASM_PART_WORDS -DOPENSSL_IA32_SSE2 -DOPENSSL_BN_ASM_MONT -DOPENSSL_BN_ASM_GF2m -DRC4_ASM -DSHA1_ASM -DSHA256_ASM -DSHA512_ASM -DMD5_ASM -DRMD160_ASM -DAES_ASM -DVPAES_ASM -DWHIRLPOOL_ASM -DGHASH_ASM -I/opt/homebrew/opt/libxml2/include -I/opt/homebrew/opt/libxslt/include  -c -o cms_env.o cms_env.c
cc -I.. -I../.. -I../modes -I../asn1 -I../evp -I../../include  -fPIC -fno-common -DOPENSSL_PIC -DOPENSSL_THREADS -D_REENTRANT -DDSO_DLFCN -DHAVE_DLFCN_H -arch i386 -O3 -fomit-frame-pointer -DL_ENDIAN -DOPENSSL_BN_ASM_PART_WORDS -DOPENSSL_IA32_SSE2 -DOPENSSL_BN_ASM_MONT -DOPENSSL_BN_ASM_GF2m -DRC4_ASM -DSHA1_ASM -DSHA256_ASM -DSHA512_ASM -DMD5_ASM -DRMD160_ASM -DAES_ASM -DVPAES_ASM -DWHIRLPOOL_ASM -DGHASH_ASM -I/opt/homebrew/opt/libxml2/include -I/opt/homebrew/opt/libxslt/include  -c -o cms_enc.o cms_enc.c
cc -I.. -I../.. -I../modes -I../asn1 -I../evp -I../../include  -fPIC -fno-common -DOPENSSL_PIC -DOPENSSL_THREADS -D_REENTRANT -DDSO_DLFCN -DHAVE_DLFCN_H -arch i386 -O3 -fomit-frame-pointer -DL_ENDIAN -DOPENSSL_BN_ASM_PART_WORDS -DOPENSSL_IA32_SSE2 -DOPENSSL_BN_ASM_MONT -DOPENSSL_BN_ASM_GF2m -DRC4_ASM -DSHA1_ASM -DSHA256_ASM -DSHA512_ASM -DMD5_ASM -DRMD160_ASM -DAES_ASM -DVPAES_ASM -DWHIRLPOOL_ASM -DGHASH_ASM -I/opt/homebrew/opt/libxml2/include -I/opt/homebrew/opt/libxslt/include  -c -o cms_ess.o cms_ess.c
cc -I.. -I../.. -I../modes -I../asn1 -I../evp -I../../include  -fPIC -fno-common -DOPENSSL_PIC -DOPENSSL_THREADS -D_REENTRANT -DDSO_DLFCN -DHAVE_DLFCN_H -arch i386 -O3 -fomit-frame-pointer -DL_ENDIAN -DOPENSSL_BN_ASM_PART_WORDS -DOPENSSL_IA32_SSE2 -DOPENSSL_BN_ASM_MONT -DOPENSSL_BN_ASM_GF2m -DRC4_ASM -DSHA1_ASM -DSHA256_ASM -DSHA512_ASM -DMD5_ASM -DRMD160_ASM -DAES_ASM -DVPAES_ASM -DWHIRLPOOL_ASM -DGHASH_ASM -I/opt/homebrew/opt/libxml2/include -I/opt/homebrew/opt/libxslt/include  -c -o cms_pwri.o cms_pwri.c
cc -I.. -I../.. -I../modes -I../asn1 -I../evp -I../../include  -fPIC -fno-common -DOPENSSL_PIC -DOPENSSL_THREADS -D_REENTRANT -DDSO_DLFCN -DHAVE_DLFCN_H -arch i386 -O3 -fomit-frame-pointer -DL_ENDIAN -DOPENSSL_BN_ASM_PART_WORDS -DOPENSSL_IA32_SSE2 -DOPENSSL_BN_ASM_MONT -DOPENSSL_BN_ASM_GF2m -DRC4_ASM -DSHA1_ASM -DSHA256_ASM -DSHA512_ASM -DMD5_ASM -DRMD160_ASM -DAES_ASM -DVPAES_ASM -DWHIRLPOOL_ASM -DGHASH_ASM -I/opt/homebrew/opt/libxml2/include -I/opt/homebrew/opt/libxslt/include  -c -o cms_kari.o cms_kari.c
ar  r ../../libcrypto.a cms_lib.o cms_asn1.o cms_att.o cms_io.o cms_smime.o cms_err.o cms_sd.o cms_dd.o cms_cd.o cms_env.o cms_enc.o cms_ess.o cms_pwri.o cms_kari.o
/Library/Developer/CommandLineTools/usr/bin/ranlib: file: ../../libcrypto.a(ebcdic.o) has no symbols
/Library/Developer/CommandLineTools/usr/bin/ranlib: file: ../../libcrypto.a(fips_ers.o) has no symbols
/Library/Developer/CommandLineTools/usr/bin/ranlib: file: ../../libcrypto.a(ecp_nistp224.o) has no symbols
/Library/Developer/CommandLineTools/usr/bin/ranlib: file: ../../libcrypto.a(ecp_nistp256.o) has no symbols
/Library/Developer/CommandLineTools/usr/bin/ranlib: file: ../../libcrypto.a(ecp_nistp521.o) has no symbols
/Library/Developer/CommandLineTools/usr/bin/ranlib: file: ../../libcrypto.a(ecp_nistputil.o) has no symbols
/Library/Developer/CommandLineTools/usr/bin/ranlib: file: ../../libcrypto.a(rand_win.o) has no symbols
/Library/Developer/CommandLineTools/usr/bin/ranlib: file: ../../libcrypto.a(rand_os2.o) has no symbols
/Library/Developer/CommandLineTools/usr/bin/ranlib: file: ../../libcrypto.a(rand_nw.o) has no symbols
/Library/Developer/CommandLineTools/usr/bin/ranlib: file: ../../libcrypto.a(e_rc5.o) has no symbols
/Library/Developer/CommandLineTools/usr/bin/ranlib: file: ../../libcrypto.a(m_md2.o) has no symbols
/Library/Developer/CommandLineTools/usr/bin/ranlib: file: ../../libcrypto.a(v3_asid.o) has no symbols
/Library/Developer/CommandLineTools/usr/bin/ranlib: file: ../../libcrypto.a(v3_addr.o) has no symbols
/Library/Developer/CommandLineTools/usr/bin/ranlib: file: ../../libcrypto.a(cms_cd.o) has no symbols
/usr/bin/ranlib ../../libcrypto.a || echo Never mind.
/Library/Developer/CommandLineTools/usr/bin/ranlib: file: ../../libcrypto.a(ebcdic.o) has no symbols
/Library/Developer/CommandLineTools/usr/bin/ranlib: file: ../../libcrypto.a(fips_ers.o) has no symbols
/Library/Developer/CommandLineTools/usr/bin/ranlib: file: ../../libcrypto.a(ecp_nistp224.o) has no symbols
/Library/Developer/CommandLineTools/usr/bin/ranlib: file: ../../libcrypto.a(ecp_nistp256.o) has no symbols
/Library/Developer/CommandLineTools/usr/bin/ranlib: file: ../../libcrypto.a(ecp_nistp521.o) has no symbols
/Library/Developer/CommandLineTools/usr/bin/ranlib: file: ../../libcrypto.a(ecp_nistputil.o) has no symbols
/Library/Developer/CommandLineTools/usr/bin/ranlib: file: ../../libcrypto.a(rand_win.o) has no symbols
/Library/Developer/CommandLineTools/usr/bin/ranlib: file: ../../libcrypto.a(rand_os2.o) has no symbols
/Library/Developer/CommandLineTools/usr/bin/ranlib: file: ../../libcrypto.a(rand_nw.o) has no symbols
/Library/Developer/CommandLineTools/usr/bin/ranlib: file: ../../libcrypto.a(e_rc5.o) has no symbols
/Library/Developer/CommandLineTools/usr/bin/ranlib: file: ../../libcrypto.a(m_md2.o) has no symbols
/Library/Developer/CommandLineTools/usr/bin/ranlib: file: ../../libcrypto.a(v3_asid.o) has no symbols
/Library/Developer/CommandLineTools/usr/bin/ranlib: file: ../../libcrypto.a(v3_addr.o) has no symbols
/Library/Developer/CommandLineTools/usr/bin/ranlib: file: ../../libcrypto.a(cms_cd.o) has no symbols
making all in crypto/pqueue...
cc -I.. -I../.. -I../modes -I../asn1 -I../evp -I../../include  -fPIC -fno-common -DOPENSSL_PIC -DOPENSSL_THREADS -D_REENTRANT -DDSO_DLFCN -DHAVE_DLFCN_H -arch i386 -O3 -fomit-frame-pointer -DL_ENDIAN -DOPENSSL_BN_ASM_PART_WORDS -DOPENSSL_IA32_SSE2 -DOPENSSL_BN_ASM_MONT -DOPENSSL_BN_ASM_GF2m -DRC4_ASM -DSHA1_ASM -DSHA256_ASM -DSHA512_ASM -DMD5_ASM -DRMD160_ASM -DAES_ASM -DVPAES_ASM -DWHIRLPOOL_ASM -DGHASH_ASM -I/opt/homebrew/opt/libxml2/include -I/opt/homebrew/opt/libxslt/include  -c -o pqueue.o pqueue.c
ar  r ../../libcrypto.a pqueue.o
/Library/Developer/CommandLineTools/usr/bin/ranlib: file: ../../libcrypto.a(ebcdic.o) has no symbols
/Library/Developer/CommandLineTools/usr/bin/ranlib: file: ../../libcrypto.a(fips_ers.o) has no symbols
/Library/Developer/CommandLineTools/usr/bin/ranlib: file: ../../libcrypto.a(ecp_nistp224.o) has no symbols
/Library/Developer/CommandLineTools/usr/bin/ranlib: file: ../../libcrypto.a(ecp_nistp256.o) has no symbols
/Library/Developer/CommandLineTools/usr/bin/ranlib: file: ../../libcrypto.a(ecp_nistp521.o) has no symbols
/Library/Developer/CommandLineTools/usr/bin/ranlib: file: ../../libcrypto.a(ecp_nistputil.o) has no symbols
/Library/Developer/CommandLineTools/usr/bin/ranlib: file: ../../libcrypto.a(rand_win.o) has no symbols
/Library/Developer/CommandLineTools/usr/bin/ranlib: file: ../../libcrypto.a(rand_os2.o) has no symbols
/Library/Developer/CommandLineTools/usr/bin/ranlib: file: ../../libcrypto.a(rand_nw.o) has no symbols
/Library/Developer/CommandLineTools/usr/bin/ranlib: file: ../../libcrypto.a(e_rc5.o) has no symbols
/Library/Developer/CommandLineTools/usr/bin/ranlib: file: ../../libcrypto.a(m_md2.o) has no symbols
/Library/Developer/CommandLineTools/usr/bin/ranlib: file: ../../libcrypto.a(v3_asid.o) has no symbols
/Library/Developer/CommandLineTools/usr/bin/ranlib: file: ../../libcrypto.a(v3_addr.o) has no symbols
/Library/Developer/CommandLineTools/usr/bin/ranlib: file: ../../libcrypto.a(cms_cd.o) has no symbols
/usr/bin/ranlib ../../libcrypto.a || echo Never mind.
/Library/Developer/CommandLineTools/usr/bin/ranlib: file: ../../libcrypto.a(ebcdic.o) has no symbols
/Library/Developer/CommandLineTools/usr/bin/ranlib: file: ../../libcrypto.a(fips_ers.o) has no symbols
/Library/Developer/CommandLineTools/usr/bin/ranlib: file: ../../libcrypto.a(ecp_nistp224.o) has no symbols
/Library/Developer/CommandLineTools/usr/bin/ranlib: file: ../../libcrypto.a(ecp_nistp256.o) has no symbols
/Library/Developer/CommandLineTools/usr/bin/ranlib: file: ../../libcrypto.a(ecp_nistp521.o) has no symbols
/Library/Developer/CommandLineTools/usr/bin/ranlib: file: ../../libcrypto.a(ecp_nistputil.o) has no symbols
/Library/Developer/CommandLineTools/usr/bin/ranlib: file: ../../libcrypto.a(rand_win.o) has no symbols
/Library/Developer/CommandLineTools/usr/bin/ranlib: file: ../../libcrypto.a(rand_os2.o) has no symbols
/Library/Developer/CommandLineTools/usr/bin/ranlib: file: ../../libcrypto.a(rand_nw.o) has no symbols
/Library/Developer/CommandLineTools/usr/bin/ranlib: file: ../../libcrypto.a(e_rc5.o) has no symbols
/Library/Developer/CommandLineTools/usr/bin/ranlib: file: ../../libcrypto.a(m_md2.o) has no symbols
/Library/Developer/CommandLineTools/usr/bin/ranlib: file: ../../libcrypto.a(v3_asid.o) has no symbols
/Library/Developer/CommandLineTools/usr/bin/ranlib: file: ../../libcrypto.a(v3_addr.o) has no symbols
/Library/Developer/CommandLineTools/usr/bin/ranlib: file: ../../libcrypto.a(cms_cd.o) has no symbols
making all in crypto/ts...
cc -I.. -I../.. -I../modes -I../asn1 -I../evp -I../../include  -fPIC -fno-common -DOPENSSL_PIC -DOPENSSL_THREADS -D_REENTRANT -DDSO_DLFCN -DHAVE_DLFCN_H -arch i386 -O3 -fomit-frame-pointer -DL_ENDIAN -DOPENSSL_BN_ASM_PART_WORDS -DOPENSSL_IA32_SSE2 -DOPENSSL_BN_ASM_MONT -DOPENSSL_BN_ASM_GF2m -DRC4_ASM -DSHA1_ASM -DSHA256_ASM -DSHA512_ASM -DMD5_ASM -DRMD160_ASM -DAES_ASM -DVPAES_ASM -DWHIRLPOOL_ASM -DGHASH_ASM -I/opt/homebrew/opt/libxml2/include -I/opt/homebrew/opt/libxslt/include  -c -o ts_err.o ts_err.c
cc -I.. -I../.. -I../modes -I../asn1 -I../evp -I../../include  -fPIC -fno-common -DOPENSSL_PIC -DOPENSSL_THREADS -D_REENTRANT -DDSO_DLFCN -DHAVE_DLFCN_H -arch i386 -O3 -fomit-frame-pointer -DL_ENDIAN -DOPENSSL_BN_ASM_PART_WORDS -DOPENSSL_IA32_SSE2 -DOPENSSL_BN_ASM_MONT -DOPENSSL_BN_ASM_GF2m -DRC4_ASM -DSHA1_ASM -DSHA256_ASM -DSHA512_ASM -DMD5_ASM -DRMD160_ASM -DAES_ASM -DVPAES_ASM -DWHIRLPOOL_ASM -DGHASH_ASM -I/opt/homebrew/opt/libxml2/include -I/opt/homebrew/opt/libxslt/include  -c -o ts_req_utils.o ts_req_utils.c
cc -I.. -I../.. -I../modes -I../asn1 -I../evp -I../../include  -fPIC -fno-common -DOPENSSL_PIC -DOPENSSL_THREADS -D_REENTRANT -DDSO_DLFCN -DHAVE_DLFCN_H -arch i386 -O3 -fomit-frame-pointer -DL_ENDIAN -DOPENSSL_BN_ASM_PART_WORDS -DOPENSSL_IA32_SSE2 -DOPENSSL_BN_ASM_MONT -DOPENSSL_BN_ASM_GF2m -DRC4_ASM -DSHA1_ASM -DSHA256_ASM -DSHA512_ASM -DMD5_ASM -DRMD160_ASM -DAES_ASM -DVPAES_ASM -DWHIRLPOOL_ASM -DGHASH_ASM -I/opt/homebrew/opt/libxml2/include -I/opt/homebrew/opt/libxslt/include  -c -o ts_req_print.o ts_req_print.c
cc -I.. -I../.. -I../modes -I../asn1 -I../evp -I../../include  -fPIC -fno-common -DOPENSSL_PIC -DOPENSSL_THREADS -D_REENTRANT -DDSO_DLFCN -DHAVE_DLFCN_H -arch i386 -O3 -fomit-frame-pointer -DL_ENDIAN -DOPENSSL_BN_ASM_PART_WORDS -DOPENSSL_IA32_SSE2 -DOPENSSL_BN_ASM_MONT -DOPENSSL_BN_ASM_GF2m -DRC4_ASM -DSHA1_ASM -DSHA256_ASM -DSHA512_ASM -DMD5_ASM -DRMD160_ASM -DAES_ASM -DVPAES_ASM -DWHIRLPOOL_ASM -DGHASH_ASM -I/opt/homebrew/opt/libxml2/include -I/opt/homebrew/opt/libxslt/include  -c -o ts_rsp_utils.o ts_rsp_utils.c
cc -I.. -I../.. -I../modes -I../asn1 -I../evp -I../../include  -fPIC -fno-common -DOPENSSL_PIC -DOPENSSL_THREADS -D_REENTRANT -DDSO_DLFCN -DHAVE_DLFCN_H -arch i386 -O3 -fomit-frame-pointer -DL_ENDIAN -DOPENSSL_BN_ASM_PART_WORDS -DOPENSSL_IA32_SSE2 -DOPENSSL_BN_ASM_MONT -DOPENSSL_BN_ASM_GF2m -DRC4_ASM -DSHA1_ASM -DSHA256_ASM -DSHA512_ASM -DMD5_ASM -DRMD160_ASM -DAES_ASM -DVPAES_ASM -DWHIRLPOOL_ASM -DGHASH_ASM -I/opt/homebrew/opt/libxml2/include -I/opt/homebrew/opt/libxslt/include  -c -o ts_rsp_print.o ts_rsp_print.c
cc -I.. -I../.. -I../modes -I../asn1 -I../evp -I../../include  -fPIC -fno-common -DOPENSSL_PIC -DOPENSSL_THREADS -D_REENTRANT -DDSO_DLFCN -DHAVE_DLFCN_H -arch i386 -O3 -fomit-frame-pointer -DL_ENDIAN -DOPENSSL_BN_ASM_PART_WORDS -DOPENSSL_IA32_SSE2 -DOPENSSL_BN_ASM_MONT -DOPENSSL_BN_ASM_GF2m -DRC4_ASM -DSHA1_ASM -DSHA256_ASM -DSHA512_ASM -DMD5_ASM -DRMD160_ASM -DAES_ASM -DVPAES_ASM -DWHIRLPOOL_ASM -DGHASH_ASM -I/opt/homebrew/opt/libxml2/include -I/opt/homebrew/opt/libxslt/include  -c -o ts_rsp_sign.o ts_rsp_sign.c
cc -I.. -I../.. -I../modes -I../asn1 -I../evp -I../../include  -fPIC -fno-common -DOPENSSL_PIC -DOPENSSL_THREADS -D_REENTRANT -DDSO_DLFCN -DHAVE_DLFCN_H -arch i386 -O3 -fomit-frame-pointer -DL_ENDIAN -DOPENSSL_BN_ASM_PART_WORDS -DOPENSSL_IA32_SSE2 -DOPENSSL_BN_ASM_MONT -DOPENSSL_BN_ASM_GF2m -DRC4_ASM -DSHA1_ASM -DSHA256_ASM -DSHA512_ASM -DMD5_ASM -DRMD160_ASM -DAES_ASM -DVPAES_ASM -DWHIRLPOOL_ASM -DGHASH_ASM -I/opt/homebrew/opt/libxml2/include -I/opt/homebrew/opt/libxslt/include  -c -o ts_rsp_verify.o ts_rsp_verify.c
cc -I.. -I../.. -I../modes -I../asn1 -I../evp -I../../include  -fPIC -fno-common -DOPENSSL_PIC -DOPENSSL_THREADS -D_REENTRANT -DDSO_DLFCN -DHAVE_DLFCN_H -arch i386 -O3 -fomit-frame-pointer -DL_ENDIAN -DOPENSSL_BN_ASM_PART_WORDS -DOPENSSL_IA32_SSE2 -DOPENSSL_BN_ASM_MONT -DOPENSSL_BN_ASM_GF2m -DRC4_ASM -DSHA1_ASM -DSHA256_ASM -DSHA512_ASM -DMD5_ASM -DRMD160_ASM -DAES_ASM -DVPAES_ASM -DWHIRLPOOL_ASM -DGHASH_ASM -I/opt/homebrew/opt/libxml2/include -I/opt/homebrew/opt/libxslt/include  -c -o ts_verify_ctx.o ts_verify_ctx.c
cc -I.. -I../.. -I../modes -I../asn1 -I../evp -I../../include  -fPIC -fno-common -DOPENSSL_PIC -DOPENSSL_THREADS -D_REENTRANT -DDSO_DLFCN -DHAVE_DLFCN_H -arch i386 -O3 -fomit-frame-pointer -DL_ENDIAN -DOPENSSL_BN_ASM_PART_WORDS -DOPENSSL_IA32_SSE2 -DOPENSSL_BN_ASM_MONT -DOPENSSL_BN_ASM_GF2m -DRC4_ASM -DSHA1_ASM -DSHA256_ASM -DSHA512_ASM -DMD5_ASM -DRMD160_ASM -DAES_ASM -DVPAES_ASM -DWHIRLPOOL_ASM -DGHASH_ASM -I/opt/homebrew/opt/libxml2/include -I/opt/homebrew/opt/libxslt/include  -c -o ts_lib.o ts_lib.c
cc -I.. -I../.. -I../modes -I../asn1 -I../evp -I../../include  -fPIC -fno-common -DOPENSSL_PIC -DOPENSSL_THREADS -D_REENTRANT -DDSO_DLFCN -DHAVE_DLFCN_H -arch i386 -O3 -fomit-frame-pointer -DL_ENDIAN -DOPENSSL_BN_ASM_PART_WORDS -DOPENSSL_IA32_SSE2 -DOPENSSL_BN_ASM_MONT -DOPENSSL_BN_ASM_GF2m -DRC4_ASM -DSHA1_ASM -DSHA256_ASM -DSHA512_ASM -DMD5_ASM -DRMD160_ASM -DAES_ASM -DVPAES_ASM -DWHIRLPOOL_ASM -DGHASH_ASM -I/opt/homebrew/opt/libxml2/include -I/opt/homebrew/opt/libxslt/include  -c -o ts_conf.o ts_conf.c
cc -I.. -I../.. -I../modes -I../asn1 -I../evp -I../../include  -fPIC -fno-common -DOPENSSL_PIC -DOPENSSL_THREADS -D_REENTRANT -DDSO_DLFCN -DHAVE_DLFCN_H -arch i386 -O3 -fomit-frame-pointer -DL_ENDIAN -DOPENSSL_BN_ASM_PART_WORDS -DOPENSSL_IA32_SSE2 -DOPENSSL_BN_ASM_MONT -DOPENSSL_BN_ASM_GF2m -DRC4_ASM -DSHA1_ASM -DSHA256_ASM -DSHA512_ASM -DMD5_ASM -DRMD160_ASM -DAES_ASM -DVPAES_ASM -DWHIRLPOOL_ASM -DGHASH_ASM -I/opt/homebrew/opt/libxml2/include -I/opt/homebrew/opt/libxslt/include  -c -o ts_asn1.o ts_asn1.c
ar  r ../../libcrypto.a ts_err.o ts_req_utils.o ts_req_print.o ts_rsp_utils.o ts_rsp_print.o ts_rsp_sign.o ts_rsp_verify.o ts_verify_ctx.o ts_lib.o ts_conf.o ts_asn1.o
/Library/Developer/CommandLineTools/usr/bin/ranlib: file: ../../libcrypto.a(ebcdic.o) has no symbols
/Library/Developer/CommandLineTools/usr/bin/ranlib: file: ../../libcrypto.a(fips_ers.o) has no symbols
/Library/Developer/CommandLineTools/usr/bin/ranlib: file: ../../libcrypto.a(ecp_nistp224.o) has no symbols
/Library/Developer/CommandLineTools/usr/bin/ranlib: file: ../../libcrypto.a(ecp_nistp256.o) has no symbols
/Library/Developer/CommandLineTools/usr/bin/ranlib: file: ../../libcrypto.a(ecp_nistp521.o) has no symbols
/Library/Developer/CommandLineTools/usr/bin/ranlib: file: ../../libcrypto.a(ecp_nistputil.o) has no symbols
/Library/Developer/CommandLineTools/usr/bin/ranlib: file: ../../libcrypto.a(rand_win.o) has no symbols
/Library/Developer/CommandLineTools/usr/bin/ranlib: file: ../../libcrypto.a(rand_os2.o) has no symbols
/Library/Developer/CommandLineTools/usr/bin/ranlib: file: ../../libcrypto.a(rand_nw.o) has no symbols
/Library/Developer/CommandLineTools/usr/bin/ranlib: file: ../../libcrypto.a(e_rc5.o) has no symbols
/Library/Developer/CommandLineTools/usr/bin/ranlib: file: ../../libcrypto.a(m_md2.o) has no symbols
/Library/Developer/CommandLineTools/usr/bin/ranlib: file: ../../libcrypto.a(v3_asid.o) has no symbols
/Library/Developer/CommandLineTools/usr/bin/ranlib: file: ../../libcrypto.a(v3_addr.o) has no symbols
/Library/Developer/CommandLineTools/usr/bin/ranlib: file: ../../libcrypto.a(cms_cd.o) has no symbols
/usr/bin/ranlib ../../libcrypto.a || echo Never mind.
/Library/Developer/CommandLineTools/usr/bin/ranlib: file: ../../libcrypto.a(ebcdic.o) has no symbols
/Library/Developer/CommandLineTools/usr/bin/ranlib: file: ../../libcrypto.a(fips_ers.o) has no symbols
/Library/Developer/CommandLineTools/usr/bin/ranlib: file: ../../libcrypto.a(ecp_nistp224.o) has no symbols
/Library/Developer/CommandLineTools/usr/bin/ranlib: file: ../../libcrypto.a(ecp_nistp256.o) has no symbols
/Library/Developer/CommandLineTools/usr/bin/ranlib: file: ../../libcrypto.a(ecp_nistp521.o) has no symbols
/Library/Developer/CommandLineTools/usr/bin/ranlib: file: ../../libcrypto.a(ecp_nistputil.o) has no symbols
/Library/Developer/CommandLineTools/usr/bin/ranlib: file: ../../libcrypto.a(rand_win.o) has no symbols
/Library/Developer/CommandLineTools/usr/bin/ranlib: file: ../../libcrypto.a(rand_os2.o) has no symbols
/Library/Developer/CommandLineTools/usr/bin/ranlib: file: ../../libcrypto.a(rand_nw.o) has no symbols
/Library/Developer/CommandLineTools/usr/bin/ranlib: file: ../../libcrypto.a(e_rc5.o) has no symbols
/Library/Developer/CommandLineTools/usr/bin/ranlib: file: ../../libcrypto.a(m_md2.o) has no symbols
/Library/Developer/CommandLineTools/usr/bin/ranlib: file: ../../libcrypto.a(v3_asid.o) has no symbols
/Library/Developer/CommandLineTools/usr/bin/ranlib: file: ../../libcrypto.a(v3_addr.o) has no symbols
/Library/Developer/CommandLineTools/usr/bin/ranlib: file: ../../libcrypto.a(cms_cd.o) has no symbols
making all in crypto/srp...
cc -I.. -I../.. -I../modes -I../asn1 -I../evp -I../../include  -fPIC -fno-common -DOPENSSL_PIC -DOPENSSL_THREADS -D_REENTRANT -DDSO_DLFCN -DHAVE_DLFCN_H -arch i386 -O3 -fomit-frame-pointer -DL_ENDIAN -DOPENSSL_BN_ASM_PART_WORDS -DOPENSSL_IA32_SSE2 -DOPENSSL_BN_ASM_MONT -DOPENSSL_BN_ASM_GF2m -DRC4_ASM -DSHA1_ASM -DSHA256_ASM -DSHA512_ASM -DMD5_ASM -DRMD160_ASM -DAES_ASM -DVPAES_ASM -DWHIRLPOOL_ASM -DGHASH_ASM -I/opt/homebrew/opt/libxml2/include -I/opt/homebrew/opt/libxslt/include  -c -o srp_lib.o srp_lib.c
cc -I.. -I../.. -I../modes -I../asn1 -I../evp -I../../include  -fPIC -fno-common -DOPENSSL_PIC -DOPENSSL_THREADS -D_REENTRANT -DDSO_DLFCN -DHAVE_DLFCN_H -arch i386 -O3 -fomit-frame-pointer -DL_ENDIAN -DOPENSSL_BN_ASM_PART_WORDS -DOPENSSL_IA32_SSE2 -DOPENSSL_BN_ASM_MONT -DOPENSSL_BN_ASM_GF2m -DRC4_ASM -DSHA1_ASM -DSHA256_ASM -DSHA512_ASM -DMD5_ASM -DRMD160_ASM -DAES_ASM -DVPAES_ASM -DWHIRLPOOL_ASM -DGHASH_ASM -I/opt/homebrew/opt/libxml2/include -I/opt/homebrew/opt/libxslt/include  -c -o srp_vfy.o srp_vfy.c
ar  r ../../libcrypto.a srp_lib.o srp_vfy.o
/Library/Developer/CommandLineTools/usr/bin/ranlib: file: ../../libcrypto.a(ebcdic.o) has no symbols
/Library/Developer/CommandLineTools/usr/bin/ranlib: file: ../../libcrypto.a(fips_ers.o) has no symbols
/Library/Developer/CommandLineTools/usr/bin/ranlib: file: ../../libcrypto.a(ecp_nistp224.o) has no symbols
/Library/Developer/CommandLineTools/usr/bin/ranlib: file: ../../libcrypto.a(ecp_nistp256.o) has no symbols
/Library/Developer/CommandLineTools/usr/bin/ranlib: file: ../../libcrypto.a(ecp_nistp521.o) has no symbols
/Library/Developer/CommandLineTools/usr/bin/ranlib: file: ../../libcrypto.a(ecp_nistputil.o) has no symbols
/Library/Developer/CommandLineTools/usr/bin/ranlib: file: ../../libcrypto.a(rand_win.o) has no symbols
/Library/Developer/CommandLineTools/usr/bin/ranlib: file: ../../libcrypto.a(rand_os2.o) has no symbols
/Library/Developer/CommandLineTools/usr/bin/ranlib: file: ../../libcrypto.a(rand_nw.o) has no symbols
/Library/Developer/CommandLineTools/usr/bin/ranlib: file: ../../libcrypto.a(e_rc5.o) has no symbols
/Library/Developer/CommandLineTools/usr/bin/ranlib: file: ../../libcrypto.a(m_md2.o) has no symbols
/Library/Developer/CommandLineTools/usr/bin/ranlib: file: ../../libcrypto.a(v3_asid.o) has no symbols
/Library/Developer/CommandLineTools/usr/bin/ranlib: file: ../../libcrypto.a(v3_addr.o) has no symbols
/Library/Developer/CommandLineTools/usr/bin/ranlib: file: ../../libcrypto.a(cms_cd.o) has no symbols
/usr/bin/ranlib ../../libcrypto.a || echo Never mind.
/Library/Developer/CommandLineTools/usr/bin/ranlib: file: ../../libcrypto.a(ebcdic.o) has no symbols
/Library/Developer/CommandLineTools/usr/bin/ranlib: file: ../../libcrypto.a(fips_ers.o) has no symbols
/Library/Developer/CommandLineTools/usr/bin/ranlib: file: ../../libcrypto.a(ecp_nistp224.o) has no symbols
/Library/Developer/CommandLineTools/usr/bin/ranlib: file: ../../libcrypto.a(ecp_nistp256.o) has no symbols
/Library/Developer/CommandLineTools/usr/bin/ranlib: file: ../../libcrypto.a(ecp_nistp521.o) has no symbols
/Library/Developer/CommandLineTools/usr/bin/ranlib: file: ../../libcrypto.a(ecp_nistputil.o) has no symbols
/Library/Developer/CommandLineTools/usr/bin/ranlib: file: ../../libcrypto.a(rand_win.o) has no symbols
/Library/Developer/CommandLineTools/usr/bin/ranlib: file: ../../libcrypto.a(rand_os2.o) has no symbols
/Library/Developer/CommandLineTools/usr/bin/ranlib: file: ../../libcrypto.a(rand_nw.o) has no symbols
/Library/Developer/CommandLineTools/usr/bin/ranlib: file: ../../libcrypto.a(e_rc5.o) has no symbols
/Library/Developer/CommandLineTools/usr/bin/ranlib: file: ../../libcrypto.a(m_md2.o) has no symbols
/Library/Developer/CommandLineTools/usr/bin/ranlib: file: ../../libcrypto.a(v3_asid.o) has no symbols
/Library/Developer/CommandLineTools/usr/bin/ranlib: file: ../../libcrypto.a(v3_addr.o) has no symbols
/Library/Developer/CommandLineTools/usr/bin/ranlib: file: ../../libcrypto.a(cms_cd.o) has no symbols
making all in crypto/cmac...
cc -I.. -I../.. -I../modes -I../asn1 -I../evp -I../../include  -fPIC -fno-common -DOPENSSL_PIC -DOPENSSL_THREADS -D_REENTRANT -DDSO_DLFCN -DHAVE_DLFCN_H -arch i386 -O3 -fomit-frame-pointer -DL_ENDIAN -DOPENSSL_BN_ASM_PART_WORDS -DOPENSSL_IA32_SSE2 -DOPENSSL_BN_ASM_MONT -DOPENSSL_BN_ASM_GF2m -DRC4_ASM -DSHA1_ASM -DSHA256_ASM -DSHA512_ASM -DMD5_ASM -DRMD160_ASM -DAES_ASM -DVPAES_ASM -DWHIRLPOOL_ASM -DGHASH_ASM -I/opt/homebrew/opt/libxml2/include -I/opt/homebrew/opt/libxslt/include  -c -o cmac.o cmac.c
cc -I.. -I../.. -I../modes -I../asn1 -I../evp -I../../include  -fPIC -fno-common -DOPENSSL_PIC -DOPENSSL_THREADS -D_REENTRANT -DDSO_DLFCN -DHAVE_DLFCN_H -arch i386 -O3 -fomit-frame-pointer -DL_ENDIAN -DOPENSSL_BN_ASM_PART_WORDS -DOPENSSL_IA32_SSE2 -DOPENSSL_BN_ASM_MONT -DOPENSSL_BN_ASM_GF2m -DRC4_ASM -DSHA1_ASM -DSHA256_ASM -DSHA512_ASM -DMD5_ASM -DRMD160_ASM -DAES_ASM -DVPAES_ASM -DWHIRLPOOL_ASM -DGHASH_ASM -I/opt/homebrew/opt/libxml2/include -I/opt/homebrew/opt/libxslt/include  -c -o cm_ameth.o cm_ameth.c
cc -I.. -I../.. -I../modes -I../asn1 -I../evp -I../../include  -fPIC -fno-common -DOPENSSL_PIC -DOPENSSL_THREADS -D_REENTRANT -DDSO_DLFCN -DHAVE_DLFCN_H -arch i386 -O3 -fomit-frame-pointer -DL_ENDIAN -DOPENSSL_BN_ASM_PART_WORDS -DOPENSSL_IA32_SSE2 -DOPENSSL_BN_ASM_MONT -DOPENSSL_BN_ASM_GF2m -DRC4_ASM -DSHA1_ASM -DSHA256_ASM -DSHA512_ASM -DMD5_ASM -DRMD160_ASM -DAES_ASM -DVPAES_ASM -DWHIRLPOOL_ASM -DGHASH_ASM -I/opt/homebrew/opt/libxml2/include -I/opt/homebrew/opt/libxslt/include  -c -o cm_pmeth.o cm_pmeth.c
ar  r ../../libcrypto.a cmac.o cm_ameth.o cm_pmeth.o
/Library/Developer/CommandLineTools/usr/bin/ranlib: file: ../../libcrypto.a(ebcdic.o) has no symbols
/Library/Developer/CommandLineTools/usr/bin/ranlib: file: ../../libcrypto.a(fips_ers.o) has no symbols
/Library/Developer/CommandLineTools/usr/bin/ranlib: file: ../../libcrypto.a(ecp_nistp224.o) has no symbols
/Library/Developer/CommandLineTools/usr/bin/ranlib: file: ../../libcrypto.a(ecp_nistp256.o) has no symbols
/Library/Developer/CommandLineTools/usr/bin/ranlib: file: ../../libcrypto.a(ecp_nistp521.o) has no symbols
/Library/Developer/CommandLineTools/usr/bin/ranlib: file: ../../libcrypto.a(ecp_nistputil.o) has no symbols
/Library/Developer/CommandLineTools/usr/bin/ranlib: file: ../../libcrypto.a(rand_win.o) has no symbols
/Library/Developer/CommandLineTools/usr/bin/ranlib: file: ../../libcrypto.a(rand_os2.o) has no symbols
/Library/Developer/CommandLineTools/usr/bin/ranlib: file: ../../libcrypto.a(rand_nw.o) has no symbols
/Library/Developer/CommandLineTools/usr/bin/ranlib: file: ../../libcrypto.a(e_rc5.o) has no symbols
/Library/Developer/CommandLineTools/usr/bin/ranlib: file: ../../libcrypto.a(m_md2.o) has no symbols
/Library/Developer/CommandLineTools/usr/bin/ranlib: file: ../../libcrypto.a(v3_asid.o) has no symbols
/Library/Developer/CommandLineTools/usr/bin/ranlib: file: ../../libcrypto.a(v3_addr.o) has no symbols
/Library/Developer/CommandLineTools/usr/bin/ranlib: file: ../../libcrypto.a(cms_cd.o) has no symbols
/usr/bin/ranlib ../../libcrypto.a || echo Never mind.
/Library/Developer/CommandLineTools/usr/bin/ranlib: file: ../../libcrypto.a(ebcdic.o) has no symbols
/Library/Developer/CommandLineTools/usr/bin/ranlib: file: ../../libcrypto.a(fips_ers.o) has no symbols
/Library/Developer/CommandLineTools/usr/bin/ranlib: file: ../../libcrypto.a(ecp_nistp224.o) has no symbols
/Library/Developer/CommandLineTools/usr/bin/ranlib: file: ../../libcrypto.a(ecp_nistp256.o) has no symbols
/Library/Developer/CommandLineTools/usr/bin/ranlib: file: ../../libcrypto.a(ecp_nistp521.o) has no symbols
/Library/Developer/CommandLineTools/usr/bin/ranlib: file: ../../libcrypto.a(ecp_nistputil.o) has no symbols
/Library/Developer/CommandLineTools/usr/bin/ranlib: file: ../../libcrypto.a(rand_win.o) has no symbols
/Library/Developer/CommandLineTools/usr/bin/ranlib: file: ../../libcrypto.a(rand_os2.o) has no symbols
/Library/Developer/CommandLineTools/usr/bin/ranlib: file: ../../libcrypto.a(rand_nw.o) has no symbols
/Library/Developer/CommandLineTools/usr/bin/ranlib: file: ../../libcrypto.a(e_rc5.o) has no symbols
/Library/Developer/CommandLineTools/usr/bin/ranlib: file: ../../libcrypto.a(m_md2.o) has no symbols
/Library/Developer/CommandLineTools/usr/bin/ranlib: file: ../../libcrypto.a(v3_asid.o) has no symbols
/Library/Developer/CommandLineTools/usr/bin/ranlib: file: ../../libcrypto.a(v3_addr.o) has no symbols
/Library/Developer/CommandLineTools/usr/bin/ranlib: file: ../../libcrypto.a(cms_cd.o) has no symbols
if [ -n "libcrypto.1.0.0.dylib libssl.1.0.0.dylib" ]; then \
		(cd ..; /Library/Developer/CommandLineTools/usr/bin/make libcrypto.1.0.0.dylib); \
	fi
[ -z "" ] || cc -fPIC -fno-common -DOPENSSL_PIC -DOPENSSL_THREADS -D_REENTRANT -DDSO_DLFCN -DHAVE_DLFCN_H -arch i386 -O3 -fomit-frame-pointer -DL_ENDIAN -DOPENSSL_BN_ASM_PART_WORDS -DOPENSSL_IA32_SSE2 -DOPENSSL_BN_ASM_MONT -DOPENSSL_BN_ASM_GF2m -DRC4_ASM -DSHA1_ASM -DSHA256_ASM -DSHA512_ASM -DMD5_ASM -DRMD160_ASM -DAES_ASM -DVPAES_ASM -DWHIRLPOOL_ASM -DGHASH_ASM -Iinclude \
		-DFINGERPRINT_PREMAIN_DSO_LOAD -o fips_premain_dso  \
		fips_premain.c fipscanister.o \
		libcrypto.a
ld: warning: The i386 architecture is deprecated for macOS (remove from the Xcode build setting: ARCHS)
Undefined symbols for architecture i386:
  "__DefaultRuneLocale", referenced from:
      _OBJ_create_objects in libcrypto.a(obj_dat.o)
      _BN_hex2bn in libcrypto.a(bn_print.o)
      _x509_name_canon in libcrypto.a(x_name.o)
      _mime_parse_hdr in libcrypto.a(asn_mime.o)
      _strip_ends in libcrypto.a(asn_mime.o)
      _mime_hdr_new in libcrypto.a(asn_mime.o)
      _mime_hdr_addparam in libcrypto.a(asn_mime.o)
      ...
      _OBJ_create_objects in libcrypto.a(obj_dat.o)
      _BN_hex2bn in libcrypto.a(bn_print.o)
      _x509_name_canon in libcrypto.a(x_name.o)
      _mime_parse_hdr in libcrypto.a(asn_mime.o)
      _strip_ends in libcrypto.a(asn_mime.o)
      _mime_hdr_new in libcrypto.a(asn_mime.o)
      _mime_hdr_addparam in libcrypto.a(asn_mime.o)
      ...
      _OBJ_create_objects in libcrypto.a(obj_dat.o)
      _BN_hex2bn in libcrypto.a(bn_print.o)
      _x509_name_canon in libcrypto.a(x_name.o)
      _mime_parse_hdr in libcrypto.a(asn_mime.o)
      _strip_ends in libcrypto.a(asn_mime.o)
      _mime_hdr_new in libcrypto.a(asn_mime.o)
      _mime_hdr_addparam in libcrypto.a(asn_mime.o)
      ...
      _OBJ_create_objects in libcrypto.a(obj_dat.o)
      _BN_hex2bn in libcrypto.a(bn_print.o)
      _x509_name_canon in libcrypto.a(x_name.o)
      _mime_parse_hdr in libcrypto.a(asn_mime.o)
      _strip_ends in libcrypto.a(asn_mime.o)
      _mime_hdr_new in libcrypto.a(asn_mime.o)
      _mime_hdr_addparam in libcrypto.a(asn_mime.o)
      ...
      _OBJ_create_objects in libcrypto.a(obj_dat.o)
      _BN_hex2bn in libcrypto.a(bn_print.o)
      _x509_name_canon in libcrypto.a(x_name.o)
      _mime_parse_hdr in libcrypto.a(asn_mime.o)
      _strip_ends in libcrypto.a(asn_mime.o)
      _mime_hdr_new in libcrypto.a(asn_mime.o)
      _mime_hdr_addparam in libcrypto.a(asn_mime.o)
      ...
      _OBJ_create_objects in libcrypto.a(obj_dat.o)
      _BN_hex2bn in libcrypto.a(bn_print.o)
      _x509_name_canon in libcrypto.a(x_name.o)
      _mime_parse_hdr in libcrypto.a(asn_mime.o)
      _strip_ends in libcrypto.a(asn_mime.o)
      _mime_hdr_new in libcrypto.a(asn_mime.o)
      _mime_hdr_addparam in libcrypto.a(asn_mime.o)
      ...
      _OBJ_create_objects in libcrypto.a(obj_dat.o)
      _BN_hex2bn in libcrypto.a(bn_print.o)
      _x509_name_canon in libcrypto.a(x_name.o)
      _mime_parse_hdr in libcrypto.a(asn_mime.o)
      _strip_ends in libcrypto.a(asn_mime.o)
      _mime_hdr_new in libcrypto.a(asn_mime.o)
      _mime_hdr_addparam in libcrypto.a(asn_mime.o)
      ...
      ...
  "___maskrune", referenced from:
      _OBJ_create_objects in libcrypto.a(obj_dat.o)
      _mime_parse_hdr in libcrypto.a(asn_mime.o)
      _strip_ends in libcrypto.a(asn_mime.o)
      _mime_hdr_new in libcrypto.a(asn_mime.o)
      _mime_hdr_addparam in libcrypto.a(asn_mime.o)
      _oid_module_init in libcrypto.a(asn_moid.o)
      _X509V3_EXT_nconf in libcrypto.a(v3_conf.o)
      ...
  "___memcpy_chk", referenced from:
      _DES_enc_write in libcrypto.a(enc_writ.o)
      _CRYPTO_cts128_encrypt in libcrypto.a(cts128.o)
      _CRYPTO_nistcts128_encrypt in libcrypto.a(cts128.o)
      _CRYPTO_cts128_decrypt_block in libcrypto.a(cts128.o)
      _CRYPTO_nistcts128_decrypt_block in libcrypto.a(cts128.o)
      _CRYPTO_cts128_decrypt in libcrypto.a(cts128.o)
      _CRYPTO_nistcts128_decrypt in libcrypto.a(cts128.o)
      ...
  "___memmove_chk", referenced from:
      _DES_ede3_cfb_encrypt in libcrypto.a(cfb64ede.o)
  "___memset_chk", referenced from:
      _print_leak_LHASH_DOALL_ARG in libcrypto.a(mem_dbg.o)
      _print_bin in libcrypto.a(eck_prn.o)
      _BIO_dump_indent_cb in libcrypto.a(b_dump.o)
  "___stack_chk_fail", referenced from:
      _print_leak_LHASH_DOALL_ARG in libcrypto.a(mem_dbg.o)
      _OBJ_obj2txt in libcrypto.a(obj_dat.o)
      _OBJ_create_objects in libcrypto.a(obj_dat.o)
      _mdc2_body in libcrypto.a(mdc2dgst.o)
      _MDC2 in libcrypto.a(mdc2_one.o)
      _HMAC_Init_ex in libcrypto.a(hmac.o)
      _HMAC_Final in libcrypto.a(hmac.o)
      ...
  "___stack_chk_guard", referenced from:
      _print_leak_LHASH_DOALL_ARG in libcrypto.a(mem_dbg.o)
      _OBJ_obj2txt in libcrypto.a(obj_dat.o)
      _OBJ_create_objects in libcrypto.a(obj_dat.o)
      _mdc2_body in libcrypto.a(mdc2dgst.o)
      _MDC2 in libcrypto.a(mdc2_one.o)
      _HMAC_Init_ex in libcrypto.a(hmac.o)
      _HMAC_Final in libcrypto.a(hmac.o)
      ...
      _print_leak_LHASH_DOALL_ARG in libcrypto.a(mem_dbg.o)
      _OBJ_obj2txt in libcrypto.a(obj_dat.o)
      _OBJ_create_objects in libcrypto.a(obj_dat.o)
      _mdc2_body in libcrypto.a(mdc2dgst.o)
      _MDC2 in libcrypto.a(mdc2_one.o)
      _HMAC_Init_ex in libcrypto.a(hmac.o)
      _HMAC_Final in libcrypto.a(hmac.o)
      ...
      _print_leak_LHASH_DOALL_ARG in libcrypto.a(mem_dbg.o)
      _OBJ_obj2txt in libcrypto.a(obj_dat.o)
      _OBJ_create_objects in libcrypto.a(obj_dat.o)
      _mdc2_body in libcrypto.a(mdc2dgst.o)
      _MDC2 in libcrypto.a(mdc2_one.o)
      _HMAC_Init_ex in libcrypto.a(hmac.o)
      _HMAC_Final in libcrypto.a(hmac.o)
      ...
      _print_leak_LHASH_DOALL_ARG in libcrypto.a(mem_dbg.o)
      _OBJ_obj2txt in libcrypto.a(obj_dat.o)
      _OBJ_create_objects in libcrypto.a(obj_dat.o)
      _mdc2_body in libcrypto.a(mdc2dgst.o)
      _MDC2 in libcrypto.a(mdc2_one.o)
      _HMAC_Init_ex in libcrypto.a(hmac.o)
      _HMAC_Final in libcrypto.a(hmac.o)
      ...
      _print_leak_LHASH_DOALL_ARG in libcrypto.a(mem_dbg.o)
      _OBJ_obj2txt in libcrypto.a(obj_dat.o)
      _OBJ_create_objects in libcrypto.a(obj_dat.o)
      _mdc2_body in libcrypto.a(mdc2dgst.o)
      _MDC2 in libcrypto.a(mdc2_one.o)
      _HMAC_Init_ex in libcrypto.a(hmac.o)
      _HMAC_Final in libcrypto.a(hmac.o)
      ...
      _print_leak_LHASH_DOALL_ARG in libcrypto.a(mem_dbg.o)
      _OBJ_obj2txt in libcrypto.a(obj_dat.o)
      _OBJ_create_objects in libcrypto.a(obj_dat.o)
      _mdc2_body in libcrypto.a(mdc2dgst.o)
      _MDC2 in libcrypto.a(mdc2_one.o)
      _HMAC_Init_ex in libcrypto.a(hmac.o)
      _HMAC_Final in libcrypto.a(hmac.o)
      ...
      _print_leak_LHASH_DOALL_ARG in libcrypto.a(mem_dbg.o)
      _OBJ_obj2txt in libcrypto.a(obj_dat.o)
      _OBJ_create_objects in libcrypto.a(obj_dat.o)
      _mdc2_body in libcrypto.a(mdc2dgst.o)
      _MDC2 in libcrypto.a(mdc2_one.o)
      _HMAC_Init_ex in libcrypto.a(hmac.o)
      _HMAC_Final in libcrypto.a(hmac.o)
      ...
      ...
  "___stderrp", referenced from:
      _OPENSSL_showfatal in libcrypto.a(cryptlib.o)
      _OPENSSL_stderr in libcrypto.a(cryptlib.o)
      _openssl_load_privkey in libcrypto.a(eng_openssl.o)
      _test_rc4_init_key in libcrypto.a(eng_openssl.o)
      _BIO_debug_callback in libcrypto.a(bio_cb.o)
      _TXT_DB_read in libcrypto.a(txt_db.o)
      _open_console in libcrypto.a(ui_openssl.o)
      ...
      _OPENSSL_showfatal in libcrypto.a(cryptlib.o)
      _OPENSSL_stderr in libcrypto.a(cryptlib.o)
      _openssl_load_privkey in libcrypto.a(eng_openssl.o)
      _test_rc4_init_key in libcrypto.a(eng_openssl.o)
      _BIO_debug_callback in libcrypto.a(bio_cb.o)
      _TXT_DB_read in libcrypto.a(txt_db.o)
      _open_console in libcrypto.a(ui_openssl.o)
      ...
      _OPENSSL_showfatal in libcrypto.a(cryptlib.o)
      _OPENSSL_stderr in libcrypto.a(cryptlib.o)
      _openssl_load_privkey in libcrypto.a(eng_openssl.o)
      _test_rc4_init_key in libcrypto.a(eng_openssl.o)
      _BIO_debug_callback in libcrypto.a(bio_cb.o)
      _TXT_DB_read in libcrypto.a(txt_db.o)
      _open_console in libcrypto.a(ui_openssl.o)
      ...
      _OPENSSL_showfatal in libcrypto.a(cryptlib.o)
      _OPENSSL_stderr in libcrypto.a(cryptlib.o)
      _openssl_load_privkey in libcrypto.a(eng_openssl.o)
      _test_rc4_init_key in libcrypto.a(eng_openssl.o)
      _BIO_debug_callback in libcrypto.a(bio_cb.o)
      _TXT_DB_read in libcrypto.a(txt_db.o)
      _open_console in libcrypto.a(ui_openssl.o)
      ...
      _OPENSSL_showfatal in libcrypto.a(cryptlib.o)
      _OPENSSL_stderr in libcrypto.a(cryptlib.o)
      _openssl_load_privkey in libcrypto.a(eng_openssl.o)
      _test_rc4_init_key in libcrypto.a(eng_openssl.o)
      _BIO_debug_callback in libcrypto.a(bio_cb.o)
      _TXT_DB_read in libcrypto.a(txt_db.o)
      _open_console in libcrypto.a(ui_openssl.o)
      ...
      _OPENSSL_showfatal in libcrypto.a(cryptlib.o)
      _OPENSSL_stderr in libcrypto.a(cryptlib.o)
      _openssl_load_privkey in libcrypto.a(eng_openssl.o)
      _test_rc4_init_key in libcrypto.a(eng_openssl.o)
      _BIO_debug_callback in libcrypto.a(bio_cb.o)
      _TXT_DB_read in libcrypto.a(txt_db.o)
      _open_console in libcrypto.a(ui_openssl.o)
      ...
  "___stdinp", referenced from:
      _open_console in libcrypto.a(ui_openssl.o)
      _close_console in libcrypto.a(ui_openssl.o)
  "___strcat_chk", referenced from:
      _i2v_GENERAL_NAME in libcrypto.a(v3_alt.o)
      _TS_RESP_verify_response in libcrypto.a(ts_rsp_verify.o)
  "___tolower", referenced from:
      _x509_name_canon in libcrypto.a(x_name.o)
      _mime_hdr_new in libcrypto.a(asn_mime.o)
      _mime_hdr_addparam in libcrypto.a(asn_mime.o)
      _string_to_hex in libcrypto.a(v3_utl.o)
  "_abort", referenced from:
      _OpenSSLDie in libcrypto.a(cryptlib.o)
      _CRYPTO_lock.cold.2 in libcrypto.a(cryptlib.o)
  "_atoi", referenced from:
      _pkey_ec_ctrl_str in libcrypto.a(ec_pmeth.o)
      _pkey_rsa_ctrl_str in libcrypto.a(rsa_pmeth.o)
      _pkey_dsa_ctrl_str in libcrypto.a(dsa_pmeth.o)
      _pkey_dh_ctrl_str in libcrypto.a(dh_pmeth.o)
      _BIO_get_port in libcrypto.a(b_sock.o)
      _TS_CONF_set_accuracy in libcrypto.a(ts_conf.o)
  "_calloc", referenced from:
      _OPENSSL_DIR_read in libcrypto.a(o_dir.o)
  "_closedir$UNIX2003", referenced from:
      _OPENSSL_DIR_end in libcrypto.a(o_dir.o)
  "_closelog", referenced from:
      _slg_ctrl in libcrypto.a(bss_log.o)
      _slg_free in libcrypto.a(bss_log.o)
  "_dladdr", referenced from:
      _dlfcn_pathbyaddr in libcrypto.a(dso_dlfcn.o)
  "_dlclose", referenced from:
      _dlfcn_load in libcrypto.a(dso_dlfcn.o)
      _dlfcn_unload in libcrypto.a(dso_dlfcn.o)
      _dlfcn_globallookup in libcrypto.a(dso_dlfcn.o)
  "_dlerror", referenced from:
      _dlfcn_load in libcrypto.a(dso_dlfcn.o)
      _dlfcn_bind_var in libcrypto.a(dso_dlfcn.o)
      _dlfcn_bind_func in libcrypto.a(dso_dlfcn.o)
      _dlfcn_pathbyaddr in libcrypto.a(dso_dlfcn.o)
  "_dlopen", referenced from:
      _dlfcn_load in libcrypto.a(dso_dlfcn.o)
      _dlfcn_globallookup in libcrypto.a(dso_dlfcn.o)
  "_dlsym", referenced from:
      _dlfcn_bind_var in libcrypto.a(dso_dlfcn.o)
      _dlfcn_bind_func in libcrypto.a(dso_dlfcn.o)
      _dlfcn_globallookup in libcrypto.a(dso_dlfcn.o)
  "_fclose", referenced from:
      _BIO_new_file in libcrypto.a(bss_file.o)
      _file_ctrl in libcrypto.a(bss_file.o)
      _file_free in libcrypto.a(bss_file.o)
      _RAND_load_file in libcrypto.a(randfile.o)
      _RAND_write_file in libcrypto.a(randfile.o)
      _close_console in libcrypto.a(ui_openssl.o)
  "_fdopen$UNIX2003", referenced from:
      _RAND_write_file in libcrypto.a(randfile.o)
  "_feof", referenced from:
      _file_ctrl in libcrypto.a(bss_file.o)
      _read_string_inner in libcrypto.a(ui_openssl.o)
  "_ferror", referenced from:
      _file_read in libcrypto.a(bss_file.o)
      _read_string_inner in libcrypto.a(ui_openssl.o)
  "_fflush", referenced from:
      _file_ctrl in libcrypto.a(bss_file.o)
      _write_string in libcrypto.a(ui_openssl.o)
      _read_string in libcrypto.a(ui_openssl.o)
  "_fgets", referenced from:
      _file_gets in libcrypto.a(bss_file.o)
      _read_string_inner in libcrypto.a(ui_openssl.o)
  "_fileno", referenced from:
      _open_console in libcrypto.a(ui_openssl.o)
      _read_string_inner in libcrypto.a(ui_openssl.o)
  "_fopen$UNIX2003", referenced from:
      _BIO_new_file in libcrypto.a(bss_file.o)
      _file_ctrl in libcrypto.a(bss_file.o)
      _RAND_load_file in libcrypto.a(randfile.o)
      _RAND_write_file in libcrypto.a(randfile.o)
      _open_console in libcrypto.a(ui_openssl.o)
  "_fprintf", referenced from:
      _openssl_load_privkey in libcrypto.a(eng_openssl.o)
      _TXT_DB_read in libcrypto.a(txt_db.o)
      _read_string in libcrypto.a(ui_openssl.o)
      _TS_CONF_load_cert in libcrypto.a(ts_conf.o)
      _TS_CONF_load_certs in libcrypto.a(ts_conf.o)
      _TS_CONF_load_key in libcrypto.a(ts_conf.o)
      _TS_CONF_get_tsa_section in libcrypto.a(ts_conf.o)
      ...
  "_fputs$UNIX2003", referenced from:
      _BIO_debug_callback in libcrypto.a(bio_cb.o)
      _write_string in libcrypto.a(ui_openssl.o)
      _read_string in libcrypto.a(ui_openssl.o)
  "_fread", referenced from:
      _file_read in libcrypto.a(bss_file.o)
      _RAND_load_file in libcrypto.a(randfile.o)
  "_free", referenced from:
      _free_func in libcrypto.a(mem.o)
      _free_locked_func in libcrypto.a(mem.o)
      _OPENSSL_DIR_read in libcrypto.a(o_dir.o)
      _OPENSSL_DIR_end in libcrypto.a(o_dir.o)
     (maybe you meant: _policy_cache_free, _NAME_CONSTRAINTS_free , _AUTHORITY_INFO_ACCESS_free , _KRB5_ENCDATA_free , _GENERAL_NAME_free , _EVP_PKEY_CTX_free , _EC_POINT_clear_free , _X509_REQ_INFO_free , _PKCS7_ENC_CONTENT_free , _TS_TST_INFO_ext_free , _ASN1_T61STRING_free , _X509V3_conf_free , _X509_CERT_AUX_free , _RSA_free , _BIO_free_all , _lh_free , _ASN1_STRING_free , _ECPARAMETERS_free , _ASN1_PRINTABLESTRING_free , _KRB5_PRINCNAME_free , _ENGINE_free , _ASN1_GENERALIZEDTIME_free , _ISSUING_DIST_POINT_free , _OCSP_CRLID_free , _OCSP_SINGLERESP_free , _RSA_OAEP_PARAMS_free , _OCSP_RESPBYTES_free , _X509_OBJECT_free_contents , _EC_POINT_free , _X509_CINF_free , _ESS_ISSUER_SERIAL_free , _engine_free_util , _EVP_CIPHER_CTX_free , _X509_CRL_INFO_free , _BUF_MEM_free , _ASN1_OBJECT_free , _X509_PUBKEY_free , _DSO_free , _NOTICEREF_free , _NETSCAPE_X509_free , _KRB5_AUTHENTBODY_free , _POLICYINFO_free , _EC_GROUP_free , _KRB5_AUTHENT_free , _PKCS8_PRIV_KEY_INFO_free , _DH_free , _ASN1_STRING_clear_free , _OTHERNAME_free , _X9_62_CHARACTERISTIC_TWO_free , _CMAC_CTX_free , _pqueue_free , _engine_pkey_meths_free , _SXNETID_free , _ASN1_item_ex_free , _X509_email_free , _CMS_ContentInfo_free , _ASN1_NULL_free , _ASN1_INTEGER_free , _CRL_DIST_POINTS_free , _ESS_SIGNING_CERT_free , _NETSCAPE_SPKAC_free , _SRP_VBASE_free , _PROXY_POLICY_free , _KRB5_TKTBODY_free , _TS_RESP_free , _BN_clear_free , _asn1_item_combine_free , _ASN1_IA5STRING_free , _ASN1_primitive_free , _OCSP_BASICRESP_free , _CMS_ReceiptRequest_free , _ECDSA_SIG_free , _PKCS7_RECIP_INFO_free , _X509_PKEY_free , _KRB5_AUTHDATA_free , _OCSP_REVOKEDINFO_free , _ASN1_UNIVERSALSTRING_free , _KRB5_CHECKSUM_free , _DSA_SIG_free , _PROXY_CERT_INFO_EXTENSION_free , _ECPKPARAMETERS_free , _pitem_free , _POLICY_CONSTRAINTS_free , _X509V3_EXT_free , _BN_BLINDING_free , _EC_PRIVATEKEY_free , _X509V3_string_free , _asn1_enc_free , _ASN1_ENUMERATED_free , _CONF_free , _CRYPTO_free_ex_data , _ASN1_UTCTIME_free , _DIRECTORYSTRING_free , _EVP_PKEY_asn1_set_free , _KRB5_TICKET_free , _TS_VERIFY_CTX_free , _PBE2PARAM_free , _OCSP_CERTSTATUS_free , _SXNET_free , _X509_ATTRIBUTE_free , _X509V3_section_free , _ASN1_GENERALSTRING_free , _X9_62_PENTANOMIAL_free , _NETSCAPE_ENCRYPTED_PKEY_free , _OBJ_sigid_free , _POLICYQUALINFO_free , _ESS_CERT_ID_free , _policy_node_free , _NETSCAPE_CERT_SEQUENCE_free , _DSA_free , _BN_MONT_CTX_free , _ECDSA_METHOD_free , _COMP_CTX_free , _X509_STORE_CTX_free , _EC_KEY_free , _NCONF_free , _PKEY_USAGE_PERIOD_free , _PKCS12_MAC_DATA_free , _X509_CRL_free , _OCSP_SIGNATURE_free , _OCSP_RESPONSE_free , _sk_pop_free , _CRYPTO_free_locked , _ACCESS_DESCRIPTION_free , _ERR_free_strings , _PBEPARAM_free , _TS_REQ_free , _ASN1_VISIBLESTRING_free , _DISPLAYTEXT_free , __CONF_free_data , _X509_NAME_ENTRY_free , _BN_free , _ASN1_OCTET_STRING_free , _OCSP_ONEREQ_free , _PKCS7_ENVELOPE_free , _OCSP_REQUEST_free , _GENERAL_SUBTREE_free , _PKCS12_free , _X509_NAME_free , _BN_RECP_CTX_free , _X509_free , _ASN1_PRINTABLE_free , _X509_LOOKUP_free , _AUTHORITY_KEYID_free , _X509_SIG_free , _EDIPARTYNAME_free , _RSA_PSS_PARAMS_free , _X509_VERIFY_PARAM_free , _X509_CERT_PAIR_free , _TS_ACCURACY_free , _X509_EXTENSION_free , _TS_MSG_IMPRINT_free , _PKCS7_SIGN_ENVELOPE_free , _EVP_PKEY_meth_free , _X509_VAL_free , _KRB5_APREQBODY_free , _X509_INFO_free , _POLICY_MAPPING_free , _PKCS7_ENCRYPT_free , _X509_REVOKED_free , _ASN1_BMPSTRING_free , _EVP_PKEY_asn1_free , _TXT_DB_free , _PKCS7_DIGEST_free , _KRB5_APREQ_free , _SRP_user_pwd_free , _EVP_PKEY_free , _BN_CTX_free , _EC_GROUP_clear_free , _GENERAL_NAMES_free , _X509_policy_tree_free , _TS_STATUS_INFO_free , _ASN1_template_free , _PKCS12_BAGS_free , _TS_RESP_CTX_free , _PKCS12_SAFEBAG_free , _PKCS7_free , _policy_data_free , _NETSCAPE_SPKI_free , _NETSCAPE_PKEY_free , _CRYPTO_free , _PKCS7_ISSUER_AND_SERIAL_free , _ASN1_UTF8STRING_free , _EC_EX_DATA_clear_free_data , _OCSP_REQINFO_free , _EXTENDED_KEY_USAGE_free , _OCSP_RESPDATA_free , _TS_TST_INFO_free , _BIO_CONNECT_free , _PKCS7_SIGNED_free , _X509_CRL_METHOD_free , _NCONF_free_data , _ASN1_item_free , _OCSP_CERTID_free , _BIO_free , _engine_pkey_asn1_meths_free , _ASN1_TIME_free , _DIST_POINT_NAME_free , _ASN1_PCTX_free , _TS_REQ_ext_free , _X509_ALGOR_free , _OCSP_RESPID_free , _sk_free , _CERTIFICATEPOLICIES_free , _ASN1_TYPE_free , _CONF_modules_free , _OCSP_SERVICELOC_free , _EC_EX_DATA_free_data , _CRYPTO_dbg_free , _PBKDF2PARAM_free , _USERNOTICE_free , _EC_EX_DATA_free_all_data , _OCSP_REQ_CTX_free , _ASN1_BIT_STRING_free , _DIST_POINT_free , _PKCS7_SIGNER_INFO_free , _EC_EX_DATA_clear_free_all_data , _BASIC_CONSTRAINTS_free , _X509_REQ_free , _X509_STORE_free , _UI_free , _KRB5_ENCKEY_free )
  "_fseek", referenced from:
      _file_ctrl in libcrypto.a(bss_file.o)
  "_ftell", referenced from:
      _file_ctrl in libcrypto.a(bss_file.o)
  "_fwrite$UNIX2003", referenced from:
      _test_rc4_init_key in libcrypto.a(eng_openssl.o)
      _file_write in libcrypto.a(bss_file.o)
      _file_puts in libcrypto.a(bss_file.o)
      _write_fp in libcrypto.a(b_dump.o)
      _RAND_write_file in libcrypto.a(randfile.o)
      _send_fp_chars in libcrypto.a(a_strex.o)
      _TXT_DB_read in libcrypto.a(txt_db.o)
      ...
  "_getenv", referenced from:
      _OPENSSL_cpuid_setup in libcrypto.a(cryptlib.o)
      _ossl_safe_getenv in libcrypto.a(getenv.o)
     (maybe you meant: _ossl_safe_getenv)
  "_gethostbyname", referenced from:
      _BIO_get_host_ip in libcrypto.a(b_sock.o)
      _BIO_gethostbyname in libcrypto.a(b_sock.o)
     (maybe you meant: _BIO_gethostbyname)
  "_getservbyname", referenced from:
      _BIO_get_port in libcrypto.a(b_sock.o)
  "_gettimeofday", referenced from:
      _dgram_read in libcrypto.a(bss_dgram.o)
      _def_time_cb in libcrypto.a(ts_rsp_sign.o)
  "_gmtime_r", referenced from:
      _OPENSSL_gmtime in libcrypto.a(o_time.o)
  "_localtime_r", referenced from:
      _print_leak_LHASH_DOALL_ARG in libcrypto.a(mem_dbg.o)
  "_malloc", referenced from:
      _malloc_func in libcrypto.a(mem.o)
      _malloc_locked_func in libcrypto.a(mem.o)
     (maybe you meant: _CRYPTO_dbg_malloc, _CRYPTO_malloc , _CRYPTO_malloc_locked )
  "_memchr", referenced from:
      _type_str in libcrypto.a(a_mbstr.o)
      _int_x509_param_set_hosts in libcrypto.a(x509_vpm.o)
      _X509_check_host in libcrypto.a(v3_utl.o)
      _X509_check_email in libcrypto.a(v3_utl.o)
      _OCSP_REQ_CTX_nbio in libcrypto.a(ocsp_ht.o)
  "_memcmp", referenced from:
      _OBJ_obj2nid in libcrypto.a(obj_dat.o)
      _added_obj_LHASH_COMP in libcrypto.a(obj_dat.o)
      _OBJ_cmp in libcrypto.a(obj_lib.o)
      _ec_curve_nid_from_params in libcrypto.a(ec_curve.o)
      _int_rsa_verify in libcrypto.a(rsa_sign.o)
      _rsa_check_digestinfo in libcrypto.a(rsa_sign.o)
      _RSA_verify_ASN1_OCTET_STRING in libcrypto.a(rsa_saos.o)
      ...
     (maybe you meant: _OPENSSL_memcmp, _CRYPTO_memcmp )
  "_memcpy", referenced from:
      _CRYPTO_realloc_clean in libcrypto.a(mem.o)
      _print_leak_LHASH_DOALL_ARG in libcrypto.a(mem_dbg.o)
      _OBJ_dup in libcrypto.a(obj_lib.o)
      _MD4_Update in libcrypto.a(md4_dgst.o)
      _MD5_Update in libcrypto.a(md5_dgst.o)
      _SHA_Update in libcrypto.a(sha_dgst.o)
      _SHA1_Update in libcrypto.a(sha1dgst.o)
      ...
  "_memmove", referenced from:
      _CRYPTO_128_wrap in libcrypto.a(wrap128.o)
      _CRYPTO_128_unwrap in libcrypto.a(wrap128.o)
      _DH_compute_key_padded in libcrypto.a(dh_key.o)
      _mem_read in libcrypto.a(bss_mem.o)
      _sk_unshift in libcrypto.a(stack.o)
      _des_ede3_wrap_cipher in libcrypto.a(e_des3.o)
      _b64_read in libcrypto.a(bio_b64.o)
      ...
  "_memset", referenced from:
      _RSA_padding_add_PKCS1_type_1 in libcrypto.a(rsa_pk1.o)
      _RSA_padding_add_X931 in libcrypto.a(rsa_x931.o)
      _EVP_EncryptFinal_ex in libcrypto.a(evp_enc.o)
      _PKCS12_key_gen_uni in libcrypto.a(p12_key.o)
  "_opendir$INODE64$UNIX2003", referenced from:
      _OPENSSL_DIR_read in libcrypto.a(o_dir.o)
  "_openlog", referenced from:
      _slg_ctrl in libcrypto.a(bss_log.o)
      _slg_new in libcrypto.a(bss_log.o)
  "_perror", referenced from:
      _dgram_read in libcrypto.a(bss_dgram.o)
      _dgram_ctrl in libcrypto.a(bss_dgram.o)
  "_printf", referenced from:
      _pqueue_print in libcrypto.a(pqueue.o)
     (maybe you meant: _BIO_printf)
  "_qsort", referenced from:
      _OBJ_NAME_do_all_sorted in libcrypto.a(o_names.o)
      _sk_find in libcrypto.a(stack.o)
      _sk_find_ex in libcrypto.a(stack.o)
      _sk_sort in libcrypto.a(stack.o)
      _i2d_ASN1_SET in libcrypto.a(a_set.o)
      _asn1_template_ex_i2d in libcrypto.a(tasn_enc.o)
  "_readdir$INODE64", referenced from:
      _OPENSSL_DIR_read in libcrypto.a(o_dir.o)
  "_realloc", referenced from:
      _realloc_func in libcrypto.a(mem.o)
     (maybe you meant: _CRYPTO_realloc_clean, _CRYPTO_dbg_realloc , _CRYPTO_realloc )
  "_setvbuf", referenced from:
      _RAND_load_file in libcrypto.a(randfile.o)
  "_sigaction", referenced from:
      _read_string_inner in libcrypto.a(ui_openssl.o)
  "_signal", referenced from:
      _read_string_inner in libcrypto.a(ui_openssl.o)
  "_sprintf", referenced from:
      _dlfcn_name_converter in libcrypto.a(dso_dlfcn.o)
  "_sscanf", referenced from:
      _OPENSSL_cpuid_setup in libcrypto.a(cryptlib.o)
      _a2i_ipadd in libcrypto.a(v3_utl.o)
      _ipv6_cb in libcrypto.a(v3_utl.o)
  "_strcasecmp", referenced from:
      _OPENSSL_strcasecmp in libcrypto.a(o_str.o)
     (maybe you meant: _OPENSSL_strcasecmp)
  "_strchr", referenced from:
      _OPENSSL_cpuid_setup in libcrypto.a(cryptlib.o)
      _dlfcn_name_converter in libcrypto.a(dso_dlfcn.o)
      _int_engine_module_init in libcrypto.a(eng_cnf.o)
      _BIO_get_accept_socket in libcrypto.a(b_sock.o)
      _ERR_error_string_n in libcrypto.a(err.o)
      _a2i_ipadd in libcrypto.a(v3_utl.o)
      _a2i_IPADDRESS_NC in libcrypto.a(v3_utl.o)
      ...
  "_strcmp", referenced from:
      _obj_name_LHASH_COMP in libcrypto.a(o_names.o)
      _do_all_sorted_cmp in libcrypto.a(o_names.o)
      _OBJ_NAME_new_index in libcrypto.a(o_names.o)
      _lh_new in libcrypto.a(lhash.o)
      _OBJ_txt2obj in libcrypto.a(obj_dat.o)
      _OBJ_sn2nid in libcrypto.a(obj_dat.o)
      _OBJ_ln2nid in libcrypto.a(obj_dat.o)
      _added_obj_LHASH_COMP in libcrypto.a(obj_dat.o)
      ...
  "_strcpy", referenced from:
      _CRYPTO_strdup in libcrypto.a(mem.o)
      _dlfcn_name_converter in libcrypto.a(dso_dlfcn.o)
      _dlfcn_merger in libcrypto.a(dso_dlfcn.o)
  "_strerror$UNIX2003", referenced from:
      _ERR_load_ERR_strings in libcrypto.a(err.o)
  "_strlen", referenced from:
      _CRYPTO_strdup in libcrypto.a(mem.o)
      _print_leak_LHASH_DOALL_ARG in libcrypto.a(mem_dbg.o)
      _OBJ_obj2txt in libcrypto.a(obj_dat.o)
      _OBJ_dup in libcrypto.a(obj_lib.o)
      _DES_string_to_key in libcrypto.a(str2key.o)
      _DES_string_to_2keys in libcrypto.a(str2key.o)
      _dlfcn_name_converter in libcrypto.a(dso_dlfcn.o)
      ...
  "_strncasecmp", referenced from:
      _OPENSSL_strncasecmp in libcrypto.a(o_str.o)
      _ENGINE_get_pkey_asn1_meth_str in libcrypto.a(tb_asnmth.o)
      _look_str_cb in libcrypto.a(tb_asnmth.o)
      _EVP_PKEY_asn1_find_str in libcrypto.a(ameth_lib.o)
      _equal_wildcard in libcrypto.a(v3_utl.o)
     (maybe you meant: _OPENSSL_strncasecmp)
  "_strncmp", referenced from:
      _int_def_cb in libcrypto.a(eng_fat.o)
      _slg_write in libcrypto.a(bss_log.o)
      _slg_puts in libcrypto.a(bss_log.o)
      _d2i_RSA_NET in libcrypto.a(n_pkey.o)
      _SMIME_read_ASN1 in libcrypto.a(asn_mime.o)
      _asn1_cb in libcrypto.a(asn1_gen.o)
      _ASN1_STRING_set_default_mask_asc in libcrypto.a(a_strnid.o)
      ...
  "_strncpy", referenced from:
      _OPENSSL_DIR_read in libcrypto.a(o_dir.o)
      _ERR_load_ERR_strings in libcrypto.a(err.o)
      _EVP_set_pw_prompt in libcrypto.a(evp_key.o)
      _X509_NAME_oneline in libcrypto.a(x509_obj.o)
      _add_cert_dir in libcrypto.a(by_dir.o)
      _a2i_GENERAL_NAME in libcrypto.a(v3_alt.o)
      _v2i_AUTHORITY_INFO_ACCESS in libcrypto.a(v3_info.o)
      ...
  "_strrchr", referenced from:
      _oid_module_init in libcrypto.a(asn_moid.o)
      _CONF_modules_load in libcrypto.a(conf_mod.o)
  "_strtol", referenced from:
      _ENGINE_ctrl_cmd_string in libcrypto.a(eng_ctrl.o)
  "_strtoul", referenced from:
      _OPENSSL_cpuid_setup in libcrypto.a(cryptlib.o)
      _parse_tagging in libcrypto.a(asn1_gen.o)
      _bitstr_cb in libcrypto.a(asn1_gen.o)
      _ASN1_STRING_set_default_mask_asc in libcrypto.a(a_strnid.o)
      _OCSP_REQ_CTX_nbio in libcrypto.a(ocsp_ht.o)
  "_syslog$DARWIN_EXTSN", referenced from:
      _slg_write in libcrypto.a(bss_log.o)
      _slg_puts in libcrypto.a(bss_log.o)
  "_tcgetattr", referenced from:
      _open_console in libcrypto.a(ui_openssl.o)
  "_tcsetattr", referenced from:
      _read_string_inner in libcrypto.a(ui_openssl.o)
  "_time", referenced from:
      _CRYPTO_dbg_malloc in libcrypto.a(mem_dbg.o)
      _bnrand in libcrypto.a(bn_rand.o)
      _RAND_poll in libcrypto.a(rand_unix.o)
      _ASN1_TIME_diff in libcrypto.a(a_time.o)
      _X509_cmp_time in libcrypto.a(x509_vfy.o)
      _X509_time_adj in libcrypto.a(x509_vfy.o)
      _X509_gmtime_adj in libcrypto.a(x509_vfy.o)
      ...
     (maybe you meant: _X509_cmp_time, _TS_TST_INFO_set_time , _X509_time_adj , _X509_STORE_CTX_set_time , _err_clear_last_constant_time , _TS_RESP_CTX_set_time_cb , _PKCS7_add0_attrib_signing_time , _X509_VERIFY_PARAM_set_time , _ASN1_UTCTIME_cmp_time_t , _X509_time_adj_ex , _TS_TST_INFO_get_time , _X509_cmp_current_time )
  "_vfprintf", referenced from:
      _OPENSSL_showfatal in libcrypto.a(cryptlib.o)
ld: symbol(s) not found for architecture i386
clang: error: linker command failed with exit code 1 (use -v to see invocation)
make[4]: *** [link_a.darwin] Error 1
make[3]: *** [do_darwin-shared] Error 2
make[2]: *** [libcrypto.1.0.0.dylib] Error 2
make[1]: *** [shared] Error 2
make: *** [build_crypto] Error 1
➜  openssl-1.0.2u make clean
rm -f *.map *.so *.so.* *.dylib *.dll engines/*.so engines/*.dll engines/*.dylib *.a engines/*.a */lib */*/lib
rm -f shlib/*.o *.o core a.out fluff rehash.time testlog make.log cctest cctest.c
making clean in crypto...
rm -f buildinf.h *.s *.o */*.o *.obj lib tags core .pure .nfs* *.old *.bak fluff
making clean in crypto/objects...
rm -f *.o *.obj lib tags core .pure .nfs* *.old *.bak fluff
making clean in crypto/md4...
rm -f asm/mx86unix.cpp *.o asm/*.o *.obj lib tags core .pure .nfs* *.old *.bak fluff
making clean in crypto/md5...
rm -f *.s *.S *.o *.obj lib tags core .pure .nfs* *.old *.bak fluff
making clean in crypto/sha...
rm -f *.s *.S *.o *.obj lib tags core .pure .nfs* *.old *.bak fluff
making clean in crypto/mdc2...
rm -f *.o *.obj lib tags core .pure .nfs* *.old *.bak fluff
making clean in crypto/hmac...
rm -f *.o *.obj lib tags core .pure .nfs* *.old *.bak fluff
making clean in crypto/ripemd...
rm -f *.s *.o *.obj lib tags core .pure .nfs* *.old *.bak fluff
making clean in crypto/whrlpool...
rm -f *.s *.o *.obj lib tags core .pure .nfs* *.old *.bak fluff
making clean in crypto/des...
rm -f *.s *.S *.o *.obj des lib tags core .pure .nfs* *.old *.bak fluff
making clean in crypto/aes...
rm -f *.s *.S *.o *.obj lib tags core .pure .nfs* *.old *.bak fluff
making clean in crypto/rc2...
rm -f *.o *.obj lib tags core .pure .nfs* *.old *.bak fluff
making clean in crypto/rc4...
rm -f *.s *.S *.o *.obj lib tags core .pure .nfs* *.old *.bak fluff
making clean in crypto/idea...
rm -f *.o *.obj lib tags core .pure .nfs* *.old *.bak fluff
making clean in crypto/bf...
rm -f *.s *.o *.obj lib tags core .pure .nfs* *.old *.bak fluff
making clean in crypto/cast...
rm -f *.s *.o *.obj lib tags core .pure .nfs* *.old *.bak fluff
making clean in crypto/camellia...
rm -f *.s *.o *.obj lib tags core .pure .nfs* *.old *.bak fluff
making clean in crypto/seed...
rm -f *.o *.obj lib tags core .pure .nfs* *.old *.bak fluff
making clean in crypto/modes...
rm -f *.s *.S *.o */*.o *.obj lib tags core .pure .nfs* *.old *.bak fluff
making clean in crypto/bn...
rm -f *.s *.S *.o *.obj lib tags core .pure .nfs* *.old *.bak fluff
making clean in crypto/ec...
rm -f *.s *.o */*.o *.obj lib tags core .pure .nfs* *.old *.bak fluff
making clean in crypto/rsa...
rm -f *.o */*.o *.obj lib tags core .pure .nfs* *.old *.bak fluff
making clean in crypto/dsa...
rm -f *.o */*.o *.obj lib tags core .pure .nfs* *.old *.bak fluff
making clean in crypto/ecdsa...
rm -f *.o */*.o *.obj lib tags core .pure .nfs* *.old *.bak fluff
making clean in crypto/dh...
rm -f *.o */*.o *.obj lib tags core .pure .nfs* *.old *.bak fluff
making clean in crypto/ecdh...
rm -f *.o */*.o *.obj lib tags core .pure .nfs* *.old *.bak fluff
making clean in crypto/dso...
rm -f *.o */*.o *.obj lib tags core .pure .nfs* *.old *.bak fluff
making clean in crypto/engine...
rm -f *.o */*.o *.obj lib tags core .pure .nfs* *.old *.bak fluff
making clean in crypto/buffer...
rm -f *.o *.obj lib tags core .pure .nfs* *.old *.bak fluff
making clean in crypto/bio...
rm -f *.o *.obj lib tags core .pure .nfs* *.old *.bak fluff
making clean in crypto/stack...
rm -f *.o *.obj lib tags core .pure .nfs* *.old *.bak fluff
making clean in crypto/lhash...
rm -f *.o *.obj lib tags core .pure .nfs* *.old *.bak fluff
making clean in crypto/rand...
rm -f *.o *.obj lib tags core .pure .nfs* *.old *.bak fluff
making clean in crypto/err...
rm -f *.o *.obj lib tags core .pure .nfs* *.old *.bak fluff
making clean in crypto/evp...
rm -f *.o *.obj lib tags core .pure .nfs* *.old *.bak fluff
making clean in crypto/asn1...
rm -f *.o *.obj lib tags core .pure .nfs* *.old *.bak fluff
making clean in crypto/pem...
rm -f *.o *.obj lib tags core .pure .nfs* *.old *.bak fluff
making clean in crypto/x509...
rm -f *.o *.obj lib tags core .pure .nfs* *.old *.bak fluff
making clean in crypto/x509v3...
rm -f *.o *.obj lib tags core .pure .nfs* *.old *.bak fluff
making clean in crypto/conf...
rm -f *.o *.obj lib tags core .pure .nfs* *.old *.bak fluff
making clean in crypto/txt_db...
rm -f *.o *.obj lib tags core .pure .nfs* *.old *.bak fluff
making clean in crypto/pkcs7...
rm -f *.o *.obj lib tags core .pure .nfs* *.old *.bak fluff enc dec sign verify
making clean in crypto/pkcs12...
rm -f *.o *.obj lib tags core .pure .nfs* *.old *.bak fluff
making clean in crypto/comp...
rm -f *.o *.obj lib tags core .pure .nfs* *.old *.bak fluff
making clean in crypto/ocsp...
rm -f *.o *.obj lib tags core .pure .nfs* *.old *.bak fluff
making clean in crypto/ui...
rm -f *.o */*.o *.obj lib tags core .pure .nfs* *.old *.bak fluff
making clean in crypto/krb5...
rm -f *.o *.obj lib tags core .pure .nfs* *.old *.bak fluff
making clean in crypto/cms...
rm -f *.o *.obj lib tags core .pure .nfs* *.old *.bak fluff
making clean in crypto/pqueue...
rm -f *.o *.obj lib tags core .pure .nfs* *.old *.bak fluff
making clean in crypto/ts...
rm -f *.o *.obj lib tags core .pure .nfs* *.old *.bak fluff enc dec sign verify
making clean in crypto/srp...
rm -f *.o *.obj lib tags core .pure .nfs* *.old *.bak fluff
making clean in crypto/cmac...
rm -f *.o *.obj lib tags core .pure .nfs* *.old *.bak fluff
making clean in ssl...
rm -f *.o *.obj lib tags core .pure .nfs* *.old *.bak fluff
making clean in engines...
rm -f *.o *.obj lib tags core .pure .nfs* *.old *.bak fluff
making clean in engines/ccgost...
rm -f *.o *.obj lib tags core .pure .nfs* *.old *.bak fluff *.so *.sl *.dll
making clean in apps...
rm -f *.o *.obj *.dll lib tags core .pure .nfs* *.old *.bak fluff openssl
rm -f req
making clean in test...
rm -f .rnd tmp.bntest tmp.bctest *.o *.obj *.dll lib tags core .pure .nfs* *.old *.bak fluff bntest ectest  ecdsatest ecdhtest ideatest md2test  md4test md5test hmactest wp_test rc2test rc4test rc5test destest shatest sha1test sha256t sha512t mdc2test rmdtest randtest dhtest enginetest bftest casttest ssltest exptest dsatest rsa_test evp_test evp_extra_test igetest jpaketest srptest asn1test v3nametest heartbeat_test constant_time_test verify_extra_test clienthellotest sslv2conftest dtlstest bad_dtls_test fatalerrtest x509_time_test *.ss *.srl log dummytest
making clean in tools...
rm -f *.o *.obj lib tags core .pure .nfs* *.old *.bak fluff
rm -f libcrypto.a libssl.a
rm -f openssl.pc libssl.pc libcrypto.pc
rm -f speed.* .pure
rm -f ../openssl-1.0.2u.tar
➜  openssl-1.0.2u ./Configure darwin64-arm64-cc shared --prefix="$HOME/openssl-1.0.2u" no-ssl2 no-ssl3 no-comp no-hw no-engine
Configuring for darwin64-arm64-cc
Usage: Configure [no-<cipher> ...] [enable-<cipher> ...] [experimental-<cipher> ...] [-Dxxx] [-lxxx] [-Lxxx] [-fxxx] [-Kxxx] [no-hw-xxx|no-hw] [[no-]threads] [[no-]shared] [[no-]zlib|zlib-dynamic] [no-asm] [no-dso] [no-krb5] [sctp] [386] [--prefix=DIR] [--openssldir=OPENSSLDIR] [--with-xxx[=vvv]] [--test-sanity] os/compiler[:flags]

pick os/compiler from:
BC-32 BS2000-OSD BSD-generic32 BSD-generic64 BSD-ia64 BSD-sparc64 BSD-sparcv8
BSD-x86 BSD-x86-elf BSD-x86_64 Cygwin Cygwin-x86_64 DJGPP MPE/iX-gcc OS2-EMX
OS390-Unix QNX6 QNX6-i386 ReliantUNIX SINIX SINIX-N UWIN VC-CE VC-WIN32
VC-WIN64A VC-WIN64I aix-cc aix-gcc aix3-cc aix64-cc aix64-gcc android
android-armv7 android-mips android-x86 android64-aarch64 aux3-gcc
beos-x86-bone beos-x86-r5 bsdi-elf-gcc cc cray-j90 cray-t3e darwin-i386-cc
darwin-ppc-cc darwin64-ppc-cc darwin64-x86_64-cc dgux-R3-gcc dgux-R4-gcc
dgux-R4-x86-gcc dist gcc hpux-cc hpux-gcc hpux-ia64-cc hpux-ia64-gcc
hpux-parisc-cc hpux-parisc-cc-o4 hpux-parisc-gcc hpux-parisc1_1-cc
hpux-parisc1_1-gcc hpux-parisc2-cc hpux-parisc2-gcc hpux64-ia64-cc
hpux64-ia64-gcc hpux64-parisc2-cc hpux64-parisc2-gcc hurd-x86 iphoneos-cross
irix-cc irix-gcc irix-mips3-cc irix-mips3-gcc irix64-mips4-cc irix64-mips4-gcc
linux-aarch64 linux-alpha+bwx-ccc linux-alpha+bwx-gcc linux-alpha-ccc
linux-alpha-gcc linux-aout linux-armv4 linux-elf linux-generic32
linux-generic64 linux-ia32-icc linux-ia64 linux-ia64-icc linux-mips32
linux-mips64 linux-ppc linux-ppc64 linux-ppc64le linux-sparcv8 linux-sparcv9
linux-x32 linux-x86_64 linux-x86_64-clang linux-x86_64-icc linux32-s390x
linux64-mips64 linux64-s390x linux64-sparcv9 mingw mingw64 ncr-scde
netware-clib netware-clib-bsdsock netware-clib-bsdsock-gcc netware-clib-gcc
netware-libc netware-libc-bsdsock netware-libc-bsdsock-gcc netware-libc-gcc
newsos4-gcc nextstep nextstep3.3 osf1-alpha-cc osf1-alpha-gcc purify qnx4
rhapsody-ppc-cc sco5-cc sco5-gcc solaris-sparcv7-cc solaris-sparcv7-gcc
solaris-sparcv8-cc solaris-sparcv8-gcc solaris-sparcv9-cc solaris-sparcv9-gcc
solaris-x86-cc solaris-x86-gcc solaris64-sparcv9-cc solaris64-sparcv9-gcc
solaris64-x86_64-cc solaris64-x86_64-gcc sunos-gcc tandem-c89 tru64-alpha-cc
uClinux-dist uClinux-dist64 ultrix-cc ultrix-gcc unixware-2.0 unixware-2.1
unixware-7 unixware-7-gcc vos-gcc vxworks-mips vxworks-ppc405 vxworks-ppc60x
vxworks-ppc750 vxworks-ppc750-debug vxworks-ppc860 vxworks-ppcgen
vxworks-simlinux debug debug-BSD-x86-elf debug-VC-WIN32 debug-VC-WIN64A
debug-VC-WIN64I debug-ben debug-ben-darwin64 debug-ben-debug
debug-ben-debug-64 debug-ben-debug-64-clang debug-ben-macos
debug-ben-macos-gcc46 debug-ben-no-opt debug-ben-openbsd
debug-ben-openbsd-debug debug-ben-strict debug-bodo debug-darwin-i386-cc
debug-darwin-ppc-cc debug-darwin64-x86_64-cc debug-geoff32 debug-geoff64
debug-levitte-linux-elf debug-levitte-linux-elf-extreme
debug-levitte-linux-noasm debug-levitte-linux-noasm-extreme debug-linux-elf
debug-linux-elf-noefence debug-linux-generic32 debug-linux-generic64
debug-linux-ia32-aes debug-linux-pentium debug-linux-ppro debug-linux-x86_64
debug-linux-x86_64-clang debug-rse debug-solaris-sparcv8-cc
debug-solaris-sparcv8-gcc debug-solaris-sparcv9-cc debug-solaris-sparcv9-gcc
debug-steve-opt debug-steve32 debug-steve64 debug-vos-gcc

NOTE: If in doubt, on Unix-ish systems use './config'.
➜  openssl-1.0.2u make clean
rm -f *.map *.so *.so.* *.dylib *.dll engines/*.so engines/*.dll engines/*.dylib *.a engines/*.a */lib */*/lib
rm -f shlib/*.o *.o core a.out fluff rehash.time testlog make.log cctest cctest.c
making clean in crypto...
rm -f buildinf.h *.s *.o */*.o *.obj lib tags core .pure .nfs* *.old *.bak fluff
making clean in crypto/objects...
rm -f *.o *.obj lib tags core .pure .nfs* *.old *.bak fluff
making clean in crypto/md4...
rm -f asm/mx86unix.cpp *.o asm/*.o *.obj lib tags core .pure .nfs* *.old *.bak fluff
making clean in crypto/md5...
rm -f *.s *.S *.o *.obj lib tags core .pure .nfs* *.old *.bak fluff
making clean in crypto/sha...
rm -f *.s *.S *.o *.obj lib tags core .pure .nfs* *.old *.bak fluff
making clean in crypto/mdc2...
rm -f *.o *.obj lib tags core .pure .nfs* *.old *.bak fluff
making clean in crypto/hmac...
rm -f *.o *.obj lib tags core .pure .nfs* *.old *.bak fluff
making clean in crypto/ripemd...
rm -f *.s *.o *.obj lib tags core .pure .nfs* *.old *.bak fluff
making clean in crypto/whrlpool...
rm -f *.s *.o *.obj lib tags core .pure .nfs* *.old *.bak fluff
making clean in crypto/des...
rm -f *.s *.S *.o *.obj des lib tags core .pure .nfs* *.old *.bak fluff
making clean in crypto/aes...
rm -f *.s *.S *.o *.obj lib tags core .pure .nfs* *.old *.bak fluff
making clean in crypto/rc2...
rm -f *.o *.obj lib tags core .pure .nfs* *.old *.bak fluff
making clean in crypto/rc4...
rm -f *.s *.S *.o *.obj lib tags core .pure .nfs* *.old *.bak fluff
making clean in crypto/idea...
rm -f *.o *.obj lib tags core .pure .nfs* *.old *.bak fluff
making clean in crypto/bf...
rm -f *.s *.o *.obj lib tags core .pure .nfs* *.old *.bak fluff
making clean in crypto/cast...
rm -f *.s *.o *.obj lib tags core .pure .nfs* *.old *.bak fluff
making clean in crypto/camellia...
rm -f *.s *.o *.obj lib tags core .pure .nfs* *.old *.bak fluff
making clean in crypto/seed...
rm -f *.o *.obj lib tags core .pure .nfs* *.old *.bak fluff
making clean in crypto/modes...
rm -f *.s *.S *.o */*.o *.obj lib tags core .pure .nfs* *.old *.bak fluff
making clean in crypto/bn...
rm -f *.s *.S *.o *.obj lib tags core .pure .nfs* *.old *.bak fluff
making clean in crypto/ec...
rm -f *.s *.o */*.o *.obj lib tags core .pure .nfs* *.old *.bak fluff
making clean in crypto/rsa...
rm -f *.o */*.o *.obj lib tags core .pure .nfs* *.old *.bak fluff
making clean in crypto/dsa...
rm -f *.o */*.o *.obj lib tags core .pure .nfs* *.old *.bak fluff
making clean in crypto/ecdsa...
rm -f *.o */*.o *.obj lib tags core .pure .nfs* *.old *.bak fluff
making clean in crypto/dh...
rm -f *.o */*.o *.obj lib tags core .pure .nfs* *.old *.bak fluff
making clean in crypto/ecdh...
rm -f *.o */*.o *.obj lib tags core .pure .nfs* *.old *.bak fluff
making clean in crypto/dso...
rm -f *.o */*.o *.obj lib tags core .pure .nfs* *.old *.bak fluff
making clean in crypto/engine...
rm -f *.o */*.o *.obj lib tags core .pure .nfs* *.old *.bak fluff
making clean in crypto/buffer...
rm -f *.o *.obj lib tags core .pure .nfs* *.old *.bak fluff
making clean in crypto/bio...
rm -f *.o *.obj lib tags core .pure .nfs* *.old *.bak fluff
making clean in crypto/stack...
rm -f *.o *.obj lib tags core .pure .nfs* *.old *.bak fluff
making clean in crypto/lhash...
rm -f *.o *.obj lib tags core .pure .nfs* *.old *.bak fluff
making clean in crypto/rand...
rm -f *.o *.obj lib tags core .pure .nfs* *.old *.bak fluff
making clean in crypto/err...
rm -f *.o *.obj lib tags core .pure .nfs* *.old *.bak fluff
making clean in crypto/evp...
rm -f *.o *.obj lib tags core .pure .nfs* *.old *.bak fluff
making clean in crypto/asn1...
rm -f *.o *.obj lib tags core .pure .nfs* *.old *.bak fluff
making clean in crypto/pem...
rm -f *.o *.obj lib tags core .pure .nfs* *.old *.bak fluff
making clean in crypto/x509...
rm -f *.o *.obj lib tags core .pure .nfs* *.old *.bak fluff
making clean in crypto/x509v3...
rm -f *.o *.obj lib tags core .pure .nfs* *.old *.bak fluff
making clean in crypto/conf...
rm -f *.o *.obj lib tags core .pure .nfs* *.old *.bak fluff
making clean in crypto/txt_db...
rm -f *.o *.obj lib tags core .pure .nfs* *.old *.bak fluff
making clean in crypto/pkcs7...
rm -f *.o *.obj lib tags core .pure .nfs* *.old *.bak fluff enc dec sign verify
making clean in crypto/pkcs12...
rm -f *.o *.obj lib tags core .pure .nfs* *.old *.bak fluff
making clean in crypto/comp...
rm -f *.o *.obj lib tags core .pure .nfs* *.old *.bak fluff
making clean in crypto/ocsp...
rm -f *.o *.obj lib tags core .pure .nfs* *.old *.bak fluff
making clean in crypto/ui...
rm -f *.o */*.o *.obj lib tags core .pure .nfs* *.old *.bak fluff
making clean in crypto/krb5...
rm -f *.o *.obj lib tags core .pure .nfs* *.old *.bak fluff
making clean in crypto/cms...
rm -f *.o *.obj lib tags core .pure .nfs* *.old *.bak fluff
making clean in crypto/pqueue...
rm -f *.o *.obj lib tags core .pure .nfs* *.old *.bak fluff
making clean in crypto/ts...
rm -f *.o *.obj lib tags core .pure .nfs* *.old *.bak fluff enc dec sign verify
making clean in crypto/srp...
rm -f *.o *.obj lib tags core .pure .nfs* *.old *.bak fluff
making clean in crypto/cmac...
rm -f *.o *.obj lib tags core .pure .nfs* *.old *.bak fluff
making clean in ssl...
rm -f *.o *.obj lib tags core .pure .nfs* *.old *.bak fluff
making clean in engines...
rm -f *.o *.obj lib tags core .pure .nfs* *.old *.bak fluff
making clean in engines/ccgost...
rm -f *.o *.obj lib tags core .pure .nfs* *.old *.bak fluff *.so *.sl *.dll
making clean in apps...
rm -f *.o *.obj *.dll lib tags core .pure .nfs* *.old *.bak fluff openssl
rm -f req
making clean in test...
rm -f .rnd tmp.bntest tmp.bctest *.o *.obj *.dll lib tags core .pure .nfs* *.old *.bak fluff bntest ectest  ecdsatest ecdhtest ideatest md2test  md4test md5test hmactest wp_test rc2test rc4test rc5test destest shatest sha1test sha256t sha512t mdc2test rmdtest randtest dhtest enginetest bftest casttest ssltest exptest dsatest rsa_test evp_test evp_extra_test igetest jpaketest srptest asn1test v3nametest heartbeat_test constant_time_test verify_extra_test clienthellotest sslv2conftest dtlstest bad_dtls_test fatalerrtest x509_time_test *.ss *.srl log dummytest
making clean in tools...
rm -f *.o *.obj lib tags core .pure .nfs* *.old *.bak fluff
rm -f libcrypto.a libssl.a
rm -f openssl.pc libssl.pc libcrypto.pc
rm -f speed.* .pure
rm -f ../openssl-1.0.2u.tar
➜  openssl-1.0.2u export CC="clang -arch arm64"
➜  openssl-1.0.2u ./Configure darwin64-x86_64-cc shared --prefix="$HOME/openssl-1.0.2u" no-ssl2 no-ssl3 no-comp no-hw no-engine
Configuring for darwin64-x86_64-cc
    no-comp         [option]   OPENSSL_NO_COMP (skip dir)
    no-ec_nistp_64_gcc_128 [default]  OPENSSL_NO_EC_NISTP_64_GCC_128 (skip dir)
    no-engine       [option]   OPENSSL_NO_ENGINE (skip dir)
    no-gmp          [default]  OPENSSL_NO_GMP (skip dir)
    no-hw           [option]   OPENSSL_NO_HW
    no-jpake        [experimental] OPENSSL_NO_JPAKE (skip dir)
    no-krb5         [krb5-flavor not specified] OPENSSL_NO_KRB5
    no-libunbound   [experimental] OPENSSL_NO_LIBUNBOUND (skip dir)
    no-md2          [default]  OPENSSL_NO_MD2 (skip dir)
    no-rc5          [default]  OPENSSL_NO_RC5 (skip dir)
    no-rfc3779      [default]  OPENSSL_NO_RFC3779 (skip dir)
    no-sctp         [default]  OPENSSL_NO_SCTP (skip dir)
    no-ssl-trace    [default]  OPENSSL_NO_SSL_TRACE (skip dir)
    no-ssl2         [option]   OPENSSL_NO_SSL2 (skip dir)
    no-ssl3         [option]   OPENSSL_NO_SSL3 (skip dir)
    no-store        [experimental] OPENSSL_NO_STORE (skip dir)
    no-unit-test    [default]  OPENSSL_NO_UNIT_TEST (skip dir)
    no-weak-ssl-ciphers [default]  OPENSSL_NO_WEAK_SSL_CIPHERS (skip dir)
    no-zlib         [default]
    no-zlib-dynamic [default]
IsMK1MF=0
CC            =clang -arch arm64
CFLAG         =-fPIC -fno-common -DOPENSSL_PIC -DOPENSSL_THREADS -D_REENTRANT -DDSO_DLFCN -DHAVE_DLFCN_H -arch x86_64 -O3 -DL_ENDIAN -Wall -DOPENSSL_IA32_SSE2 -DOPENSSL_BN_ASM_MONT -DOPENSSL_BN_ASM_MONT5 -DOPENSSL_BN_ASM_GF2m -DSHA1_ASM -DSHA256_ASM -DSHA512_ASM -DMD5_ASM -DAES_ASM -DVPAES_ASM -DBSAES_ASM -DWHIRLPOOL_ASM -DGHASH_ASM -DECP_NISTZ256_ASM
EX_LIBS       =
CPUID_OBJ     =x86_64cpuid.o
BN_ASM        =x86_64-gcc.o x86_64-mont.o x86_64-mont5.o x86_64-gf2m.o rsaz_exp.o rsaz-x86_64.o rsaz-avx2.o
EC_ASM        =ecp_nistz256.o ecp_nistz256-x86_64.o
DES_ENC       =des_enc.o fcrypt_b.o
AES_ENC       =aes-x86_64.o vpaes-x86_64.o bsaes-x86_64.o aesni-x86_64.o aesni-sha1-x86_64.o aesni-sha256-x86_64.o aesni-mb-x86_64.o
BF_ENC        =bf_enc.o
CAST_ENC      =c_enc.o
RC4_ENC       =rc4_enc.o rc4_skey.o
RC5_ENC       =rc5_enc.o
MD5_OBJ_ASM   =md5-x86_64.o
SHA1_OBJ_ASM  =sha1-x86_64.o sha256-x86_64.o sha512-x86_64.o sha1-mb-x86_64.o sha256-mb-x86_64.o
RMD160_OBJ_ASM=
CMLL_ENC      =cmll-x86_64.o cmll_misc.o
MODES_OBJ     =ghash-x86_64.o aesni-gcm-x86_64.o
ENGINES_OBJ   =
PROCESSOR     =
RANLIB        =/usr/bin/ranlib
ARFLAGS       =
PERL          =/usr/bin/perl
SIXTY_FOUR_BIT_LONG mode
DES_UNROLL used
DES_INT used
RC4_CHUNK is unsigned long
e_os2.h => include/openssl/e_os2.h
making links in crypto...
crypto.h => ../include/openssl/crypto.h
opensslv.h => ../include/openssl/opensslv.h
opensslconf.h => ../include/openssl/opensslconf.h
ebcdic.h => ../include/openssl/ebcdic.h
symhacks.h => ../include/openssl/symhacks.h
ossl_typ.h => ../include/openssl/ossl_typ.h
constant_time_test.c => ../test/constant_time_test.c
making links in crypto/objects...
objects.h => ../../include/openssl/objects.h
obj_mac.h => ../../include/openssl/obj_mac.h
making links in crypto/md4...
md4.h => ../../include/openssl/md4.h
md4test.c => ../../test/md4test.c
md4.c => ../../apps/md4.c
making links in crypto/md5...
md5.h => ../../include/openssl/md5.h
md5test.c => ../../test/md5test.c
making links in crypto/sha...
sha.h => ../../include/openssl/sha.h
shatest.c => ../../test/shatest.c
sha1test.c => ../../test/sha1test.c
sha256t.c => ../../test/sha256t.c
sha512t.c => ../../test/sha512t.c
making links in crypto/mdc2...
mdc2.h => ../../include/openssl/mdc2.h
mdc2test.c => ../../test/mdc2test.c
making links in crypto/hmac...
hmac.h => ../../include/openssl/hmac.h
hmactest.c => ../../test/hmactest.c
making links in crypto/ripemd...
ripemd.h => ../../include/openssl/ripemd.h
rmdtest.c => ../../test/rmdtest.c
making links in crypto/whrlpool...
whrlpool.h => ../../include/openssl/whrlpool.h
wp_test.c => ../../test/wp_test.c
making links in crypto/des...
des.h => ../../include/openssl/des.h
des_old.h => ../../include/openssl/des_old.h
destest.c => ../../test/destest.c
making links in crypto/aes...
aes.h => ../../include/openssl/aes.h
making links in crypto/rc2...
rc2.h => ../../include/openssl/rc2.h
rc2test.c => ../../test/rc2test.c
making links in crypto/rc4...
rc4.h => ../../include/openssl/rc4.h
rc4test.c => ../../test/rc4test.c
making links in crypto/idea...
idea.h => ../../include/openssl/idea.h
ideatest.c => ../../test/ideatest.c
making links in crypto/bf...
blowfish.h => ../../include/openssl/blowfish.h
bftest.c => ../../test/bftest.c
making links in crypto/cast...
cast.h => ../../include/openssl/cast.h
casttest.c => ../../test/casttest.c
making links in crypto/camellia...
camellia.h => ../../include/openssl/camellia.h
making links in crypto/seed...
seed.h => ../../include/openssl/seed.h
making links in crypto/modes...
modes.h => ../../include/openssl/modes.h
making links in crypto/bn...
bn.h => ../../include/openssl/bn.h
bntest.c => ../../test/bntest.c
exptest.c => ../../test/exptest.c
making links in crypto/ec...
ec.h => ../../include/openssl/ec.h
ectest.c => ../../test/ectest.c
making links in crypto/rsa...
rsa.h => ../../include/openssl/rsa.h
rsa_test.c => ../../test/rsa_test.c
making links in crypto/dsa...
dsa.h => ../../include/openssl/dsa.h
dsatest.c => ../../test/dsatest.c
making links in crypto/ecdsa...
ecdsa.h => ../../include/openssl/ecdsa.h
ecdsatest.c => ../../test/ecdsatest.c
making links in crypto/dh...
dh.h => ../../include/openssl/dh.h
dhtest.c => ../../test/dhtest.c
making links in crypto/ecdh...
ecdh.h => ../../include/openssl/ecdh.h
ecdhtest.c => ../../test/ecdhtest.c
making links in crypto/dso...
dso.h => ../../include/openssl/dso.h
making links in crypto/buffer...
buffer.h => ../../include/openssl/buffer.h
making links in crypto/bio...
bio.h => ../../include/openssl/bio.h
making links in crypto/stack...
stack.h => ../../include/openssl/stack.h
safestack.h => ../../include/openssl/safestack.h
making links in crypto/lhash...
lhash.h => ../../include/openssl/lhash.h
making links in crypto/rand...
rand.h => ../../include/openssl/rand.h
randtest.c => ../../test/randtest.c
making links in crypto/err...
err.h => ../../include/openssl/err.h
making links in crypto/evp...
evp.h => ../../include/openssl/evp.h
evp_test.c => ../../test/evp_test.c
evp_extra_test.c => ../../test/evp_extra_test.c
evptests.txt -> ../../test/evptests.txt
making links in crypto/asn1...
asn1.h => ../../include/openssl/asn1.h
asn1_mac.h => ../../include/openssl/asn1_mac.h
asn1t.h => ../../include/openssl/asn1t.h
making links in crypto/pem...
pem.h => ../../include/openssl/pem.h
pem2.h => ../../include/openssl/pem2.h
making links in crypto/x509...
x509.h => ../../include/openssl/x509.h
x509_vfy.h => ../../include/openssl/x509_vfy.h
verify_extra_test.c => ../../test/verify_extra_test.c
making links in crypto/x509v3...
x509v3.h => ../../include/openssl/x509v3.h
v3nametest.c => ../../test/v3nametest.c
making links in crypto/conf...
conf.h => ../../include/openssl/conf.h
conf_api.h => ../../include/openssl/conf_api.h
making links in crypto/txt_db...
txt_db.h => ../../include/openssl/txt_db.h
making links in crypto/pkcs7...
pkcs7.h => ../../include/openssl/pkcs7.h
making links in crypto/pkcs12...
pkcs12.h => ../../include/openssl/pkcs12.h
making links in crypto/ocsp...
ocsp.h => ../../include/openssl/ocsp.h
making links in crypto/ui...
ui.h => ../../include/openssl/ui.h
ui_compat.h => ../../include/openssl/ui_compat.h
making links in crypto/krb5...
krb5_asn.h => ../../include/openssl/krb5_asn.h
making links in crypto/cms...
cms.h => ../../include/openssl/cms.h
making links in crypto/pqueue...
pqueue.h => ../../include/openssl/pqueue.h
making links in crypto/ts...
ts.h => ../../include/openssl/ts.h
making links in crypto/srp...
srp.h => ../../include/openssl/srp.h
srptest.c => ../../test/srptest.c
making links in crypto/cmac...
cmac.h => ../../include/openssl/cmac.h
making links in ssl...
ssl.h => ../include/openssl/ssl.h
ssl2.h => ../include/openssl/ssl2.h
ssl3.h => ../include/openssl/ssl3.h
ssl23.h => ../include/openssl/ssl23.h
tls1.h => ../include/openssl/tls1.h
dtls1.h => ../include/openssl/dtls1.h
kssl.h => ../include/openssl/kssl.h
srtp.h => ../include/openssl/srtp.h
ssltest.c => ../test/ssltest.c
heartbeat_test.c => ../test/heartbeat_test.c
clienthellotest.c => ../test/clienthellotest.c
sslv2conftest.c => ../test/sslv2conftest.c
dtlstest.c => ../test/dtlstest.c
bad_dtls_test.c => ../test/bad_dtls_test.c
fatalerrtest.c => ../test/fatalerrtest.c
making links in apps...
make[1]: Nothing to be done for `links'.
making links in test...
make[1]: Nothing to be done for `links'.
making links in tools...
make[1]: Nothing to be done for `links'.
generating dummy tests (if needed)...
make[1]: Nothing to be done for `generate'.

Configured for darwin64-x86_64-cc.

*** Because of configuration changes, you MUST do the following before
*** building:

	make depend
➜  openssl-1.0.2u make -j"$(sysctl -n hw.ncpu)"
making all in crypto...
/usr/bin/perl ../util/mkbuildinf.pl "clang -arch arm64 -I. -I.. -I../include  -fPIC -fno-common -DOPENSSL_PIC -DOPENSSL_THREADS -D_REENTRANT -DDSO_DLFCN -DHAVE_DLFCN_H -arch x86_64 -O3 -DL_ENDIAN -Wall -DOPENSSL_IA32_SSE2 -DOPENSSL_BN_ASM_MONT -DOPENSSL_BN_ASM_MONT5 -DOPENSSL_BN_ASM_GF2m -DSHA1_ASM -DSHA256_ASM -DSHA512_ASM -DMD5_ASM -DAES_ASM -DVPAES_ASM -DBSAES_ASM -DWHIRLPOOL_ASM -DGHASH_ASM -DECP_NISTZ256_ASM" "darwin64-x86_64-cc" >buildinf.h
clang -arch arm64 -I. -I.. -I../include  -fPIC -fno-common -DOPENSSL_PIC -DOPENSSL_THREADS -D_REENTRANT -DDSO_DLFCN -DHAVE_DLFCN_H -arch x86_64 -O3 -DL_ENDIAN -Wall -DOPENSSL_IA32_SSE2 -DOPENSSL_BN_ASM_MONT -DOPENSSL_BN_ASM_MONT5 -DOPENSSL_BN_ASM_GF2m -DSHA1_ASM -DSHA256_ASM -DSHA512_ASM -DMD5_ASM -DAES_ASM -DVPAES_ASM -DBSAES_ASM -DWHIRLPOOL_ASM -DGHASH_ASM -DECP_NISTZ256_ASM -I/opt/homebrew/opt/libxml2/include -I/opt/homebrew/opt/libxslt/include  -c -o cryptlib.o cryptlib.c
clang -arch arm64 -I. -I.. -I../include  -fPIC -fno-common -DOPENSSL_PIC -DOPENSSL_THREADS -D_REENTRANT -DDSO_DLFCN -DHAVE_DLFCN_H -arch x86_64 -O3 -DL_ENDIAN -Wall -DOPENSSL_IA32_SSE2 -DOPENSSL_BN_ASM_MONT -DOPENSSL_BN_ASM_MONT5 -DOPENSSL_BN_ASM_GF2m -DSHA1_ASM -DSHA256_ASM -DSHA512_ASM -DMD5_ASM -DAES_ASM -DVPAES_ASM -DBSAES_ASM -DWHIRLPOOL_ASM -DGHASH_ASM -DECP_NISTZ256_ASM -I/opt/homebrew/opt/libxml2/include -I/opt/homebrew/opt/libxslt/include  -c -o mem.o mem.c
clang -arch arm64 -I. -I.. -I../include  -fPIC -fno-common -DOPENSSL_PIC -DOPENSSL_THREADS -D_REENTRANT -DDSO_DLFCN -DHAVE_DLFCN_H -arch x86_64 -O3 -DL_ENDIAN -Wall -DOPENSSL_IA32_SSE2 -DOPENSSL_BN_ASM_MONT -DOPENSSL_BN_ASM_MONT5 -DOPENSSL_BN_ASM_GF2m -DSHA1_ASM -DSHA256_ASM -DSHA512_ASM -DMD5_ASM -DAES_ASM -DVPAES_ASM -DBSAES_ASM -DWHIRLPOOL_ASM -DGHASH_ASM -DECP_NISTZ256_ASM -I/opt/homebrew/opt/libxml2/include -I/opt/homebrew/opt/libxslt/include  -c -o mem_dbg.o mem_dbg.c
clang -arch arm64 -I. -I.. -I../include  -fPIC -fno-common -DOPENSSL_PIC -DOPENSSL_THREADS -D_REENTRANT -DDSO_DLFCN -DHAVE_DLFCN_H -arch x86_64 -O3 -DL_ENDIAN -Wall -DOPENSSL_IA32_SSE2 -DOPENSSL_BN_ASM_MONT -DOPENSSL_BN_ASM_MONT5 -DOPENSSL_BN_ASM_GF2m -DSHA1_ASM -DSHA256_ASM -DSHA512_ASM -DMD5_ASM -DAES_ASM -DVPAES_ASM -DBSAES_ASM -DWHIRLPOOL_ASM -DGHASH_ASM -DECP_NISTZ256_ASM -I/opt/homebrew/opt/libxml2/include -I/opt/homebrew/opt/libxslt/include  -c -o ex_data.o ex_data.c
clang -arch arm64 -I. -I.. -I../include  -fPIC -fno-common -DOPENSSL_PIC -DOPENSSL_THREADS -D_REENTRANT -DDSO_DLFCN -DHAVE_DLFCN_H -arch x86_64 -O3 -DL_ENDIAN -Wall -DOPENSSL_IA32_SSE2 -DOPENSSL_BN_ASM_MONT -DOPENSSL_BN_ASM_MONT5 -DOPENSSL_BN_ASM_GF2m -DSHA1_ASM -DSHA256_ASM -DSHA512_ASM -DMD5_ASM -DAES_ASM -DVPAES_ASM -DBSAES_ASM -DWHIRLPOOL_ASM -DGHASH_ASM -DECP_NISTZ256_ASM -I/opt/homebrew/opt/libxml2/include -I/opt/homebrew/opt/libxslt/include  -c -o cpt_err.o cpt_err.c
clang -arch arm64 -I. -I.. -I../include  -fPIC -fno-common -DOPENSSL_PIC -DOPENSSL_THREADS -D_REENTRANT -DDSO_DLFCN -DHAVE_DLFCN_H -arch x86_64 -O3 -DL_ENDIAN -Wall -DOPENSSL_IA32_SSE2 -DOPENSSL_BN_ASM_MONT -DOPENSSL_BN_ASM_MONT5 -DOPENSSL_BN_ASM_GF2m -DSHA1_ASM -DSHA256_ASM -DSHA512_ASM -DMD5_ASM -DAES_ASM -DVPAES_ASM -DBSAES_ASM -DWHIRLPOOL_ASM -DGHASH_ASM -DECP_NISTZ256_ASM -I/opt/homebrew/opt/libxml2/include -I/opt/homebrew/opt/libxslt/include  -c -o ebcdic.o ebcdic.c
clang -arch arm64 -I. -I.. -I../include  -fPIC -fno-common -DOPENSSL_PIC -DOPENSSL_THREADS -D_REENTRANT -DDSO_DLFCN -DHAVE_DLFCN_H -arch x86_64 -O3 -DL_ENDIAN -Wall -DOPENSSL_IA32_SSE2 -DOPENSSL_BN_ASM_MONT -DOPENSSL_BN_ASM_MONT5 -DOPENSSL_BN_ASM_GF2m -DSHA1_ASM -DSHA256_ASM -DSHA512_ASM -DMD5_ASM -DAES_ASM -DVPAES_ASM -DBSAES_ASM -DWHIRLPOOL_ASM -DGHASH_ASM -DECP_NISTZ256_ASM -I/opt/homebrew/opt/libxml2/include -I/opt/homebrew/opt/libxslt/include  -c -o uid.o uid.c
clang -arch arm64 -I. -I.. -I../include  -fPIC -fno-common -DOPENSSL_PIC -DOPENSSL_THREADS -D_REENTRANT -DDSO_DLFCN -DHAVE_DLFCN_H -arch x86_64 -O3 -DL_ENDIAN -Wall -DOPENSSL_IA32_SSE2 -DOPENSSL_BN_ASM_MONT -DOPENSSL_BN_ASM_MONT5 -DOPENSSL_BN_ASM_GF2m -DSHA1_ASM -DSHA256_ASM -DSHA512_ASM -DMD5_ASM -DAES_ASM -DVPAES_ASM -DBSAES_ASM -DWHIRLPOOL_ASM -DGHASH_ASM -DECP_NISTZ256_ASM -I/opt/homebrew/opt/libxml2/include -I/opt/homebrew/opt/libxslt/include  -c -o o_time.o o_time.c
clang -arch arm64 -I. -I.. -I../include  -fPIC -fno-common -DOPENSSL_PIC -DOPENSSL_THREADS -D_REENTRANT -DDSO_DLFCN -DHAVE_DLFCN_H -arch x86_64 -O3 -DL_ENDIAN -Wall -DOPENSSL_IA32_SSE2 -DOPENSSL_BN_ASM_MONT -DOPENSSL_BN_ASM_MONT5 -DOPENSSL_BN_ASM_GF2m -DSHA1_ASM -DSHA256_ASM -DSHA512_ASM -DMD5_ASM -DAES_ASM -DVPAES_ASM -DBSAES_ASM -DWHIRLPOOL_ASM -DGHASH_ASM -DECP_NISTZ256_ASM -I/opt/homebrew/opt/libxml2/include -I/opt/homebrew/opt/libxslt/include  -c -o o_str.o o_str.c
clang -arch arm64 -I. -I.. -I../include  -fPIC -fno-common -DOPENSSL_PIC -DOPENSSL_THREADS -D_REENTRANT -DDSO_DLFCN -DHAVE_DLFCN_H -arch x86_64 -O3 -DL_ENDIAN -Wall -DOPENSSL_IA32_SSE2 -DOPENSSL_BN_ASM_MONT -DOPENSSL_BN_ASM_MONT5 -DOPENSSL_BN_ASM_GF2m -DSHA1_ASM -DSHA256_ASM -DSHA512_ASM -DMD5_ASM -DAES_ASM -DVPAES_ASM -DBSAES_ASM -DWHIRLPOOL_ASM -DGHASH_ASM -DECP_NISTZ256_ASM -I/opt/homebrew/opt/libxml2/include -I/opt/homebrew/opt/libxslt/include  -c -o o_dir.o o_dir.c
clang -arch arm64 -I. -I.. -I../include  -fPIC -fno-common -DOPENSSL_PIC -DOPENSSL_THREADS -D_REENTRANT -DDSO_DLFCN -DHAVE_DLFCN_H -arch x86_64 -O3 -DL_ENDIAN -Wall -DOPENSSL_IA32_SSE2 -DOPENSSL_BN_ASM_MONT -DOPENSSL_BN_ASM_MONT5 -DOPENSSL_BN_ASM_GF2m -DSHA1_ASM -DSHA256_ASM -DSHA512_ASM -DMD5_ASM -DAES_ASM -DVPAES_ASM -DBSAES_ASM -DWHIRLPOOL_ASM -DGHASH_ASM -DECP_NISTZ256_ASM -I/opt/homebrew/opt/libxml2/include -I/opt/homebrew/opt/libxslt/include  -c -o o_fips.o o_fips.c
clang -arch arm64 -I. -I.. -I../include  -fPIC -fno-common -DOPENSSL_PIC -DOPENSSL_THREADS -D_REENTRANT -DDSO_DLFCN -DHAVE_DLFCN_H -arch x86_64 -O3 -DL_ENDIAN -Wall -DOPENSSL_IA32_SSE2 -DOPENSSL_BN_ASM_MONT -DOPENSSL_BN_ASM_MONT5 -DOPENSSL_BN_ASM_GF2m -DSHA1_ASM -DSHA256_ASM -DSHA512_ASM -DMD5_ASM -DAES_ASM -DVPAES_ASM -DBSAES_ASM -DWHIRLPOOL_ASM -DGHASH_ASM -DECP_NISTZ256_ASM -I/opt/homebrew/opt/libxml2/include -I/opt/homebrew/opt/libxslt/include  -c -o o_init.o o_init.c
clang -arch arm64 -I. -I.. -I../include  -fPIC -fno-common -DOPENSSL_PIC -DOPENSSL_THREADS -D_REENTRANT -DDSO_DLFCN -DHAVE_DLFCN_H -arch x86_64 -O3 -DL_ENDIAN -Wall -DOPENSSL_IA32_SSE2 -DOPENSSL_BN_ASM_MONT -DOPENSSL_BN_ASM_MONT5 -DOPENSSL_BN_ASM_GF2m -DSHA1_ASM -DSHA256_ASM -DSHA512_ASM -DMD5_ASM -DAES_ASM -DVPAES_ASM -DBSAES_ASM -DWHIRLPOOL_ASM -DGHASH_ASM -DECP_NISTZ256_ASM -I/opt/homebrew/opt/libxml2/include -I/opt/homebrew/opt/libxslt/include  -c -o fips_ers.o fips_ers.c
clang -arch arm64 -I. -I.. -I../include  -fPIC -fno-common -DOPENSSL_PIC -DOPENSSL_THREADS -D_REENTRANT -DDSO_DLFCN -DHAVE_DLFCN_H -arch x86_64 -O3 -DL_ENDIAN -Wall -DOPENSSL_IA32_SSE2 -DOPENSSL_BN_ASM_MONT -DOPENSSL_BN_ASM_MONT5 -DOPENSSL_BN_ASM_GF2m -DSHA1_ASM -DSHA256_ASM -DSHA512_ASM -DMD5_ASM -DAES_ASM -DVPAES_ASM -DBSAES_ASM -DWHIRLPOOL_ASM -DGHASH_ASM -DECP_NISTZ256_ASM -I/opt/homebrew/opt/libxml2/include -I/opt/homebrew/opt/libxslt/include  -c -o getenv.o getenv.c
/usr/bin/perl x86_64cpuid.pl macosx > x86_64cpuid.s
making all in crypto/objects...
clang -arch arm64 -I. -I.. -I../include  -fPIC -fno-common -DOPENSSL_PIC -DOPENSSL_THREADS -D_REENTRANT -DDSO_DLFCN -DHAVE_DLFCN_H -arch x86_64 -O3 -DL_ENDIAN -Wall -DOPENSSL_IA32_SSE2 -DOPENSSL_BN_ASM_MONT -DOPENSSL_BN_ASM_MONT5 -DOPENSSL_BN_ASM_GF2m -DSHA1_ASM -DSHA256_ASM -DSHA512_ASM -DMD5_ASM -DAES_ASM -DVPAES_ASM -DBSAES_ASM -DWHIRLPOOL_ASM -DGHASH_ASM -DECP_NISTZ256_ASM -I/opt/homebrew/opt/libxml2/include -I/opt/homebrew/opt/libxslt/include  -c -o cversion.o cversion.c
clang -arch arm64 -I.. -I../.. -I../modes -I../asn1 -I../evp -I../../include  -fPIC -fno-common -DOPENSSL_PIC -DOPENSSL_THREADS -D_REENTRANT -DDSO_DLFCN -DHAVE_DLFCN_H -arch x86_64 -O3 -DL_ENDIAN -Wall -DOPENSSL_IA32_SSE2 -DOPENSSL_BN_ASM_MONT -DOPENSSL_BN_ASM_MONT5 -DOPENSSL_BN_ASM_GF2m -DSHA1_ASM -DSHA256_ASM -DSHA512_ASM -DMD5_ASM -DAES_ASM -DVPAES_ASM -DBSAES_ASM -DWHIRLPOOL_ASM -DGHASH_ASM -DECP_NISTZ256_ASM -I/opt/homebrew/opt/libxml2/include -I/opt/homebrew/opt/libxslt/include  -c -o o_names.o o_names.c
clang -arch arm64 -I.. -I../.. -I../modes -I../asn1 -I../evp -I../../include  -fPIC -fno-common -DOPENSSL_PIC -DOPENSSL_THREADS -D_REENTRANT -DDSO_DLFCN -DHAVE_DLFCN_H -arch x86_64 -O3 -DL_ENDIAN -Wall -DOPENSSL_IA32_SSE2 -DOPENSSL_BN_ASM_MONT -DOPENSSL_BN_ASM_MONT5 -DOPENSSL_BN_ASM_GF2m -DSHA1_ASM -DSHA256_ASM -DSHA512_ASM -DMD5_ASM -DAES_ASM -DVPAES_ASM -DBSAES_ASM -DWHIRLPOOL_ASM -DGHASH_ASM -DECP_NISTZ256_ASM -I/opt/homebrew/opt/libxml2/include -I/opt/homebrew/opt/libxslt/include  -c -o obj_dat.o obj_dat.c
clang -arch arm64 -I.. -I../.. -I../modes -I../asn1 -I../evp -I../../include  -fPIC -fno-common -DOPENSSL_PIC -DOPENSSL_THREADS -D_REENTRANT -DDSO_DLFCN -DHAVE_DLFCN_H -arch x86_64 -O3 -DL_ENDIAN -Wall -DOPENSSL_IA32_SSE2 -DOPENSSL_BN_ASM_MONT -DOPENSSL_BN_ASM_MONT5 -DOPENSSL_BN_ASM_GF2m -DSHA1_ASM -DSHA256_ASM -DSHA512_ASM -DMD5_ASM -DAES_ASM -DVPAES_ASM -DBSAES_ASM -DWHIRLPOOL_ASM -DGHASH_ASM -DECP_NISTZ256_ASM -I/opt/homebrew/opt/libxml2/include -I/opt/homebrew/opt/libxslt/include  -c -o obj_lib.o obj_lib.c
clang -arch arm64 -I.. -I../.. -I../modes -I../asn1 -I../evp -I../../include  -fPIC -fno-common -DOPENSSL_PIC -DOPENSSL_THREADS -D_REENTRANT -DDSO_DLFCN -DHAVE_DLFCN_H -arch x86_64 -O3 -DL_ENDIAN -Wall -DOPENSSL_IA32_SSE2 -DOPENSSL_BN_ASM_MONT -DOPENSSL_BN_ASM_MONT5 -DOPENSSL_BN_ASM_GF2m -DSHA1_ASM -DSHA256_ASM -DSHA512_ASM -DMD5_ASM -DAES_ASM -DVPAES_ASM -DBSAES_ASM -DWHIRLPOOL_ASM -DGHASH_ASM -DECP_NISTZ256_ASM -I/opt/homebrew/opt/libxml2/include -I/opt/homebrew/opt/libxslt/include  -c -o obj_err.o obj_err.c
clang -arch arm64 -I.. -I../.. -I../modes -I../asn1 -I../evp -I../../include  -fPIC -fno-common -DOPENSSL_PIC -DOPENSSL_THREADS -D_REENTRANT -DDSO_DLFCN -DHAVE_DLFCN_H -arch x86_64 -O3 -DL_ENDIAN -Wall -DOPENSSL_IA32_SSE2 -DOPENSSL_BN_ASM_MONT -DOPENSSL_BN_ASM_MONT5 -DOPENSSL_BN_ASM_GF2m -DSHA1_ASM -DSHA256_ASM -DSHA512_ASM -DMD5_ASM -DAES_ASM -DVPAES_ASM -DBSAES_ASM -DWHIRLPOOL_ASM -DGHASH_ASM -DECP_NISTZ256_ASM -I/opt/homebrew/opt/libxml2/include -I/opt/homebrew/opt/libxslt/include  -c -o obj_xref.o obj_xref.c
clang -arch arm64 -I. -I.. -I../include  -fPIC -fno-common -DOPENSSL_PIC -DOPENSSL_THREADS -D_REENTRANT -DDSO_DLFCN -DHAVE_DLFCN_H -arch x86_64 -O3 -DL_ENDIAN -Wall -DOPENSSL_IA32_SSE2 -DOPENSSL_BN_ASM_MONT -DOPENSSL_BN_ASM_MONT5 -DOPENSSL_BN_ASM_GF2m -DSHA1_ASM -DSHA256_ASM -DSHA512_ASM -DMD5_ASM -DAES_ASM -DVPAES_ASM -DBSAES_ASM -DWHIRLPOOL_ASM -DGHASH_ASM -DECP_NISTZ256_ASM -c  -o x86_64cpuid.o x86_64cpuid.s
x86_64cpuid.s:16:8: error: unknown token in expression
 movl (%rdi),%eax
       ^
x86_64cpuid.s:16:7: error: invalid operand
 movl (%rdi),%eax
      ^
x86_64cpuid.s:17:15: error: unknown token in expression
L$spin: leaq (%rsi,%rax,1),%r8
              ^
x86_64cpuid.s:17:14: error: invalid operand
L$spin: leaq (%rsi,%rax,1),%r8
             ^
x86_64cpuid.s:19:11: error: unknown token in expression
 cmpxchgl %r8d,(%rdi)
          ^
x86_64cpuid.s:19:11: error: invalid operand
 cmpxchgl %r8d,(%rdi)
          ^
x86_64cpuid.s:20:2: error: unrecognized instruction mnemonic, did you mean: neg?
 jne L$spin
 ^
x86_64cpuid.s:21:7: error: unknown token in expression
 movl %r8d,%eax
      ^
x86_64cpuid.s:21:7: error: invalid operand
 movl %r8d,%eax
      ^
x86_64cpuid.s:30:2: error: unrecognized instruction mnemonic
 rdtsc
 ^
x86_64cpuid.s:31:11: error: unknown token in expression
 shlq $32,%rdx
          ^
x86_64cpuid.s:31:11: error: invalid operand
 shlq $32,%rdx
          ^
x86_64cpuid.s:32:6: error: unknown token in expression
 orq %rdx,%rax
     ^
x86_64cpuid.s:32:6: error: invalid operand
 orq %rdx,%rax
     ^
x86_64cpuid.s:40:7: error: unknown token in expression
 movq %rbx,%r8
      ^
x86_64cpuid.s:40:7: error: invalid operand
 movq %rbx,%r8
      ^
x86_64cpuid.s:42:7: error: unknown token in expression
 xorl %eax,%eax
      ^
x86_64cpuid.s:42:7: error: invalid operand
 xorl %eax,%eax
      ^
x86_64cpuid.s:43:7: error: unknown token in expression
 movl %eax,8(%rdi)
      ^
x86_64cpuid.s:43:7: error: invalid operand
 movl %eax,8(%rdi)
      ^
x86_64cpuid.s:44:2: error: unrecognized instruction mnemonic
 cpuid
 ^
x86_64cpuid.s:45:7: error: unknown token in expression
 movl %eax,%r11d
      ^
x86_64cpuid.s:45:7: error: invalid operand
 movl %eax,%r11d
      ^
x86_64cpuid.s:47:7: error: unknown token in expression
 xorl %eax,%eax
      ^
x86_64cpuid.s:47:7: error: invalid operand
 xorl %eax,%eax
      ^
x86_64cpuid.s:48:19: error: unknown token in expression
 cmpl $0x756e6547,%ebx
                  ^
x86_64cpuid.s:48:19: error: invalid operand
 cmpl $0x756e6547,%ebx
                  ^
x86_64cpuid.s:49:8: error: unknown token in expression
 setne %al
       ^
x86_64cpuid.s:49:8: error: invalid operand
 setne %al
       ^
x86_64cpuid.s:50:7: error: unknown token in expression
 movl %eax,%r9d
      ^
x86_64cpuid.s:50:7: error: invalid operand
 movl %eax,%r9d
      ^
x86_64cpuid.s:51:19: error: unknown token in expression
 cmpl $0x49656e69,%edx
                  ^
x86_64cpuid.s:51:19: error: invalid operand
 cmpl $0x49656e69,%edx
                  ^
x86_64cpuid.s:52:8: error: unknown token in expression
 setne %al
       ^
x86_64cpuid.s:52:8: error: invalid operand
 setne %al
       ^
x86_64cpuid.s:53:6: error: unknown token in expression
 orl %eax,%r9d
     ^
x86_64cpuid.s:53:6: error: invalid operand
 orl %eax,%r9d
     ^
x86_64cpuid.s:54:19: error: unknown token in expression
 cmpl $0x6c65746e,%ecx
                  ^
x86_64cpuid.s:54:19: error: invalid operand
 cmpl $0x6c65746e,%ecx
                  ^
x86_64cpuid.s:55:8: error: unknown token in expression
 setne %al
       ^
x86_64cpuid.s:55:8: error: invalid operand
 setne %al
       ^
x86_64cpuid.s:56:6: error: unknown token in expression
 orl %eax,%r9d
     ^
x86_64cpuid.s:56:6: error: invalid operand
 orl %eax,%r9d
     ^
x86_64cpuid.s:57:2: error: unrecognized instruction mnemonic
 jz L$intel
 ^
x86_64cpuid.s:59:19: error: unknown token in expression
 cmpl $0x68747541,%ebx
                  ^
x86_64cpuid.s:59:19: error: invalid operand
 cmpl $0x68747541,%ebx
                  ^
x86_64cpuid.s:60:8: error: unknown token in expression
 setne %al
       ^
x86_64cpuid.s:60:8: error: invalid operand
 setne %al
       ^
x86_64cpuid.s:61:7: error: unknown token in expression
 movl %eax,%r10d
      ^
x86_64cpuid.s:61:7: error: invalid operand
 movl %eax,%r10d
      ^
x86_64cpuid.s:62:19: error: unknown token in expression
 cmpl $0x69746E65,%edx
                  ^
x86_64cpuid.s:62:19: error: invalid operand
 cmpl $0x69746E65,%edx
                  ^
x86_64cpuid.s:63:8: error: unknown token in expression
 setne %al
       ^
x86_64cpuid.s:63:8: error: invalid operand
 setne %al
       ^
x86_64cpuid.s:64:6: error: unknown token in expression
 orl %eax,%r10d
     ^
x86_64cpuid.s:64:6: error: invalid operand
 orl %eax,%r10d
     ^
x86_64cpuid.s:65:19: error: unknown token in expression
 cmpl $0x444D4163,%ecx
                  ^
x86_64cpuid.s:65:19: error: invalid operand
 cmpl $0x444D4163,%ecx
                  ^
x86_64cpuid.s:66:8: error: unknown token in expression
 setne %al
       ^
x86_64cpuid.s:66:8: error: invalid operand
 setne %al
       ^
x86_64cpuid.s:67:6: error: unknown token in expression
 orl %eax,%r10d
     ^
x86_64cpuid.s:67:6: error: invalid operand
 orl %eax,%r10d
     ^
x86_64cpuid.s:68:2: error: unrecognized instruction mnemonic
 jnz L$intel
 ^
x86_64cpuid.s:71:19: error: unknown token in expression
 movl $0x80000000,%eax
                  ^
x86_64cpuid.s:71:19: error: invalid operand
 movl $0x80000000,%eax
                  ^
x86_64cpuid.s:72:2: error: unrecognized instruction mnemonic
 cpuid
 ^
x86_64cpuid.s:73:19: error: unknown token in expression
 cmpl $0x80000001,%eax
                  ^
x86_64cpuid.s:73:19: error: invalid operand
 cmpl $0x80000001,%eax
                  ^
x86_64cpuid.s:74:2: error: unrecognized instruction mnemonic, did you mean: b, bl, br, sb?
 jb L$intel
 ^
x86_64cpuid.s:75:7: error: unknown token in expression
 movl %eax,%r10d
      ^
x86_64cpuid.s:75:7: error: invalid operand
 movl %eax,%r10d
      ^
x86_64cpuid.s:76:19: error: unknown token in expression
 movl $0x80000001,%eax
                  ^
x86_64cpuid.s:76:19: error: invalid operand
 movl $0x80000001,%eax
                  ^
x86_64cpuid.s:77:2: error: unrecognized instruction mnemonic
 cpuid
 ^
x86_64cpuid.s:78:6: error: unknown token in expression
 orl %ecx,%r9d
     ^
x86_64cpuid.s:78:6: error: invalid operand
 orl %ecx,%r9d
     ^
x86_64cpuid.s:79:19: error: unknown token in expression
 andl $0x00000801,%r9d
                  ^
x86_64cpuid.s:79:19: error: invalid operand
 andl $0x00000801,%r9d
                  ^
x86_64cpuid.s:81:19: error: unknown token in expression
 cmpl $0x80000008,%r10d
                  ^
x86_64cpuid.s:81:19: error: invalid operand
 cmpl $0x80000008,%r10d
                  ^
x86_64cpuid.s:82:2: error: unrecognized instruction mnemonic, did you mean: b, bl, br, sb?
 jb L$intel
 ^
x86_64cpuid.s:84:19: error: unknown token in expression
 movl $0x80000008,%eax
                  ^
x86_64cpuid.s:84:19: error: invalid operand
 movl $0x80000008,%eax
                  ^
x86_64cpuid.s:85:2: error: unrecognized instruction mnemonic
 cpuid
 ^
x86_64cpuid.s:86:9: error: unknown token in expression
 movzbq %cl,%r10
        ^
x86_64cpuid.s:86:9: error: invalid operand
 movzbq %cl,%r10
        ^
x86_64cpuid.s:87:7: error: unknown token in expression
 incq %r10
      ^
x86_64cpuid.s:87:7: error: invalid operand
 incq %r10
      ^
x86_64cpuid.s:89:10: error: unknown token in expression
 movl $1,%eax
         ^
x86_64cpuid.s:89:10: error: invalid operand
 movl $1,%eax
         ^
x86_64cpuid.s:90:2: error: unrecognized instruction mnemonic
 cpuid
 ^
x86_64cpuid.s:91:10: error: unknown token in expression
 btl $28,%edx
         ^
x86_64cpuid.s:91:10: error: invalid operand
 btl $28,%edx
         ^
x86_64cpuid.s:92:2: error: unrecognized instruction mnemonic, did you mean: ngc?
 jnc L$generic
 ^
x86_64cpuid.s:93:11: error: unknown token in expression
 shrl $16,%ebx
          ^
x86_64cpuid.s:93:11: error: invalid operand
 shrl $16,%ebx
          ^
x86_64cpuid.s:94:7: error: unknown token in expression
 cmpb %r10b,%bl
      ^
x86_64cpuid.s:94:7: error: invalid operand
 cmpb %r10b,%bl
      ^
x86_64cpuid.s:95:2: error: unrecognized instruction mnemonic
 ja L$generic
 ^
x86_64cpuid.s:96:19: error: unknown token in expression
 andl $0xefffffff,%edx
                  ^
x86_64cpuid.s:96:19: error: invalid operand
 andl $0xefffffff,%edx
                  ^
x86_64cpuid.s:97:2: error: unrecognized instruction mnemonic, did you mean: cmp?
 jmp L$generic
 ^
x86_64cpuid.s:100:10: error: unknown token in expression
 cmpl $4,%r11d
         ^
x86_64cpuid.s:100:10: error: invalid operand
 cmpl $4,%r11d
         ^
x86_64cpuid.s:101:7: error: invalid token in expression
 movl $-1,%r10d
      ^
x86_64cpuid.s:101:7: error: invalid operand
 movl $-1,%r10d
      ^
x86_64cpuid.s:102:2: error: unrecognized instruction mnemonic, did you mean: b, bl, br, sb?
 jb L$nocacheinfo
 ^
x86_64cpuid.s:104:10: error: unknown token in expression
 movl $4,%eax
         ^
x86_64cpuid.s:104:10: error: invalid operand
 movl $4,%eax
         ^
x86_64cpuid.s:105:10: error: unknown token in expression
 movl $0,%ecx
         ^
x86_64cpuid.s:105:10: error: invalid operand
 movl $0,%ecx
         ^
x86_64cpuid.s:106:2: error: unrecognized instruction mnemonic
 cpuid
 ^
x86_64cpuid.s:107:7: error: unknown token in expression
 movl %eax,%r10d
      ^
x86_64cpuid.s:107:7: error: invalid operand
 movl %eax,%r10d
      ^
x86_64cpuid.s:108:11: error: unknown token in expression
 shrl $14,%r10d
          ^
x86_64cpuid.s:108:11: error: invalid operand
 shrl $14,%r10d
          ^
x86_64cpuid.s:109:14: error: unknown token in expression
 andl $0xfff,%r10d
             ^
x86_64cpuid.s:109:14: error: invalid operand
 andl $0xfff,%r10d
             ^
x86_64cpuid.s:112:10: error: unknown token in expression
 movl $1,%eax
         ^
x86_64cpuid.s:112:10: error: invalid operand
 movl $1,%eax
         ^
x86_64cpuid.s:113:2: error: unrecognized instruction mnemonic
 cpuid
 ^
x86_64cpuid.s:114:19: error: unknown token in expression
 andl $0xbfefffff,%edx
                  ^
x86_64cpuid.s:114:19: error: invalid operand
 andl $0xbfefffff,%edx
                  ^
x86_64cpuid.s:115:10: error: unknown token in expression
 cmpl $0,%r9d
         ^
x86_64cpuid.s:115:10: error: invalid operand
 cmpl $0,%r9d
         ^
x86_64cpuid.s:116:2: error: unrecognized instruction mnemonic, did you mean: neg?
 jne L$notintel
 ^
x86_64cpuid.s:117:18: error: unknown token in expression
 orl $0x40000000,%edx
                 ^
x86_64cpuid.s:117:18: error: invalid operand
 orl $0x40000000,%edx
                 ^
x86_64cpuid.s:118:11: error: unknown token in expression
 andb $15,%ah
          ^
x86_64cpuid.s:118:11: error: invalid operand
 andb $15,%ah
          ^
x86_64cpuid.s:119:11: error: unknown token in expression
 cmpb $15,%ah
          ^
x86_64cpuid.s:119:11: error: invalid operand
 cmpb $15,%ah
          ^
x86_64cpuid.s:120:2: error: unrecognized instruction mnemonic, did you mean: neg?
 jne L$notP4
 ^
x86_64cpuid.s:121:18: error: unknown token in expression
 orl $0x00100000,%edx
                 ^
x86_64cpuid.s:121:18: error: invalid operand
 orl $0x00100000,%edx
                 ^
x86_64cpuid.s:123:10: error: unknown token in expression
 cmpb $6,%ah
         ^
x86_64cpuid.s:123:10: error: invalid operand
 cmpb $6,%ah
         ^
x86_64cpuid.s:124:2: error: unrecognized instruction mnemonic, did you mean: neg?
 jne L$notintel
 ^
x86_64cpuid.s:125:19: error: unknown token in expression
 andl $0x0fff0ff0,%eax
                  ^
x86_64cpuid.s:125:19: error: invalid operand
 andl $0x0fff0ff0,%eax
                  ^
x86_64cpuid.s:126:19: error: unknown token in expression
 cmpl $0x00050670,%eax
                  ^
x86_64cpuid.s:126:19: error: invalid operand
 cmpl $0x00050670,%eax
                  ^
x86_64cpuid.s:127:2: error: unrecognized instruction mnemonic
 je L$knights
 ^
x86_64cpuid.s:128:19: error: unknown token in expression
 cmpl $0x00080650,%eax
                  ^
x86_64cpuid.s:128:19: error: invalid operand
 cmpl $0x00080650,%eax
                  ^
x86_64cpuid.s:129:2: error: unrecognized instruction mnemonic, did you mean: neg?
 jne L$notintel
 ^
x86_64cpuid.s:131:19: error: unknown token in expression
 andl $0xfbffffff,%ecx
                  ^
x86_64cpuid.s:131:19: error: invalid operand
 andl $0xfbffffff,%ecx
                  ^
x86_64cpuid.s:134:10: error: unknown token in expression
 btl $28,%edx
         ^
x86_64cpuid.s:134:10: error: invalid operand
 btl $28,%edx
         ^
x86_64cpuid.s:135:2: error: unrecognized instruction mnemonic, did you mean: ngc?
 jnc L$generic
 ^
x86_64cpuid.s:136:19: error: unknown token in expression
 andl $0xefffffff,%edx
                  ^
x86_64cpuid.s:136:19: error: invalid operand
 andl $0xefffffff,%edx
                  ^
x86_64cpuid.s:137:10: error: unknown token in expression
 cmpl $0,%r10d
         ^
x86_64cpuid.s:137:10: error: invalid operand
 cmpl $0,%r10d
         ^
x86_64cpuid.s:138:2: error: unrecognized instruction mnemonic
 je L$generic
 ^
x86_64cpuid.s:140:18: error: unknown token in expression
 orl $0x10000000,%edx
                 ^
x86_64cpuid.s:140:18: error: invalid operand
 orl $0x10000000,%edx
                 ^
x86_64cpuid.s:141:11: error: unknown token in expression
 shrl $16,%ebx
          ^
x86_64cpuid.s:141:11: error: invalid operand
 shrl $16,%ebx
          ^
x86_64cpuid.s:142:10: error: unknown token in expression
 cmpb $1,%bl
         ^
x86_64cpuid.s:142:10: error: invalid operand
 cmpb $1,%bl
         ^
x86_64cpuid.s:143:2: error: unrecognized instruction mnemonic
 ja L$generic
 ^
x86_64cpuid.s:144:19: error: unknown token in expression
 andl $0xefffffff,%edx
                  ^
x86_64cpuid.s:144:19: error: invalid operand
 andl $0xefffffff,%edx
                  ^
x86_64cpuid.s:146:19: error: unknown token in expression
 andl $0x00000800,%r9d
                  ^
x86_64cpuid.s:146:19: error: invalid operand
 andl $0x00000800,%r9d
                  ^
x86_64cpuid.s:147:19: error: unknown token in expression
 andl $0xfffff7ff,%ecx
                  ^
x86_64cpuid.s:147:19: error: invalid operand
 andl $0xfffff7ff,%ecx
                  ^
x86_64cpuid.s:148:6: error: unknown token in expression
 orl %ecx,%r9d
     ^
x86_64cpuid.s:148:6: error: invalid operand
 orl %ecx,%r9d
     ^
x86_64cpuid.s:150:7: error: unknown token in expression
 movl %edx,%r10d
      ^
x86_64cpuid.s:150:7: error: invalid operand
 movl %edx,%r10d
      ^
x86_64cpuid.s:152:10: error: unknown token in expression
 cmpl $7,%r11d
         ^
x86_64cpuid.s:152:10: error: invalid operand
 cmpl $7,%r11d
         ^
x86_64cpuid.s:153:2: error: unrecognized instruction mnemonic, did you mean: b, bl, br, sb?
 jb L$no_extended_info
 ^
x86_64cpuid.s:154:10: error: unknown token in expression
 movl $7,%eax
         ^
x86_64cpuid.s:154:10: error: invalid operand
 movl $7,%eax
         ^
x86_64cpuid.s:155:7: error: unknown token in expression
 xorl %ecx,%ecx
      ^
x86_64cpuid.s:155:7: error: invalid operand
 xorl %ecx,%ecx
      ^
x86_64cpuid.s:156:2: error: unrecognized instruction mnemonic
 cpuid
 ^
x86_64cpuid.s:157:10: error: unknown token in expression
 btl $26,%r9d
         ^
x86_64cpuid.s:157:10: error: invalid operand
 btl $26,%r9d
         ^
x86_64cpuid.s:158:2: error: unrecognized instruction mnemonic
 jc L$notknights
 ^
x86_64cpuid.s:159:19: error: unknown token in expression
 andl $0xfff7ffff,%ebx
                  ^
x86_64cpuid.s:159:19: error: invalid operand
 andl $0xfff7ffff,%ebx
                  ^
x86_64cpuid.s:161:7: error: unknown token in expression
 movl %ebx,8(%rdi)
      ^
x86_64cpuid.s:161:7: error: invalid operand
 movl %ebx,8(%rdi)
      ^
x86_64cpuid.s:164:10: error: unknown token in expression
 btl $27,%r9d
         ^
x86_64cpuid.s:164:10: error: invalid operand
 btl $27,%r9d
         ^
x86_64cpuid.s:165:2: error: unrecognized instruction mnemonic, did you mean: ngc?
 jnc L$clear_avx
 ^
x86_64cpuid.s:166:7: error: unknown token in expression
 xorl %ecx,%ecx
      ^
x86_64cpuid.s:166:7: error: invalid operand
 xorl %ecx,%ecx
      ^
x86_64cpuid.s:168:10: error: unknown token in expression
 andl $6,%eax
         ^
x86_64cpuid.s:168:10: error: invalid operand
 andl $6,%eax
         ^
x86_64cpuid.s:169:10: error: unknown token in expression
 cmpl $6,%eax
         ^
x86_64cpuid.s:169:10: error: invalid operand
 cmpl $6,%eax
         ^
x86_64cpuid.s:170:2: error: unrecognized instruction mnemonic
 je L$done
 ^
x86_64cpuid.s:172:19: error: unknown token in expression
 movl $0xefffe7ff,%eax
                  ^
x86_64cpuid.s:172:19: error: invalid operand
 movl $0xefffe7ff,%eax
                  ^
x86_64cpuid.s:173:7: error: unknown token in expression
 andl %eax,%r9d
      ^
x86_64cpuid.s:173:7: error: invalid operand
 andl %eax,%r9d
      ^
x86_64cpuid.s:174:20: error: unexpected token in argument list
 andl $0xffffffdf,8(%rdi)
                   ^
x86_64cpuid.s:176:11: error: unknown token in expression
 shlq $32,%r9
          ^
x86_64cpuid.s:176:11: error: invalid operand
 shlq $32,%r9
          ^
x86_64cpuid.s:177:7: error: unknown token in expression
 movl %r10d,%eax
      ^
x86_64cpuid.s:177:7: error: invalid operand
 movl %r10d,%eax
      ^
x86_64cpuid.s:178:7: error: unknown token in expression
 movq %r8,%rbx
      ^
x86_64cpuid.s:178:7: error: invalid operand
 movq %r8,%rbx
      ^
x86_64cpuid.s:179:6: error: unknown token in expression
 orq %r9,%rax
     ^
x86_64cpuid.s:179:6: error: invalid operand
 orq %r9,%rax
     ^
x86_64cpuid.s:187:7: error: unknown token in expression
 xorq %rax,%rax
      ^
x86_64cpuid.s:187:7: error: invalid operand
 xorq %rax,%rax
      ^
x86_64cpuid.s:188:11: error: unknown token in expression
 cmpq $15,%rsi
          ^
x86_64cpuid.s:188:11: error: invalid operand
 cmpq $15,%rsi
          ^
x86_64cpuid.s:189:2: error: unrecognized instruction mnemonic
 jae L$ot
 ^
x86_64cpuid.s:190:10: error: unknown token in expression
 cmpq $0,%rsi
         ^
x86_64cpuid.s:190:10: error: invalid operand
 cmpq $0,%rsi
         ^
x86_64cpuid.s:191:2: error: unrecognized instruction mnemonic
 je L$ret
 ^
x86_64cpuid.s:193:7: error: unknown token in expression
 movb %al,(%rdi)
      ^
x86_64cpuid.s:193:7: error: invalid operand
 movb %al,(%rdi)
      ^
x86_64cpuid.s:194:10: error: unknown token in expression
 subq $1,%rsi
         ^
x86_64cpuid.s:194:10: error: invalid operand
 subq $1,%rsi
         ^
x86_64cpuid.s:195:8: error: unexpected token in argument list
 leaq 1(%rdi),%rdi
       ^
x86_64cpuid.s:196:2: error: unrecognized instruction mnemonic
 jnz L$ittle
 ^
x86_64cpuid.s:201:11: error: unknown token in expression
 testq $7,%rdi
          ^
x86_64cpuid.s:201:11: error: invalid operand
 testq $7,%rdi
          ^
x86_64cpuid.s:202:2: error: unrecognized instruction mnemonic
 jz L$aligned
 ^
x86_64cpuid.s:203:7: error: unknown token in expression
 movb %al,(%rdi)
      ^
x86_64cpuid.s:203:7: error: invalid operand
 movb %al,(%rdi)
      ^
x86_64cpuid.s:204:9: error: unexpected token in argument list
 leaq -1(%rsi),%rsi
        ^
x86_64cpuid.s:205:8: error: unexpected token in argument list
 leaq 1(%rdi),%rdi
       ^
x86_64cpuid.s:206:2: error: unrecognized instruction mnemonic, did you mean: cmp?
 jmp L$ot
 ^
x86_64cpuid.s:208:7: error: unknown token in expression
 movq %rax,(%rdi)
      ^
x86_64cpuid.s:208:7: error: invalid operand
 movq %rax,(%rdi)
      ^
x86_64cpuid.s:209:9: error: unexpected token in argument list
 leaq -8(%rsi),%rsi
        ^
x86_64cpuid.s:210:8: error: invalid token in expression
 testq $-8,%rsi
       ^
x86_64cpuid.s:210:8: error: invalid operand
 testq $-8,%rsi
       ^
x86_64cpuid.s:211:8: error: unexpected token in argument list
 leaq 8(%rdi),%rdi
       ^
x86_64cpuid.s:212:2: error: unrecognized instruction mnemonic
 jnz L$aligned
 ^
x86_64cpuid.s:213:10: error: unknown token in expression
 cmpq $0,%rsi
         ^
x86_64cpuid.s:213:10: error: invalid operand
 cmpq $0,%rsi
         ^
x86_64cpuid.s:214:2: error: unrecognized instruction mnemonic, did you mean: neg?
 jne L$ittle
 ^
x86_64cpuid.s:221:7: error: unknown token in expression
 pxor %xmm0,%xmm0
      ^
x86_64cpuid.s:221:7: error: invalid operand
 pxor %xmm0,%xmm0
      ^
x86_64cpuid.s:222:7: error: unknown token in expression
 pxor %xmm1,%xmm1
      ^
x86_64cpuid.s:222:7: error: invalid operand
 pxor %xmm1,%xmm1
      ^
x86_64cpuid.s:223:7: error: unknown token in expression
 pxor %xmm2,%xmm2
      ^
x86_64cpuid.s:223:7: error: invalid operand
 pxor %xmm2,%xmm2
      ^
x86_64cpuid.s:224:7: error: unknown token in expression
 pxor %xmm3,%xmm3
      ^
x86_64cpuid.s:224:7: error: invalid operand
 pxor %xmm3,%xmm3
      ^
x86_64cpuid.s:225:7: error: unknown token in expression
 pxor %xmm4,%xmm4
      ^
x86_64cpuid.s:225:7: error: invalid operand
 pxor %xmm4,%xmm4
      ^
x86_64cpuid.s:226:7: error: unknown token in expression
 pxor %xmm5,%xmm5
      ^
x86_64cpuid.s:226:7: error: invalid operand
 pxor %xmm5,%xmm5
      ^
x86_64cpuid.s:227:7: error: unknown token in expression
 pxor %xmm6,%xmm6
      ^
x86_64cpuid.s:227:7: error: invalid operand
 pxor %xmm6,%xmm6
      ^
x86_64cpuid.s:228:7: error: unknown token in expression
 pxor %xmm7,%xmm7
      ^
x86_64cpuid.s:228:7: error: invalid operand
 pxor %xmm7,%xmm7
      ^
x86_64cpuid.s:229:7: error: unknown token in expression
 pxor %xmm8,%xmm8
      ^
x86_64cpuid.s:229:7: error: invalid operand
 pxor %xmm8,%xmm8
      ^
x86_64cpuid.s:230:7: error: unknown token in expression
 pxor %xmm9,%xmm9
      ^
x86_64cpuid.s:230:7: error: invalid operand
 pxor %xmm9,%xmm9
      ^
x86_64cpuid.s:231:7: error: unknown token in expression
 pxor %xmm10,%xmm10
      ^
x86_64cpuid.s:231:7: error: invalid operand
 pxor %xmm10,%xmm10
      ^
x86_64cpuid.s:232:7: error: unknown token in expression
 pxor %xmm11,%xmm11
      ^
x86_64cpuid.s:232:7: error: invalid operand
 pxor %xmm11,%xmm11
      ^
x86_64cpuid.s:233:7: error: unknown token in expression
 pxor %xmm12,%xmm12
      ^
x86_64cpuid.s:233:7: error: invalid operand
 pxor %xmm12,%xmm12
      ^
x86_64cpuid.s:234:7: error: unknown token in expression
 pxor %xmm13,%xmm13
      ^
x86_64cpuid.s:234:7: error: invalid operand
 pxor %xmm13,%xmm13
      ^
x86_64cpuid.s:235:7: error: unknown token in expression
 pxor %xmm14,%xmm14
      ^
x86_64cpuid.s:235:7: error: invalid operand
 pxor %xmm14,%xmm14
      ^
x86_64cpuid.s:236:7: error: unknown token in expression
 pxor %xmm15,%xmm15
      ^
x86_64cpuid.s:236:7: error: invalid operand
 pxor %xmm15,%xmm15
      ^
x86_64cpuid.s:237:7: error: unknown token in expression
 xorq %rcx,%rcx
      ^
x86_64cpuid.s:237:7: error: invalid operand
 xorq %rcx,%rcx
      ^
x86_64cpuid.s:238:7: error: unknown token in expression
 xorq %rdx,%rdx
      ^
x86_64cpuid.s:238:7: error: invalid operand
 xorq %rdx,%rdx
      ^
x86_64cpuid.s:239:7: error: unknown token in expression
 xorq %rsi,%rsi
      ^
x86_64cpuid.s:239:7: error: invalid operand
 xorq %rsi,%rsi
      ^
x86_64cpuid.s:240:7: error: unknown token in expression
 xorq %rdi,%rdi
      ^
x86_64cpuid.s:240:7: error: invalid operand
 xorq %rdi,%rdi
      ^
x86_64cpuid.s:241:7: error: unknown token in expression
 xorq %r8,%r8
      ^
x86_64cpuid.s:241:7: error: invalid operand
 xorq %r8,%r8
      ^
x86_64cpuid.s:242:7: error: unknown token in expression
 xorq %r9,%r9
      ^
x86_64cpuid.s:242:7: error: invalid operand
 xorq %r9,%r9
      ^
x86_64cpuid.s:243:7: error: unknown token in expression
 xorq %r10,%r10
      ^
x86_64cpuid.s:243:7: error: invalid operand
 xorq %r10,%r10
      ^
x86_64cpuid.s:244:7: error: unknown token in expression
 xorq %r11,%r11
      ^
x86_64cpuid.s:244:7: error: invalid operand
 xorq %r11,%r11
      ^
x86_64cpuid.s:245:8: error: unexpected token in argument list
 leaq 8(%rsp),%rax
       ^
x86_64cpuid.s:252:10: error: unknown token in expression
 movl $8,%ecx
         ^
x86_64cpuid.s:252:10: error: invalid operand
 movl $8,%ecx
         ^
x86_64cpuid.s:255:2: error: unrecognized instruction mnemonic
 jc L$break_rdrand
 ^
x86_64cpuid.s:256:2: error: unrecognized instruction mnemonic
 loop L$oop_rdrand
 ^
x86_64cpuid.s:258:10: error: unknown token in expression
 cmpq $0,%rax
         ^
x86_64cpuid.s:258:10: error: invalid operand
 cmpq $0,%rax
         ^
x86_64cpuid.s:259:9: error: unknown token in expression
 cmoveq %rcx,%rax
        ^
x86_64cpuid.s:259:9: error: invalid operand
 cmoveq %rcx,%rax
        ^
x86_64cpuid.s:267:10: error: unknown token in expression
 movl $8,%ecx
         ^
x86_64cpuid.s:267:10: error: invalid operand
 movl $8,%ecx
         ^
x86_64cpuid.s:270:2: error: unrecognized instruction mnemonic
 jc L$break_rdseed
 ^
x86_64cpuid.s:271:2: error: unrecognized instruction mnemonic
 loop L$oop_rdseed
 ^
x86_64cpuid.s:273:10: error: unknown token in expression
 cmpq $0,%rax
         ^
x86_64cpuid.s:273:10: error: invalid operand
 cmpq $0,%rax
         ^
x86_64cpuid.s:274:9: error: unknown token in expression
 cmoveq %rcx,%rax
        ^
x86_64cpuid.s:274:9: error: invalid operand
 cmoveq %rcx,%rax
        ^
make[1]: *** [x86_64cpuid.o] Error 1
make[1]: *** Waiting for unfinished jobs....
ar  r ../../libcrypto.a o_names.o obj_dat.o obj_lib.o obj_err.o obj_xref.o
ar: creating archive ../../libcrypto.a
/usr/bin/ranlib ../../libcrypto.a || echo Never mind.
making all in crypto/md4...
clang -arch arm64 -I.. -I../.. -I../modes -I../asn1 -I../evp -I../../include  -fPIC -fno-common -DOPENSSL_PIC -DOPENSSL_THREADS -D_REENTRANT -DDSO_DLFCN -DHAVE_DLFCN_H -arch x86_64 -O3 -DL_ENDIAN -Wall -DOPENSSL_IA32_SSE2 -DOPENSSL_BN_ASM_MONT -DOPENSSL_BN_ASM_MONT5 -DOPENSSL_BN_ASM_GF2m -DSHA1_ASM -DSHA256_ASM -DSHA512_ASM -DMD5_ASM -DAES_ASM -DVPAES_ASM -DBSAES_ASM -DWHIRLPOOL_ASM -DGHASH_ASM -DECP_NISTZ256_ASM -I/opt/homebrew/opt/libxml2/include -I/opt/homebrew/opt/libxslt/include  -c -o md4_dgst.o md4_dgst.c
clang -arch arm64 -I.. -I../.. -I../modes -I../asn1 -I../evp -I../../include  -fPIC -fno-common -DOPENSSL_PIC -DOPENSSL_THREADS -D_REENTRANT -DDSO_DLFCN -DHAVE_DLFCN_H -arch x86_64 -O3 -DL_ENDIAN -Wall -DOPENSSL_IA32_SSE2 -DOPENSSL_BN_ASM_MONT -DOPENSSL_BN_ASM_MONT5 -DOPENSSL_BN_ASM_GF2m -DSHA1_ASM -DSHA256_ASM -DSHA512_ASM -DMD5_ASM -DAES_ASM -DVPAES_ASM -DBSAES_ASM -DWHIRLPOOL_ASM -DGHASH_ASM -DECP_NISTZ256_ASM -I/opt/homebrew/opt/libxml2/include -I/opt/homebrew/opt/libxslt/include  -c -o md4_one.o md4_one.c
ar  r ../../libcrypto.a md4_dgst.o md4_one.o
ar: ../../libcrypto.a is a fat file (use libtool(1) or lipo(1) and ar(1) on it)
ar: ../../libcrypto.a: Inappropriate file type or format
make[2]: *** [lib] Error 1
make[1]: *** [subdirs] Error 1
make: *** [build_crypto] Error 1
➜  openssl-1.0.2u make clean
rm -f *.map *.so *.so.* *.dylib *.dll engines/*.so engines/*.dll engines/*.dylib *.a engines/*.a */lib */*/lib
rm -f shlib/*.o *.o core a.out fluff rehash.time testlog make.log cctest cctest.c
making clean in crypto...
rm -f buildinf.h *.s *.o */*.o *.obj lib tags core .pure .nfs* *.old *.bak fluff
making clean in crypto/objects...
rm -f *.o *.obj lib tags core .pure .nfs* *.old *.bak fluff
making clean in crypto/md4...
rm -f asm/mx86unix.cpp *.o asm/*.o *.obj lib tags core .pure .nfs* *.old *.bak fluff
making clean in crypto/md5...
rm -f *.s *.S *.o *.obj lib tags core .pure .nfs* *.old *.bak fluff
making clean in crypto/sha...
rm -f *.s *.S *.o *.obj lib tags core .pure .nfs* *.old *.bak fluff
making clean in crypto/mdc2...
rm -f *.o *.obj lib tags core .pure .nfs* *.old *.bak fluff
making clean in crypto/hmac...
rm -f *.o *.obj lib tags core .pure .nfs* *.old *.bak fluff
making clean in crypto/ripemd...
rm -f *.s *.o *.obj lib tags core .pure .nfs* *.old *.bak fluff
making clean in crypto/whrlpool...
rm -f *.s *.o *.obj lib tags core .pure .nfs* *.old *.bak fluff
making clean in crypto/des...
rm -f *.s *.S *.o *.obj des lib tags core .pure .nfs* *.old *.bak fluff
making clean in crypto/aes...
rm -f *.s *.S *.o *.obj lib tags core .pure .nfs* *.old *.bak fluff
making clean in crypto/rc2...
rm -f *.o *.obj lib tags core .pure .nfs* *.old *.bak fluff
making clean in crypto/rc4...
rm -f *.s *.S *.o *.obj lib tags core .pure .nfs* *.old *.bak fluff
making clean in crypto/idea...
rm -f *.o *.obj lib tags core .pure .nfs* *.old *.bak fluff
making clean in crypto/bf...
rm -f *.s *.o *.obj lib tags core .pure .nfs* *.old *.bak fluff
making clean in crypto/cast...
rm -f *.s *.o *.obj lib tags core .pure .nfs* *.old *.bak fluff
making clean in crypto/camellia...
rm -f *.s *.o *.obj lib tags core .pure .nfs* *.old *.bak fluff
making clean in crypto/seed...
rm -f *.o *.obj lib tags core .pure .nfs* *.old *.bak fluff
making clean in crypto/modes...
rm -f *.s *.S *.o */*.o *.obj lib tags core .pure .nfs* *.old *.bak fluff
making clean in crypto/bn...
rm -f *.s *.S *.o *.obj lib tags core .pure .nfs* *.old *.bak fluff
making clean in crypto/ec...
rm -f *.s *.o */*.o *.obj lib tags core .pure .nfs* *.old *.bak fluff
making clean in crypto/rsa...
rm -f *.o */*.o *.obj lib tags core .pure .nfs* *.old *.bak fluff
making clean in crypto/dsa...
rm -f *.o */*.o *.obj lib tags core .pure .nfs* *.old *.bak fluff
making clean in crypto/ecdsa...
rm -f *.o */*.o *.obj lib tags core .pure .nfs* *.old *.bak fluff
making clean in crypto/dh...
rm -f *.o */*.o *.obj lib tags core .pure .nfs* *.old *.bak fluff
making clean in crypto/ecdh...
rm -f *.o */*.o *.obj lib tags core .pure .nfs* *.old *.bak fluff
making clean in crypto/dso...
rm -f *.o */*.o *.obj lib tags core .pure .nfs* *.old *.bak fluff
making clean in crypto/buffer...
rm -f *.o *.obj lib tags core .pure .nfs* *.old *.bak fluff
making clean in crypto/bio...
rm -f *.o *.obj lib tags core .pure .nfs* *.old *.bak fluff
making clean in crypto/stack...
rm -f *.o *.obj lib tags core .pure .nfs* *.old *.bak fluff
making clean in crypto/lhash...
rm -f *.o *.obj lib tags core .pure .nfs* *.old *.bak fluff
making clean in crypto/rand...
rm -f *.o *.obj lib tags core .pure .nfs* *.old *.bak fluff
making clean in crypto/err...
rm -f *.o *.obj lib tags core .pure .nfs* *.old *.bak fluff
making clean in crypto/evp...
rm -f *.o *.obj lib tags core .pure .nfs* *.old *.bak fluff
making clean in crypto/asn1...
rm -f *.o *.obj lib tags core .pure .nfs* *.old *.bak fluff
making clean in crypto/pem...
rm -f *.o *.obj lib tags core .pure .nfs* *.old *.bak fluff
making clean in crypto/x509...
rm -f *.o *.obj lib tags core .pure .nfs* *.old *.bak fluff
making clean in crypto/x509v3...
rm -f *.o *.obj lib tags core .pure .nfs* *.old *.bak fluff
making clean in crypto/conf...
rm -f *.o *.obj lib tags core .pure .nfs* *.old *.bak fluff
making clean in crypto/txt_db...
rm -f *.o *.obj lib tags core .pure .nfs* *.old *.bak fluff
making clean in crypto/pkcs7...
rm -f *.o *.obj lib tags core .pure .nfs* *.old *.bak fluff enc dec sign verify
making clean in crypto/pkcs12...
rm -f *.o *.obj lib tags core .pure .nfs* *.old *.bak fluff
making clean in crypto/ocsp...
rm -f *.o *.obj lib tags core .pure .nfs* *.old *.bak fluff
making clean in crypto/ui...
rm -f *.o */*.o *.obj lib tags core .pure .nfs* *.old *.bak fluff
making clean in crypto/krb5...
rm -f *.o *.obj lib tags core .pure .nfs* *.old *.bak fluff
making clean in crypto/cms...
rm -f *.o *.obj lib tags core .pure .nfs* *.old *.bak fluff
making clean in crypto/pqueue...
rm -f *.o *.obj lib tags core .pure .nfs* *.old *.bak fluff
making clean in crypto/ts...
rm -f *.o *.obj lib tags core .pure .nfs* *.old *.bak fluff enc dec sign verify
making clean in crypto/srp...
rm -f *.o *.obj lib tags core .pure .nfs* *.old *.bak fluff
making clean in crypto/cmac...
rm -f *.o *.obj lib tags core .pure .nfs* *.old *.bak fluff
making clean in ssl...
rm -f *.o *.obj lib tags core .pure .nfs* *.old *.bak fluff
making clean in apps...
rm -f *.o *.obj *.dll lib tags core .pure .nfs* *.old *.bak fluff openssl
rm -f req
making clean in test...
rm -f .rnd tmp.bntest tmp.bctest *.o *.obj *.dll lib tags core .pure .nfs* *.old *.bak fluff bntest ectest  ecdsatest ecdhtest ideatest md2test  md4test md5test hmactest wp_test rc2test rc4test rc5test destest shatest sha1test sha256t sha512t mdc2test rmdtest randtest dhtest enginetest bftest casttest ssltest exptest dsatest rsa_test evp_test evp_extra_test igetest jpaketest srptest asn1test v3nametest heartbeat_test constant_time_test verify_extra_test clienthellotest sslv2conftest dtlstest bad_dtls_test fatalerrtest x509_time_test *.ss *.srl log dummytest
making clean in tools...
rm -f *.o *.obj lib tags core .pure .nfs* *.old *.bak fluff
rm -f libcrypto.a libssl.a
rm -f openssl.pc libssl.pc libcrypto.pc
rm -f speed.* .pure
rm -f ../openssl-1.0.2u.tar
➜  openssl-1.0.2u export CC=clang
➜  openssl-1.0.2u export CFLAGS="-arch arm64"
➜  openssl-1.0.2u ./Configure darwin64-x86_64-cc no-asm shared --prefix="$HOME/openssl-1.0.2u" no-ssl2 no-ssl3 no-comp no-hw no-engine
➜  openssl-1.0.2u
